,name,url,cr,type,size,ac,hp,speed,align,legendary,source,str,dex,con,int,wis,cha,legendary_missing,str_missing,dex_missing,con_missing,int_missing,wis_missing,cha_missing
0,aarakocra,https://www.aidedd.org/dnd/monstres.php?vo=aarakocra,1,humanoid (aarakocra),Medium,12,13,fly,neutral good,0,Monster Manual (BR),10.0,14.0,10.0,11.0,12.0,11.0,1,0,0,0,0,0,0
1,abjurer,,12,humanoid (any race),Medium,12,84,,any alignment,0,Volo's Guide to Monsters,-1.0,-1.0,-1.0,-1.0,-1.0,-1.0,1,1,1,1,1,1,1
2,aboleth,https://www.aidedd.org/dnd/monstres.php?vo=aboleth,13,aberration,Large,17,135,swim,lawful evil,1,Monster Manual (SRD),21.0,9.0,15.0,18.0,15.0,18.0,0,0,0,0,0,0,0
3,abominable-yeti,,12,monstrosity,Huge,15,137,,chaotic evil,0,Monster Manual,-1.0,-1.0,-1.0,-1.0,-1.0,-1.0,1,1,1,1,1,1,1
4,acererak,,26,undead,Medium,21,285,,neutral evil,0,Adventures (Tomb of Annihilation),-1.0,-1.0,-1.0,-1.0,-1.0,-1.0,1,1,1,1,1,1,1
5,acolyte,https://www.aidedd.org/dnd/monstres.php?vo=acolyte,1,humanoid (any race),Medium,10,9,,any alignment,0,Monster Manual (SRD),10.0,10.0,10.0,10.0,14.0,11.0,1,0,0,0,0,0,0
6,adult-black-dragon,https://www.aidedd.org/dnd/monstres.php?vo=adult-black-dragon,17,dragon,Huge,19,195,"fly, swim",chaotic evil,1,Monster Manual (SRD),23.0,14.0,21.0,14.0,13.0,17.0,0,0,0,0,0,0,0
7,adult-blue-dracolich,,20,undead,Huge,19,225,fly,lawful evil,1,Monster Manual,-1.0,-1.0,-1.0,-1.0,-1.0,-1.0,0,1,1,1,1,1,1
8,adult-blue-dragon,https://www.aidedd.org/dnd/monstres.php?vo=adult-blue-dragon,19,dragon,Huge,19,225,fly,lawful evil,1,Monster Manual (SRD),25.0,10.0,23.0,16.0,15.0,19.0,0,0,0,0,0,0,0
9,adult-brass-dragon,https://www.aidedd.org/dnd/monstres.php?vo=adult-brass-dragon,16,dragon,Huge,18,172,fly,chaotic good,1,Monster Manual (SRD),23.0,10.0,21.0,14.0,13.0,17.0,0,0,0,0,0,0,0
10,adult-bronze-dragon,https://www.aidedd.org/dnd/monstres.php?vo=adult-bronze-dragon,18,dragon,Huge,19,212,"fly, swim",lawful good,1,Monster Manual (SRD),25.0,10.0,23.0,16.0,15.0,19.0,0,0,0,0,0,0,0
11,adult-copper-dragon,https://www.aidedd.org/dnd/monstres.php?vo=adult-copper-dragon,17,dragon,Huge,18,184,fly,chaotic good,1,Monster Manual (SRD),23.0,12.0,21.0,18.0,15.0,17.0,0,0,0,0,0,0,0
12,adult-gold-dragon,https://www.aidedd.org/dnd/monstres.php?vo=adult-gold-dragon,20,dragon,Huge,19,256,"fly, swim",lawful good,1,Monster Manual (SRD),27.0,14.0,25.0,16.0,15.0,24.0,0,0,0,0,0,0,0
13,adult-green-dragon,https://www.aidedd.org/dnd/monstres.php?vo=adult-green-dragon,18,dragon,Huge,19,207,"fly, swim",lawful evil,1,Monster Manual (SRD),23.0,12.0,21.0,18.0,15.0,17.0,0,0,0,0,0,0,0
14,adult-kruthik,,5,monstrosity,Medium,18,39,,unaligned,0,Mordenkainen's Tome of Foes,-1.0,-1.0,-1.0,-1.0,-1.0,-1.0,1,1,1,1,1,1,1
15,adult-oblex,,8,ooze,Medium,14,75,,lawful evil,0,Mordenkainen's Tome of Foes,-1.0,-1.0,-1.0,-1.0,-1.0,-1.0,1,1,1,1,1,1,1
16,adult-red-dragon,https://www.aidedd.org/dnd/monstres.php?vo=adult-red-dragon,20,dragon,Huge,19,256,fly,chaotic evil,1,Monster Manual (SRD),27.0,10.0,25.0,16.0,13.0,21.0,0,0,0,0,0,0,0
17,adult-silver-dragon,https://www.aidedd.org/dnd/monstres.php?vo=adult-silver-dragon,19,dragon,Huge,19,243,fly,lawful good,1,Monster Manual (SRD),27.0,10.0,25.0,16.0,13.0,21.0,0,0,0,0,0,0,0
18,adult-white-dragon,https://www.aidedd.org/dnd/monstres.php?vo=adult-white-dragon,16,dragon,Huge,18,200,"fly, swim",chaotic evil,1,Monster Manual (SRD),22.0,10.0,22.0,8.0,12.0,12.0,0,0,0,0,0,0,0
19,air-elemental,https://www.aidedd.org/dnd/monstres.php?vo=air-elemental,8,elemental,Large,15,90,fly,neutral,0,Monster Manual (SRD),14.0,20.0,14.0,6.0,10.0,6.0,1,0,0,0,0,0,0
20,air-elemental-myrmidon,,10,elemental,Medium,18,117,fly,neutral,0,Mordenkainen's Tome of Foes,-1.0,-1.0,-1.0,-1.0,-1.0,-1.0,1,1,1,1,1,1,1
21,albino-dwarf-warrior,,1,humanoid (dwarf),Medium,13,30,,any alignment,0,Adventures (Tomb of Annihilation),-1.0,-1.0,-1.0,-1.0,-1.0,-1.0,1,1,1,1,1,1,1
22,aldani,,4,monstrosity,Medium,0,0,swim,lawful neutral,0,Adventures (Tomb of Annihilation),-1.0,-1.0,-1.0,-1.0,-1.0,-1.0,1,1,1,1,1,1,1
23,alhoon,,13,undead,Medium,15,120,,any evil alignment,0,Volo's Guide to Monsters,-1.0,-1.0,-1.0,-1.0,-1.0,-1.0,1,1,1,1,1,1,1
24,alkilith,,14,fiend (demon),Medium,17,157,,chaotic evil,0,Mordenkainen's Tome of Foes,-1.0,-1.0,-1.0,-1.0,-1.0,-1.0,1,1,1,1,1,1,1
25,allip,,8,undead,Medium,13,40,fly,neutral evil,0,Mordenkainen's Tome of Foes,-1.0,-1.0,-1.0,-1.0,-1.0,-1.0,1,1,1,1,1,1,1
26,allosaurus,https://www.aidedd.org/dnd/monstres.php?vo=allosaurus,5,beast,Large,13,51,,unaligned,0,Monster Manual (SRD),19.0,13.0,17.0,2.0,12.0,5.0,1,0,0,0,0,0,0
27,ambush-drake,,2,dragon,Medium,13,22,,unaligned,0,Adventures (Tyranny of Dragons),-1.0,-1.0,-1.0,-1.0,-1.0,-1.0,1,1,1,1,1,1,1
28,amnizu,,21,fiend (devil),Medium,21,202,fly,lawful evil,0,Mordenkainen's Tome of Foes,-1.0,-1.0,-1.0,-1.0,-1.0,-1.0,1,1,1,1,1,1,1
29,ancient-black-dragon,https://www.aidedd.org/dnd/monstres.php?vo=ancient-black-dragon,24,dragon,Gargantuan,22,367,"fly, swim",chaotic evil,1,Monster Manual (SRD),27.0,14.0,25.0,16.0,15.0,19.0,0,0,0,0,0,0,0
30,ancient-blue-dragon,https://www.aidedd.org/dnd/monstres.php?vo=ancient-blue-dragon,26,dragon,Gargantuan,22,481,fly,lawful evil,1,Monster Manual (SRD),29.0,10.0,27.0,18.0,17.0,21.0,0,0,0,0,0,0,0
31,ancient-brass-dragon,https://www.aidedd.org/dnd/monstres.php?vo=ancient-brass-dragon,23,dragon,Gargantuan,20,297,fly,chaotic good,1,Monster Manual (SRD),27.0,10.0,25.0,16.0,15.0,19.0,0,0,0,0,0,0,0
32,ancient-bronze-dragon,https://www.aidedd.org/dnd/monstres.php?vo=ancient-bronze-dragon,25,dragon,Gargantuan,22,444,"fly, swim",lawful good,1,Monster Manual (SRD),29.0,10.0,27.0,18.0,17.0,21.0,0,0,0,0,0,0,0
33,ancient-copper-dragon,https://www.aidedd.org/dnd/monstres.php?vo=ancient-copper-dragon,24,dragon,Gargantuan,21,350,fly,chaotic good,1,Monster Manual (SRD),27.0,12.0,25.0,20.0,17.0,19.0,0,0,0,0,0,0,0
34,ancient-gold-dragon,https://www.aidedd.org/dnd/monstres.php?vo=ancient-gold-dragon,27,dragon,Gargantuan,22,546,"fly, swim",lawful good,1,Monster Manual (SRD),30.0,14.0,29.0,18.0,17.0,28.0,0,0,0,0,0,0,0
35,ancient-green-dragon,https://www.aidedd.org/dnd/monstres.php?vo=ancient-green-dragon,25,dragon,Gargantuan,21,385,"fly, swim",lawful evil,1,Monster Manual (SRD),27.0,12.0,25.0,20.0,17.0,19.0,0,0,0,0,0,0,0
36,ancient-red-dragon,https://www.aidedd.org/dnd/monstres.php?vo=ancient-red-dragon,27,dragon,Gargantuan,22,546,fly,chaotic evil,1,Monster Manual (SRD),30.0,10.0,29.0,18.0,15.0,23.0,0,0,0,0,0,0,0
37,ancient-shadow,https://www.aidedd.org/dnd/monstres.php?vo=ancient-shadow,4,undead,Medium,13,32,,chaotic evil,0,Extra (AideDD),6.0,16.0,14.0,6.0,10.0,8.0,1,0,0,0,0,0,0
38,ancient-silver-dragon,https://www.aidedd.org/dnd/monstres.php?vo=ancient-silver-dragon,26,dragon,Gargantuan,22,487,fly,lawful good,1,Monster Manual (SRD),30.0,10.0,29.0,18.0,15.0,23.0,0,0,0,0,0,0,0
39,ancient-white-dragon,https://www.aidedd.org/dnd/monstres.php?vo=ancient-white-dragon,23,dragon,Gargantuan,20,333,"fly, swim",chaotic evil,1,Monster Manual (SRD),26.0,10.0,26.0,10.0,13.0,14.0,0,0,0,0,0,0,0
40,androsphinx,https://www.aidedd.org/dnd/monstres.php?vo=androsphinx,20,monstrosity,Large,17,199,fly,lawful neutral,1,Monster Manual (SRD),22.0,10.0,20.0,16.0,18.0,23.0,0,0,0,0,0,0,0
41,animated-armor,https://www.aidedd.org/dnd/monstres.php?vo=animated-armor,4,construct,Medium,18,33,,unaligned,0,Monster Manual (SRD),14.0,11.0,13.0,1.0,3.0,1.0,1,0,0,0,0,0,0
42,ankheg,https://www.aidedd.org/dnd/monstres.php?vo=ankheg,5,monstrosity,Large,14,39,,unaligned,0,Monster Manual (SRD),17.0,11.0,13.0,1.0,13.0,6.0,1,0,0,0,0,0,0
43,ankylosaurus,https://www.aidedd.org/dnd/monstres.php?vo=ankylosaurus,6,beast,Huge,15,68,,unaligned,0,Monster Manual (SRD),19.0,11.0,15.0,2.0,12.0,5.0,1,0,0,0,0,0,0
44,annis-hag,https://www.aidedd.org/dnd/monstres.php?vo=annis-hag,9,fey,Large,17,75,,chaotic evil,0,Volo's Guide to Monsters,21.0,12.0,14.0,13.0,14.0,15.0,1,0,0,0,0,0,0
45,ape,https://www.aidedd.org/dnd/monstres.php?vo=ape,2,beast,Medium,12,19,,unaligned,0,Monster Manual (SRD),16.0,14.0,14.0,6.0,12.0,7.0,1,0,0,0,0,0,0
46,apprentice-wizard,,1,humanoid (any race),Medium,10,9,,any alignment,0,Volo's Guide to Monsters,-1.0,-1.0,-1.0,-1.0,-1.0,-1.0,1,1,1,1,1,1,1
47,arcanaloth,,15,fiend (yugoloth),Medium,17,104,fly,neutral evil,0,Monster Manual,-1.0,-1.0,-1.0,-1.0,-1.0,-1.0,1,1,1,1,1,1,1
48,archdruid,,15,humanoid (any race),Medium,16,132,,any alignment,0,Volo's Guide to Monsters,-1.0,-1.0,-1.0,-1.0,-1.0,-1.0,1,1,1,1,1,1,1
49,archer,,6,humanoid (any race),Medium,16,75,,any alignment,0,Volo's Guide to Monsters,-1.0,-1.0,-1.0,-1.0,-1.0,-1.0,1,1,1,1,1,1,1
50,archmage,https://www.aidedd.org/dnd/monstres.php?vo=archmage,15,humanoid (any race),Medium,12,99,,any alignment,0,Monster Manual (SRD),10.0,14.0,12.0,20.0,15.0,16.0,1,0,0,0,0,0,0
51,armanite,,10,fiend (demon),Large,16,84,,chaotic evil,0,Mordenkainen's Tome of Foes,-1.0,-1.0,-1.0,-1.0,-1.0,-1.0,1,1,1,1,1,1,1
52,assassin,https://www.aidedd.org/dnd/monstres.php?vo=assassin,11,humanoid (any race),Medium,15,78,,any non-good alignment,0,Monster Manual (SRD),11.0,16.0,14.0,13.0,11.0,10.0,1,0,0,0,0,0,0
53,assassin-vine,,6,plant,Large,13,85,,unaligned,0,Adventures (Tomb of Annihilation),-1.0,-1.0,-1.0,-1.0,-1.0,-1.0,1,1,1,1,1,1,1
54,astral-dreadnought,https://www.aidedd.org/dnd/monstres.php?vo=astral-dreadnought,24,monstrosity (titan),Gargantuan,20,297,fly,unaligned,1,Mordenkainen's Tome of Foes,28.0,7.0,25.0,5.0,14.0,18.0,0,0,0,0,0,0,0
55,atropal,,16,undead (titan),Huge,7,225,fly,neutral evil,0,Adventures (Tomb of Annihilation),-1.0,-1.0,-1.0,-1.0,-1.0,-1.0,1,1,1,1,1,1,1
56,aurochs,https://www.aidedd.org/dnd/monstres.php?vo=aurochs,5,beast,Large,11,38,,unaligned,0,Volo's Guide to Monsters,20.0,10.0,19.0,2.0,12.0,5.0,1,0,0,0,0,0,0
57,autumn-eladrin,,13,fey (elf),Medium,19,127,,chaotic neutral,0,Mordenkainen's Tome of Foes,-1.0,-1.0,-1.0,-1.0,-1.0,-1.0,1,1,1,1,1,1,1
58,awakened-shrub,https://www.aidedd.org/dnd/monstres.php?vo=awakened-shrub,3,plant,Small,9,10,,unaligned,0,Monster Manual (SRD),3.0,8.0,11.0,10.0,10.0,6.0,1,0,0,0,0,0,0
59,awakened-tree,https://www.aidedd.org/dnd/monstres.php?vo=awakened-tree,5,plant,Huge,13,59,,unaligned,0,Monster Manual (SRD),19.0,6.0,15.0,10.0,10.0,7.0,1,0,0,0,0,0,0
60,axe-beak,https://www.aidedd.org/dnd/monstres.php?vo=axe-beak,1,beast,Large,11,19,,unaligned,0,Monster Manual (SRD),14.0,12.0,12.0,2.0,10.0,5.0,1,0,0,0,0,0,0
61,azer,https://www.aidedd.org/dnd/monstres.php?vo=azer,5,elemental,Medium,17,39,,lawful neutral,0,Monster Manual (SRD),17.0,12.0,15.0,12.0,13.0,10.0,1,0,0,0,0,0,0
62,babau,,7,fiend (demon),Medium,16,82,,chaotic evil,0,Volo's Guide to Monsters,-1.0,-1.0,-1.0,-1.0,-1.0,-1.0,1,1,1,1,1,1,1
63,baboon,https://www.aidedd.org/dnd/monstres.php?vo=baboon,3,beast,Small,12,3,,unaligned,0,Monster Manual (SRD),8.0,14.0,11.0,4.0,12.0,6.0,1,0,0,0,0,0,0
64,badger,https://www.aidedd.org/dnd/monstres.php?vo=badger,3,beast,Tiny,10,3,,unaligned,0,Monster Manual (SRD),4.0,11.0,12.0,2.0,12.0,5.0,1,0,0,0,0,0,0
65,bael,,22,fiend (devil),Large,18,189,,lawful evil,0,Mordenkainen's Tome of Foes,-1.0,-1.0,-1.0,-1.0,-1.0,-1.0,1,1,1,1,1,1,1
66,balhannoth,,14,aberration,Large,17,114,,chaotic evil,0,Mordenkainen's Tome of Foes,-1.0,-1.0,-1.0,-1.0,-1.0,-1.0,1,1,1,1,1,1,1
67,balor,https://www.aidedd.org/dnd/monstres.php?vo=balor,22,fiend (demon),Huge,19,262,fly,chaotic evil,0,Monster Manual (SRD),26.0,15.0,22.0,20.0,16.0,22.0,1,0,0,0,0,0,0
68,banderhobb,,8,monstrosity,Large,15,84,,neutral evil,0,Volo's Guide to Monsters,-1.0,-1.0,-1.0,-1.0,-1.0,-1.0,1,1,1,1,1,1,1
69,bandit,https://www.aidedd.org/dnd/monstres.php?vo=bandit,0,humanoid (any race),Medium,12,11,,any non-lawful alignment,0,Monster Manual (SRD),11.0,12.0,12.0,10.0,10.0,10.0,1,0,0,0,0,0,0
70,bandit-captain,https://www.aidedd.org/dnd/monstres.php?vo=bandit-captain,5,humanoid (any race),Medium,15,65,,any non-lawful alignment,0,Monster Manual (SRD),15.0,16.0,14.0,14.0,11.0,14.0,1,0,0,0,0,0,0
71,banshee,https://www.aidedd.org/dnd/monstres.php?vo=banshee,7,undead,Medium,12,58,fly,chaotic evil,0,Monster Manual (SRD),1.0,14.0,10.0,12.0,11.0,17.0,1,0,0,0,0,0,0
72,baphomet,,26,fiend (demon),Huge,22,275,,chaotic evil,0,Mordenkainen's Tome of Foes,-1.0,-1.0,-1.0,-1.0,-1.0,-1.0,1,1,1,1,1,1,1
73,barbed-devil,https://www.aidedd.org/dnd/monstres.php?vo=barbed-devil,8,fiend (devil),Medium,15,110,,lawful evil,0,Monster Manual (SRD),16.0,17.0,18.0,12.0,14.0,14.0,1,0,0,0,0,0,0
74,bard,,5,humanoid (any race),Medium,15,44,,any alignment,0,Volo's Guide to Monsters,-1.0,-1.0,-1.0,-1.0,-1.0,-1.0,1,1,1,1,1,1,1
75,barghest,https://www.aidedd.org/dnd/monstres.php?vo=barghest,7,fiend (shapechanger),Large,17,90,,neutral evil,0,Volo's Guide to Monsters,19.0,15.0,14.0,13.0,12.0,14.0,1,0,0,0,0,0,0
76,barlgura,https://www.aidedd.org/dnd/monstres.php?vo=barlgura,8,fiend (demon),Large,15,68,,chaotic evil,0,Monster Manual (BR),18.0,15.0,16.0,7.0,14.0,9.0,1,0,0,0,0,0,0
77,basilisk,https://www.aidedd.org/dnd/monstres.php?vo=basilisk,6,monstrosity,Medium,15,52,,unaligned,0,Monster Manual (SRD),16.0,8.0,15.0,2.0,8.0,7.0,1,0,0,0,0,0,0
78,bat,https://www.aidedd.org/dnd/monstres.php?vo=bat,3,beast,Tiny,12,1,fly,unaligned,0,Monster Manual (SRD),2.0,15.0,8.0,2.0,12.0,4.0,1,0,0,0,0,0,0
79,bearded-devil,https://www.aidedd.org/dnd/monstres.php?vo=bearded-devil,6,fiend (devil),Medium,13,52,,lawful evil,0,Monster Manual (SRD),16.0,15.0,15.0,9.0,11.0,11.0,1,0,0,0,0,0,0
80,behir,https://www.aidedd.org/dnd/monstres.php?vo=behir,14,monstrosity,Huge,17,168,,neutral evil,0,Monster Manual (SRD),23.0,16.0,18.0,7.0,14.0,12.0,1,0,0,0,0,0,0
81,beholder,,16,aberration,Large,18,180,fly,lawful evil,1,Monster Manual,-1.0,-1.0,-1.0,-1.0,-1.0,-1.0,0,1,1,1,1,1,1
82,beholder-zombie,,8,undead,Large,15,93,fly,neutral evil,0,Monster Manual,-1.0,-1.0,-1.0,-1.0,-1.0,-1.0,1,1,1,1,1,1,1
83,belaphoss,https://www.aidedd.org/dnd/monstres.php?vo=belaphoss,23,fiend (demon),Huge,19,262,fly,chaotic evil,0,Extra (Dragon Mag),26.0,15.0,22.0,20.0,16.0,22.0,1,0,0,0,0,0,0
84,berbalang,,5,aberration,Medium,14,38,fly,neutral evil,0,Mordenkainen's Tome of Foes,-1.0,-1.0,-1.0,-1.0,-1.0,-1.0,1,1,1,1,1,1,1
85,berserker,https://www.aidedd.org/dnd/monstres.php?vo=berserker,5,humanoid (any race),Medium,13,67,,any chaotic alignment,0,Monster Manual (SRD),16.0,12.0,17.0,9.0,11.0,9.0,1,0,0,0,0,0,0
86,bheur-hag,,10,fey,Medium,17,91,,chaotic evil,0,Volo's Guide to Monsters,-1.0,-1.0,-1.0,-1.0,-1.0,-1.0,1,1,1,1,1,1,1
87,black-abishai,,10,fiend (devil),Medium,15,58,fly,lawful evil,0,Mordenkainen's Tome of Foes,-1.0,-1.0,-1.0,-1.0,-1.0,-1.0,1,1,1,1,1,1,1
88,black-bear,https://www.aidedd.org/dnd/monstres.php?vo=black-bear,2,beast,Medium,11,19,,unaligned,0,Monster Manual (SRD),15.0,10.0,14.0,2.0,12.0,7.0,1,0,0,0,0,0,0
89,black-dragon-wyrmling,https://www.aidedd.org/dnd/monstres.php?vo=black-dragon-wyrmling,5,dragon,Medium,17,33,"fly, swim",chaotic evil,0,Monster Manual (SRD),15.0,14.0,13.0,10.0,11.0,13.0,1,0,0,0,0,0,0
90,black-gauntlet-of-bane,,9,humanoid (human),Medium,16,51,,lawful evil,0,Adventures (Descent into Avernus),-1.0,-1.0,-1.0,-1.0,-1.0,-1.0,1,1,1,1,1,1,1
91,black-pudding,https://www.aidedd.org/dnd/monstres.php?vo=black-pudding,7,ooze,Large,7,85,,unaligned,0,Monster Manual (SRD),16.0,5.0,16.0,1.0,6.0,1.0,1,0,0,0,0,0,0
92,blackguard,,11,humanoid (any race),Medium,18,153,,any non-good alignment,0,Volo's Guide to Monsters,-1.0,-1.0,-1.0,-1.0,-1.0,-1.0,1,1,1,1,1,1,1
93,blink-dog,https://www.aidedd.org/dnd/monstres.php?vo=blink-dog,1,fey,Medium,13,22,,lawful good,0,Monster Manual (SRD),12.0,17.0,12.0,10.0,13.0,11.0,1,0,0,0,0,0,0
94,blood-hawk,https://www.aidedd.org/dnd/monstres.php?vo=blood-hawk,0,beast,Small,12,7,fly,unaligned,0,Monster Manual (SRD),6.0,14.0,10.0,3.0,14.0,5.0,1,0,0,0,0,0,0
95,blue-abishai,,20,fiend (devil),Medium,19,195,fly,lawful evil,0,Mordenkainen's Tome of Foes,-1.0,-1.0,-1.0,-1.0,-1.0,-1.0,1,1,1,1,1,1,1
96,blue-dragon-wyrmling,https://www.aidedd.org/dnd/monstres.php?vo=blue-dragon-wyrmling,6,dragon,Medium,17,52,fly,lawful evil,0,Monster Manual (SRD),17.0,10.0,15.0,12.0,11.0,15.0,1,0,0,0,0,0,0
97,blue-slaad,,10,aberration,Large,15,123,,chaotic neutral,0,Monster Manual,-1.0,-1.0,-1.0,-1.0,-1.0,-1.0,1,1,1,1,1,1,1
98,boar,https://www.aidedd.org/dnd/monstres.php?vo=boar,1,beast,Medium,11,11,,unaligned,0,Monster Manual (SRD),13.0,11.0,12.0,2.0,9.0,5.0,1,0,0,0,0,0,0
99,bodak,,9,undead,Medium,15,58,,chaotic evil,0,Volo's Guide to Monsters,-1.0,-1.0,-1.0,-1.0,-1.0,-1.0,1,1,1,1,1,1,1
100,boggle,,0,fey,Small,14,18,,chaotic neutral,0,Volo's Guide to Monsters,-1.0,-1.0,-1.0,-1.0,-1.0,-1.0,1,1,1,1,1,1,1
101,bone-devil,https://www.aidedd.org/dnd/monstres.php?vo=bone-devil,12,fiend (devil),Large,19,142,fly,lawful evil,0,Monster Manual (SRD),18.0,16.0,18.0,13.0,14.0,16.0,1,0,0,0,0,0,0
102,bone-naga,,7,undead,Large,15,58,,lawful evil,0,Monster Manual,-1.0,-1.0,-1.0,-1.0,-1.0,-1.0,1,1,1,1,1,1,1
103,boneclaw,,15,undead,Large,16,127,,chaotic evil,0,Mordenkainen's Tome of Foes,-1.0,-1.0,-1.0,-1.0,-1.0,-1.0,1,1,1,1,1,1,1
104,brass-dragon-wyrmling,https://www.aidedd.org/dnd/monstres.php?vo=brass-dragon-wyrmling,4,dragon,Medium,16,16,fly,chaotic good,0,Monster Manual (SRD),15.0,10.0,13.0,10.0,11.0,13.0,1,0,0,0,0,0,0
105,brontosaurus,,8,beast,Gargantuan,15,121,,unaligned,0,Adventures (Tomb of Annihilation),-1.0,-1.0,-1.0,-1.0,-1.0,-1.0,1,1,1,1,1,1,1
106,bronze-dragon-wyrmling,https://www.aidedd.org/dnd/monstres.php?vo=bronze-dragon-wyrmling,5,dragon,Medium,17,32,"fly, swim",lawful good,0,Monster Manual (SRD),17.0,10.0,15.0,12.0,11.0,15.0,1,0,0,0,0,0,0
107,brown-bear,https://www.aidedd.org/dnd/monstres.php?vo=brown-bear,4,beast,Large,11,34,,unaligned,0,Monster Manual (SRD),19.0,10.0,16.0,2.0,13.0,7.0,1,0,0,0,0,0,0
108,bugbear,https://www.aidedd.org/dnd/monstres.php?vo=bugbear,4,humanoid (goblinoid),Medium,16,27,,chaotic evil,0,Monster Manual (SRD),15.0,14.0,13.0,8.0,11.0,9.0,1,0,0,0,0,0,0
109,bugbear-chief,,6,humanoid (goblinoid),Medium,17,65,,chaotic evil,0,Monster Manual,-1.0,-1.0,-1.0,-1.0,-1.0,-1.0,1,1,1,1,1,1,1
110,bulette,https://www.aidedd.org/dnd/monstres.php?vo=bulette,8,monstrosity,Large,17,94,,unaligned,0,Monster Manual (SRD),19.0,11.0,21.0,2.0,10.0,5.0,1,0,0,0,0,0,0
111,bulezau,,6,fiend (demon),Medium,14,52,,chaotic evil,0,Mordenkainen's Tome of Foes,-1.0,-1.0,-1.0,-1.0,-1.0,-1.0,1,1,1,1,1,1,1
112,bullywug,https://www.aidedd.org/dnd/monstres.php?vo=bullywug,1,humanoid (bullywug),Medium,15,11,swim,neutral evil,0,Monster Manual (BR),12.0,12.0,13.0,7.0,10.0,7.0,1,0,0,0,0,0,0
113,cadaver-collector,,17,construct,Large,17,189,,lawful evil,0,Mordenkainen's Tome of Foes,-1.0,-1.0,-1.0,-1.0,-1.0,-1.0,1,1,1,1,1,1,1
114,cambion,,8,fiend,Medium,19,82,fly,any evil alignment,0,Monster Manual,-1.0,-1.0,-1.0,-1.0,-1.0,-1.0,1,1,1,1,1,1,1
115,camel,https://www.aidedd.org/dnd/monstres.php?vo=camel,0,beast,Large,9,15,,unaligned,0,Monster Manual (SRD),16.0,8.0,14.0,2.0,8.0,5.0,1,0,0,0,0,0,0
116,canoloth,,11,fiend (yugoloth),Medium,16,120,,neutral evil,0,Mordenkainen's Tome of Foes,-1.0,-1.0,-1.0,-1.0,-1.0,-1.0,1,1,1,1,1,1,1
117,carrion-crawler,,5,monstrosity,Large,13,51,,unaligned,0,Monster Manual,-1.0,-1.0,-1.0,-1.0,-1.0,-1.0,1,1,1,1,1,1,1
118,cat,https://www.aidedd.org/dnd/monstres.php?vo=cat,3,beast,Tiny,12,2,,unaligned,0,Monster Manual (SRD),3.0,15.0,10.0,3.0,12.0,7.0,1,0,0,0,0,0,0
119,catoblepas,,8,monstrosity,Large,14,84,,unaligned,0,Volo's Guide to Monsters,-1.0,-1.0,-1.0,-1.0,-1.0,-1.0,1,1,1,1,1,1,1
120,cave-fisher,,6,monstrosity,Medium,16,58,,unaligned,0,Volo's Guide to Monsters,-1.0,-1.0,-1.0,-1.0,-1.0,-1.0,1,1,1,1,1,1,1
121,centaur,https://www.aidedd.org/dnd/monstres.php?vo=centaur,5,monstrosity,Large,12,45,,neutral good,0,Monster Manual (SRD),18.0,14.0,14.0,9.0,13.0,11.0,1,0,0,0,0,0,0
122,chain-devil,https://www.aidedd.org/dnd/monstres.php?vo=chain-devil,11,fiend (devil),Medium,16,85,,lawful evil,0,Monster Manual (SRD),18.0,15.0,18.0,11.0,12.0,14.0,1,0,0,0,0,0,0
123,champion,,12,humanoid (any race),Medium,18,143,,any alignment,0,Volo's Guide to Monsters,-1.0,-1.0,-1.0,-1.0,-1.0,-1.0,1,1,1,1,1,1,1
124,chasme,,9,fiend (demon),Large,15,84,fly,chaotic evil,0,Monster Manual,-1.0,-1.0,-1.0,-1.0,-1.0,-1.0,1,1,1,1,1,1,1
125,chimera,https://www.aidedd.org/dnd/monstres.php?vo=chimera,9,monstrosity,Large,14,114,fly,chaotic evil,0,Monster Manual (SRD),19.0,11.0,19.0,3.0,14.0,10.0,1,0,0,0,0,0,0
126,chitine,,2,monstrosity,Small,14,18,,chaotic evil,0,Volo's Guide to Monsters,-1.0,-1.0,-1.0,-1.0,-1.0,-1.0,1,1,1,1,1,1,1
127,choker,,4,aberration,Small,16,13,,chaotic evil,0,Mordenkainen's Tome of Foes,-1.0,-1.0,-1.0,-1.0,-1.0,-1.0,1,1,1,1,1,1,1
128,choldrith,,6,monstrosity,Medium,15,66,,chaotic evil,0,Volo's Guide to Monsters,-1.0,-1.0,-1.0,-1.0,-1.0,-1.0,1,1,1,1,1,1,1
129,chuul,https://www.aidedd.org/dnd/monstres.php?vo=chuul,7,aberration,Large,16,93,swim,chaotic evil,0,Monster Manual (SRD),19.0,10.0,16.0,5.0,11.0,5.0,1,0,0,0,0,0,0
130,clay-golem,https://www.aidedd.org/dnd/monstres.php?vo=clay-golem,12,construct,Large,14,133,,unaligned,0,Monster Manual (SRD),20.0,9.0,18.0,3.0,8.0,1.0,1,0,0,0,0,0,0
131,cloaker,https://www.aidedd.org/dnd/monstres.php?vo=cloaker,11,aberration,Large,14,78,fly,chaotic neutral,0,Monster Manual (SRD),17.0,15.0,12.0,13.0,12.0,14.0,1,0,0,0,0,0,0
132,cloud-giant,https://www.aidedd.org/dnd/monstres.php?vo=cloud-giant,12,giant,Huge,14,200,,neutral good ,0,Monster Manual (SRD),27.0,10.0,22.0,12.0,16.0,16.0,1,0,0,0,0,0,0
133,cloud-giant-smiling-one,,14,giant (cloud giant),Huge,15,262,,chaotic neutral,0,Volo's Guide to Monsters,-1.0,-1.0,-1.0,-1.0,-1.0,-1.0,1,1,1,1,1,1,1
134,cockatrice,https://www.aidedd.org/dnd/monstres.php?vo=cockatrice,2,monstrosity,Small,11,27,fly,unaligned,0,Monster Manual (SRD),6.0,12.0,12.0,2.0,13.0,5.0,1,0,0,0,0,0,0
135,commoner,https://www.aidedd.org/dnd/monstres.php?vo=commoner,3,humanoid (any race),Medium,10,4,,any alignment,0,Monster Manual (SRD),10.0,10.0,10.0,10.0,10.0,10.0,1,0,0,0,0,0,0
136,conjurer,,9,humanoid (any race),Medium,12,40,,any alignment,0,Volo's Guide to Monsters,-1.0,-1.0,-1.0,-1.0,-1.0,-1.0,1,1,1,1,1,1,1
137,constrictor-snake,https://www.aidedd.org/dnd/monstres.php?vo=constrictor-snake,1,beast,Large,12,13,swim,unaligned,0,Monster Manual (SRD),15.0,14.0,12.0,1.0,10.0,3.0,1,0,0,0,0,0,0
138,copper-dragon-wyrmling,https://www.aidedd.org/dnd/monstres.php?vo=copper-dragon-wyrmling,4,dragon,Medium,16,22,fly,chaotic good,0,Monster Manual (SRD),15.0,12.0,13.0,14.0,11.0,13.0,1,0,0,0,0,0,0
139,corpse-flower,,11,plant,Large,12,127,,chaotic evil,0,Mordenkainen's Tome of Foes,-1.0,-1.0,-1.0,-1.0,-1.0,-1.0,1,1,1,1,1,1,1
140,couatl,https://www.aidedd.org/dnd/monstres.php?vo=couatl,7,celestial,Medium,19,97,fly,lawful good,0,Monster Manual (SRD),16.0,20.0,17.0,18.0,20.0,18.0,1,0,0,0,0,0,0
141,cow,https://www.aidedd.org/dnd/monstres.php?vo=cow,1,beast,Large,10,15,,unaligned,0,Volo's Guide to Monsters,18.0,10.0,14.0,2.0,10.0,4.0,1,0,0,0,0,0,0
142,crab,https://www.aidedd.org/dnd/monstres.php?vo=crab,3,beast,Tiny,11,2,swim,unaligned,0,Monster Manual (SRD),2.0,11.0,10.0,1.0,8.0,2.0,1,0,0,0,0,0,0
143,crag-cat,,4,beast,Large,13,34,,unaligned,0,Adventures (Storm King's Thunder),-1.0,-1.0,-1.0,-1.0,-1.0,-1.0,1,1,1,1,1,1,1
144,cranium-rat,,3,beast,Tiny,12,2,,lawful evil,0,Volo's Guide to Monsters,-1.0,-1.0,-1.0,-1.0,-1.0,-1.0,1,1,1,1,1,1,1
145,crawling-claw,https://www.aidedd.org/dnd/monstres.php?vo=crawling-claw,3,undead,Tiny,12,2,,neutral evil,0,Monster Manual (BR),13.0,14.0,11.0,5.0,10.0,4.0,1,0,0,0,0,0,0
146,crocodile,https://www.aidedd.org/dnd/monstres.php?vo=crocodile,2,beast,Large,12,19,swim,unaligned,0,Monster Manual (SRD),15.0,10.0,13.0,2.0,10.0,5.0,1,0,0,0,0,0,0
147,crokek-toeck,,17,fiend (demon),Gargantuan,15,297,swim,chaotic evil,0,Adventures (Descent into Avernus),-1.0,-1.0,-1.0,-1.0,-1.0,-1.0,1,1,1,1,1,1,1
148,cult-fanatic,https://www.aidedd.org/dnd/monstres.php?vo=cult-fanatic,5,humanoid (any race),Medium,13,33,,any non-good alignment,0,Monster Manual (SRD),11.0,14.0,12.0,10.0,13.0,14.0,1,0,0,0,0,0,0
149,cultist,https://www.aidedd.org/dnd/monstres.php?vo=cultist,0,humanoid (any race),Medium,12,9,,any non-good alignment,0,Monster Manual (SRD),11.0,12.0,10.0,10.0,11.0,10.0,1,0,0,0,0,0,0
150,cyclops,https://www.aidedd.org/dnd/monstres.php?vo=cyclops,9,giant,Huge,14,138,,chaotic neutral,0,Monster Manual (SRD),22.0,11.0,20.0,8.0,6.0,10.0,1,0,0,0,0,0,0
151,dao,https://www.aidedd.org/dnd/monstres.php?vo=dao,14,elemental,Large,18,187,fly,neutral evil,0,Monster Manual (BR),23.0,12.0,24.0,12.0,13.0,14.0,1,0,0,0,0,0,0
152,darkling,,2,fey,Small,14,13,,chaotic neutral,0,Volo's Guide to Monsters,-1.0,-1.0,-1.0,-1.0,-1.0,-1.0,1,1,1,1,1,1,1
153,darkling-elder,,5,fey,Medium,15,27,,chaotic neutral,0,Volo's Guide to Monsters,-1.0,-1.0,-1.0,-1.0,-1.0,-1.0,1,1,1,1,1,1,1
154,darkmantle,https://www.aidedd.org/dnd/monstres.php?vo=darkmantle,2,monstrosity,Small,11,22,fly,unaligned,0,Monster Manual (SRD),16.0,12.0,13.0,2.0,10.0,5.0,1,0,0,0,0,0,0
155,death-dog,https://www.aidedd.org/dnd/monstres.php?vo=death-dog,4,monstrosity,Medium,12,39,,neutral evil,0,Monster Manual (SRD),15.0,14.0,14.0,3.0,13.0,6.0,1,0,0,0,0,0,0
156,death-kiss,,13,aberration,Large,16,161,fly,neutral evil,0,Volo's Guide to Monsters,-1.0,-1.0,-1.0,-1.0,-1.0,-1.0,1,1,1,1,1,1,1
157,death-knight,,20,undead,Medium,20,180,,chaotic evil,0,Monster Manual,-1.0,-1.0,-1.0,-1.0,-1.0,-1.0,1,1,1,1,1,1,1
158,death-slaad,,13,aberration (shapechanger),Medium,18,170,,chaotic evil,0,Monster Manual,-1.0,-1.0,-1.0,-1.0,-1.0,-1.0,1,1,1,1,1,1,1
159,death-tyrant,,17,undead,Large,19,187,fly,lawful evil,1,Monster Manual,-1.0,-1.0,-1.0,-1.0,-1.0,-1.0,0,1,1,1,1,1,1
160,death-s-head-of-bhaal,,8,humanoid (human),Medium,15,76,,chaotic evil,0,Adventures (Descent into Avernus),-1.0,-1.0,-1.0,-1.0,-1.0,-1.0,1,1,1,1,1,1,1
161,deathlock,,7,undead,Medium,12,36,,neutral evil,0,Mordenkainen's Tome of Foes,-1.0,-1.0,-1.0,-1.0,-1.0,-1.0,1,1,1,1,1,1,1
162,deathlock-mastermind,,11,undead,Medium,13,110,,neutral evil,0,Mordenkainen's Tome of Foes,-1.0,-1.0,-1.0,-1.0,-1.0,-1.0,1,1,1,1,1,1,1
163,deathlock-wight,,6,undead,Medium,12,37,,neutral evil,0,Mordenkainen's Tome of Foes,-1.0,-1.0,-1.0,-1.0,-1.0,-1.0,1,1,1,1,1,1,1
164,deep-gnome-svirfneblin,https://www.aidedd.org/dnd/monstres.php?vo=deep-gnome-svirfneblin,2,humanoid (gnome),Small,15,16,,neutral good,0,Monster Manual (SRD),15.0,14.0,14.0,12.0,10.0,9.0,1,0,0,0,0,0,0
165,deep-scion,,6,humanoid (shapechanger),Medium,11,67,swim,neutral evil,0,Volo's Guide to Monsters,-1.0,-1.0,-1.0,-1.0,-1.0,-1.0,1,1,1,1,1,1,1
166,deer,https://www.aidedd.org/dnd/monstres.php?vo=deer,3,beast,Medium,13,4,,unaligned,0,Monster Manual (SRD),11.0,16.0,11.0,2.0,14.0,5.0,1,0,0,0,0,0,0
167,deinonychus,,4,beast,Medium,13,26,,unaligned,0,Adventures (Tomb of Annihilation),-1.0,-1.0,-1.0,-1.0,-1.0,-1.0,1,1,1,1,1,1,1
168,demilich,,21,undead,Tiny,20,80,fly,neutral evil,1,Monster Manual,-1.0,-1.0,-1.0,-1.0,-1.0,-1.0,0,1,1,1,1,1,1
169,demogorgon,,29,fiend (demon),Huge,22,406,swim,chaotic evil,0,Mordenkainen's Tome of Foes,-1.0,-1.0,-1.0,-1.0,-1.0,-1.0,1,1,1,1,1,1,1
170,derro,,1,humanoid (derro),Small,13,13,,chaotic evil,0,Mordenkainen's Tome of Foes,-1.0,-1.0,-1.0,-1.0,-1.0,-1.0,1,1,1,1,1,1,1
171,derro-savant,,6,humanoid (derro),Small,13,36,,chaotic evil,0,Mordenkainen's Tome of Foes,-1.0,-1.0,-1.0,-1.0,-1.0,-1.0,1,1,1,1,1,1,1
172,deva,https://www.aidedd.org/dnd/monstres.php?vo=deva,13,celestial,Medium,17,136,fly,lawful good,0,Monster Manual (SRD),18.0,18.0,18.0,17.0,20.0,20.0,1,0,0,0,0,0,0
173,devilroot,https://www.aidedd.org/dnd/monstres.php?vo=devilroot,10,plant,Medium,15,105,,neutral evil,0,Extra (AideDD),17.0,11.0,17.0,12.0,14.0,14.0,1,0,0,0,0,0,0
174,devourer,,16,fiend,Large,16,178,,chaotic evil,0,Volo's Guide to Monsters,-1.0,-1.0,-1.0,-1.0,-1.0,-1.0,1,1,1,1,1,1,1
175,dhergoloth,,10,fiend (yugoloth),Medium,15,119,,neutral evil,0,Mordenkainen's Tome of Foes,-1.0,-1.0,-1.0,-1.0,-1.0,-1.0,1,1,1,1,1,1,1
176,dimetrodon,,1,beast,Medium,12,19,swim,unaligned,0,Adventures (Tomb of Annihilation),-1.0,-1.0,-1.0,-1.0,-1.0,-1.0,1,1,1,1,1,1,1
177,dire-troll,,16,giant,Huge,15,172,,chaotic evil,0,Mordenkainen's Tome of Foes,-1.0,-1.0,-1.0,-1.0,-1.0,-1.0,1,1,1,1,1,1,1
178,dire-wolf,https://www.aidedd.org/dnd/monstres.php?vo=dire-wolf,4,beast,Large,14,37,,unaligned,0,Monster Manual (SRD),17.0,15.0,15.0,3.0,12.0,7.0,1,0,0,0,0,0,0
179,displacer-beast,,6,monstrosity,Large,13,85,,lawful evil,0,Monster Manual,-1.0,-1.0,-1.0,-1.0,-1.0,-1.0,1,1,1,1,1,1,1
180,diviner,,11,humanoid (any race),Medium,12,67,,any alignment,0,Volo's Guide to Monsters,-1.0,-1.0,-1.0,-1.0,-1.0,-1.0,1,1,1,1,1,1,1
181,djinni,https://www.aidedd.org/dnd/monstres.php?vo=djinni,14,elemental,Large,17,161,fly,chaotic good,0,Monster Manual (SRD),21.0,15.0,22.0,15.0,16.0,20.0,1,0,0,0,0,0,0
182,dolphin,https://www.aidedd.org/dnd/monstres.php?vo=dolphin,0,beast,Medium,12,11,swim,unaligned,0,Volo's Guide to Monsters,14.0,13.0,13.0,6.0,12.0,7.0,1,0,0,0,0,0,0
183,doppelganger,https://www.aidedd.org/dnd/monstres.php?vo=doppelganger,6,monstrosity (shapechanger),Medium,14,52,,neutral,0,Monster Manual (SRD),11.0,18.0,14.0,11.0,12.0,14.0,1,0,0,0,0,0,0
184,draegloth,,10,fiend (demon),Large,15,123,,chaotic evil,0,Volo's Guide to Monsters,-1.0,-1.0,-1.0,-1.0,-1.0,-1.0,1,1,1,1,1,1,1
185,draft-horse,https://www.aidedd.org/dnd/monstres.php?vo=draft-horse,1,beast,Large,10,19,,unaligned,0,Monster Manual (SRD),18.0,10.0,12.0,2.0,11.0,7.0,1,0,0,0,0,0,0
186,dragon-turtle,https://www.aidedd.org/dnd/monstres.php?vo=dragon-turtle,20,dragon,Gargantuan,20,341,swim,neutral,0,Monster Manual (SRD),25.0,10.0,20.0,10.0,12.0,12.0,1,0,0,0,0,0,0
187,dragonbait,,8,humanoid (saurial),Medium,17,120,,lawful good,0,Adventures (Tomb of Annihilation),-1.0,-1.0,-1.0,-1.0,-1.0,-1.0,1,1,1,1,1,1,1
188,dretch,https://www.aidedd.org/dnd/monstres.php?vo=dretch,1,fiend (demon),Small,11,18,,chaotic evil,0,Monster Manual (SRD),11.0,11.0,12.0,5.0,8.0,3.0,1,0,0,0,0,0,0
189,drider,https://www.aidedd.org/dnd/monstres.php?vo=drider,9,monstrosity,Large,19,123,,chaotic evil,0,Monster Manual (SRD),16.0,16.0,18.0,13.0,14.0,12.0,1,0,0,0,0,0,0
190,drow,https://www.aidedd.org/dnd/monstres.php?vo=drow,1,humanoid (elf),Medium,15,13,,neutral evil,0,Monster Manual (SRD),10.0,14.0,10.0,11.0,11.0,12.0,1,0,0,0,0,0,0
191,drow-arachnomancer,,16,humanoid (elf),Medium,15,162,,chaotic evil,0,Mordenkainen's Tome of Foes,-1.0,-1.0,-1.0,-1.0,-1.0,-1.0,1,1,1,1,1,1,1
192,drow-elite-warrior,,8,humanoid (elf),Medium,18,71,,neutral evil,0,Monster Manual,-1.0,-1.0,-1.0,-1.0,-1.0,-1.0,1,1,1,1,1,1,1
193,drow-favored-consort,,21,humanoid (elf),Medium,15,225,,neutral evil,0,Mordenkainen's Tome of Foes,-1.0,-1.0,-1.0,-1.0,-1.0,-1.0,1,1,1,1,1,1,1
194,drow-house-captain,https://www.aidedd.org/dnd/monstres.php?vo=drow-house-captain,12,humanoid (elf),Medium,16,162,,neutral evil,0,Mordenkainen's Tome of Foes,14.0,19.0,15.0,12.0,14.0,13.0,1,0,0,0,0,0,0
195,drow-inquisitor,https://www.aidedd.org/dnd/monstres.php?vo=drow-inquisitor,17,humanoid (elf),Medium,16,143,,neutral evil,0,Mordenkainen's Tome of Foes,11.0,15.0,14.0,16.0,21.0,20.0,1,0,0,0,0,0,0
196,drow-mage,https://www.aidedd.org/dnd/monstres.php?vo=drow-mage,10,humanoid (elf),Medium,12,45,,neutral evil,0,Monster Manual (BR),9.0,14.0,10.0,17.0,13.0,12.0,1,0,0,0,0,0,0
197,drow-matron-mother,,23,humanoid (elf),Medium,17,262,,neutral evil,0,Mordenkainen's Tome of Foes,-1.0,-1.0,-1.0,-1.0,-1.0,-1.0,1,1,1,1,1,1,1
198,drow-priestress-of-lolth,,11,humanoid (elf),Medium,16,71,,neutral evil,0,Monster Manual,-1.0,-1.0,-1.0,-1.0,-1.0,-1.0,1,1,1,1,1,1,1
199,drow-shadowblade,,14,humanoid (elf),Medium,17,150,,neutral evil,0,Mordenkainen's Tome of Foes,-1.0,-1.0,-1.0,-1.0,-1.0,-1.0,1,1,1,1,1,1,1
200,druid,https://www.aidedd.org/dnd/monstres.php?vo=druid,5,humanoid (any race),Medium,11,27,,any alignment,0,Monster Manual (SRD),10.0,12.0,13.0,12.0,15.0,11.0,1,0,0,0,0,0,0
201,dryad,https://www.aidedd.org/dnd/monstres.php?vo=dryad,4,fey,Medium,11,22,,neutral,0,Monster Manual (SRD),10.0,12.0,11.0,14.0,15.0,18.0,1,0,0,0,0,0,0
202,duergar,https://www.aidedd.org/dnd/monstres.php?vo=duergar,4,humanoid (dwarf),Medium,16,26,,lawful evil,0,Monster Manual (SRD),14.0,11.0,14.0,11.0,10.0,9.0,1,0,0,0,0,0,0
203,duergar-despot,,15,humanoid (dwarf),Medium,21,119,,lawful evil,0,Mordenkainen's Tome of Foes,-1.0,-1.0,-1.0,-1.0,-1.0,-1.0,1,1,1,1,1,1,1
204,duergar-kavalrachni,,5,humanoid (dwarf),Medium,16,26,,lawful evil,0,Mordenkainen's Tome of Foes,-1.0,-1.0,-1.0,-1.0,-1.0,-1.0,1,1,1,1,1,1,1
205,duergar-mind-master,,5,humanoid (dwarf),Medium,14,39,,lawful evil,0,Mordenkainen's Tome of Foes,-1.0,-1.0,-1.0,-1.0,-1.0,-1.0,1,1,1,1,1,1,1
206,duergar-soulblade,,4,humanoid (dwarf),Medium,14,18,,lawful evil,0,Mordenkainen's Tome of Foes,-1.0,-1.0,-1.0,-1.0,-1.0,-1.0,1,1,1,1,1,1,1
207,duergar-stone-guard,,5,humanoid (dwarf),Medium,18,39,,lawful evil,0,Mordenkainen's Tome of Foes,-1.0,-1.0,-1.0,-1.0,-1.0,-1.0,1,1,1,1,1,1,1
208,duergar-warlord,,9,humanoid (dwarf),Medium,20,75,,lawful evil,0,Mordenkainen's Tome of Foes,-1.0,-1.0,-1.0,-1.0,-1.0,-1.0,1,1,1,1,1,1,1
209,duergar-xarrorn,,5,humanoid (dwarf),Medium,18,26,,lawful evil,0,Mordenkainen's Tome of Foes,-1.0,-1.0,-1.0,-1.0,-1.0,-1.0,1,1,1,1,1,1,1
210,duodrone,,1,construct,Medium,15,11,,lawful neutral,0,Monster Manual,-1.0,-1.0,-1.0,-1.0,-1.0,-1.0,1,1,1,1,1,1,1
211,dust-mephit,https://www.aidedd.org/dnd/monstres.php?vo=dust-mephit,2,elemental,Small,12,17,fly,neutral evil,0,Monster Manual (SRD),5.0,14.0,10.0,9.0,11.0,10.0,1,0,0,0,0,0,0
212,dybbuk,,7,fiend (demon),Medium,14,37,fly,chaotic evil,0,Mordenkainen's Tome of Foes,-1.0,-1.0,-1.0,-1.0,-1.0,-1.0,1,1,1,1,1,1,1
213,eagle,https://www.aidedd.org/dnd/monstres.php?vo=eagle,3,beast,Small,12,3,fly,unaligned,0,Monster Manual (SRD),6.0,15.0,10.0,2.0,14.0,7.0,1,0,0,0,0,0,0
214,earth-elemental,https://www.aidedd.org/dnd/monstres.php?vo=earth-elemental,8,elemental,Large,17,126,,neutral,0,Monster Manual (SRD),20.0,8.0,20.0,5.0,10.0,5.0,1,0,0,0,0,0,0
215,earth-elemental-myrmidon,,10,elemental,Medium,18,127,,neutral,0,Mordenkainen's Tome of Foes,-1.0,-1.0,-1.0,-1.0,-1.0,-1.0,1,1,1,1,1,1,1
216,eblis,,4,monstrosity,Large,13,26,fly,neutral evil,0,Adventures (Tomb of Annihilation),-1.0,-1.0,-1.0,-1.0,-1.0,-1.0,1,1,1,1,1,1,1
217,efreeti,https://www.aidedd.org/dnd/monstres.php?vo=efreeti,14,elemental,Large,17,200,fly,lawful evil,0,Monster Manual (SRD),22.0,12.0,24.0,16.0,15.0,16.0,1,0,0,0,0,0,0
218,eidolon,,15,undead,Medium,9,63,fly,any alignment,0,Mordenkainen's Tome of Foes,-1.0,-1.0,-1.0,-1.0,-1.0,-1.0,1,1,1,1,1,1,1
219,elder-brain,,17,aberration,Large,10,210,swim,lawful evil,1,Volo's Guide to Monsters,-1.0,-1.0,-1.0,-1.0,-1.0,-1.0,0,1,1,1,1,1,1
220,elder-oblex,,13,ooze,Huge,16,115,,lawful evil,0,Mordenkainen's Tome of Foes,-1.0,-1.0,-1.0,-1.0,-1.0,-1.0,1,1,1,1,1,1,1
221,elder-tempest,,26,elemental,Gargantuan,19,264,fly,neutral,0,Mordenkainen's Tome of Foes,-1.0,-1.0,-1.0,-1.0,-1.0,-1.0,1,1,1,1,1,1,1
222,elephant,https://www.aidedd.org/dnd/monstres.php?vo=elephant,7,beast,Huge,12,76,,unaligned,0,Monster Manual (SRD),22.0,9.0,17.0,3.0,11.0,6.0,1,0,0,0,0,0,0
223,elk,https://www.aidedd.org/dnd/monstres.php?vo=elk,1,beast,Large,10,13,,unaligned,0,Monster Manual (SRD),16.0,10.0,12.0,2.0,10.0,6.0,1,0,0,0,0,0,0
224,empyrean,,26,celestial (titan),Huge,22,313,"fly, swim",chaotic good ,1,Monster Manual,-1.0,-1.0,-1.0,-1.0,-1.0,-1.0,0,1,1,1,1,1,1
225,enchanter,,8,humanoid (any race),Medium,12,40,,any alignment,0,Volo's Guide to Monsters,-1.0,-1.0,-1.0,-1.0,-1.0,-1.0,1,1,1,1,1,1,1
226,erinyes,https://www.aidedd.org/dnd/monstres.php?vo=erinyes,15,fiend (devil),Medium,18,153,fly,lawful evil,0,Monster Manual (SRD),18.0,16.0,18.0,14.0,14.0,18.0,1,0,0,0,0,0,0
227,ettercap,https://www.aidedd.org/dnd/monstres.php?vo=ettercap,5,monstrosity,Medium,13,44,,neutral evil,0,Monster Manual (SRD),14.0,15.0,13.0,7.0,12.0,8.0,1,0,0,0,0,0,0
228,ettin,https://www.aidedd.org/dnd/monstres.php?vo=ettin,7,giant,Large,12,85,,chaotic evil,0,Monster Manual (SRD),21.0,8.0,17.0,6.0,10.0,8.0,1,0,0,0,0,0,0
229,evoker,,12,humanoid (any race),Medium,12,66,,any alignment,0,Volo's Guide to Monsters,-1.0,-1.0,-1.0,-1.0,-1.0,-1.0,1,1,1,1,1,1,1
230,expert-lvl-1,,3,humanoid (any race),Medium,14,11,,any alignment,0,Essentials Kit,-1.0,-1.0,-1.0,-1.0,-1.0,-1.0,1,1,1,1,1,1,1
231,expert-lvl-2,,3,humanoid (any race),Medium,14,16,,any alignment,0,Essentials Kit,-1.0,-1.0,-1.0,-1.0,-1.0,-1.0,1,1,1,1,1,1,1
232,expert-lvl-3,,3,humanoid (any race),Medium,14,22,,any alignment,0,Essentials Kit,-1.0,-1.0,-1.0,-1.0,-1.0,-1.0,1,1,1,1,1,1,1
233,expert-lvl-4,,3,humanoid (any race),Medium,14,27,,any alignment,0,Essentials Kit,-1.0,-1.0,-1.0,-1.0,-1.0,-1.0,1,1,1,1,1,1,1
234,expert-lvl-5,,3,humanoid (any race),Medium,14,33,,any alignment,0,Essentials Kit,-1.0,-1.0,-1.0,-1.0,-1.0,-1.0,1,1,1,1,1,1,1
235,expert-lvl-6,,3,humanoid (any race),Medium,14,38,,any alignment,0,Essentials Kit,-1.0,-1.0,-1.0,-1.0,-1.0,-1.0,1,1,1,1,1,1,1
236,faerie-dragon,,4,dragon,Tiny,15,14,fly,chaotic good,0,Monster Manual,-1.0,-1.0,-1.0,-1.0,-1.0,-1.0,1,1,1,1,1,1,1
237,female-steeder,,4,monstrosity,Large,14,30,,unaligned,0,Mordenkainen's Tome of Foes,-1.0,-1.0,-1.0,-1.0,-1.0,-1.0,1,1,1,1,1,1,1
238,fire-elemental,https://www.aidedd.org/dnd/monstres.php?vo=fire-elemental,8,elemental,Large,13,102,,neutral,0,Monster Manual (SRD),10.0,17.0,16.0,6.0,10.0,7.0,1,0,0,0,0,0,0
239,fire-elemental-myrmidon,,10,elemental,Medium,18,123,,neutral,0,Mordenkainen's Tome of Foes,-1.0,-1.0,-1.0,-1.0,-1.0,-1.0,1,1,1,1,1,1,1
240,fire-giant,https://www.aidedd.org/dnd/monstres.php?vo=fire-giant,12,giant,Huge,18,162,,lawful evil,0,Monster Manual (SRD),25.0,9.0,23.0,10.0,14.0,13.0,1,0,0,0,0,0,0
241,fire-giant-dreadnought,,17,giant (fire giant),Huge,21,187,,lawful evil,0,Volo's Guide to Monsters,-1.0,-1.0,-1.0,-1.0,-1.0,-1.0,1,1,1,1,1,1,1
242,fire-snake,https://www.aidedd.org/dnd/monstres.php?vo=fire-snake,4,elemental,Medium,14,22,,neutral evil,0,Monster Manual (BR),12.0,14.0,11.0,7.0,10.0,8.0,1,0,0,0,0,0,0
243,firenewt-warlock-of-imix,,4,humanoid (firenewt),Medium,10,33,,neutral evil,0,Volo's Guide to Monsters,-1.0,-1.0,-1.0,-1.0,-1.0,-1.0,1,1,1,1,1,1,1
244,firenewt-warrior,,2,humanoid (firenewt),Medium,16,22,,neutral evil,0,Volo's Guide to Monsters,-1.0,-1.0,-1.0,-1.0,-1.0,-1.0,1,1,1,1,1,1,1
245,fist-of-bane,,2,humanoid (human),Medium,18,22,,lawful evil,0,Adventures (Descent into Avernus),-1.0,-1.0,-1.0,-1.0,-1.0,-1.0,1,1,1,1,1,1,1
246,flail-snail,,6,elemental,Large,16,52,,unaligned,0,Volo's Guide to Monsters,-1.0,-1.0,-1.0,-1.0,-1.0,-1.0,1,1,1,1,1,1,1
247,flameskull,https://www.aidedd.org/dnd/monstres.php?vo=flameskull,7,undead,Tiny,13,40,fly,neutral evil,0,Monster Manual (SRD),1.0,17.0,14.0,16.0,10.0,11.0,1,0,0,0,0,0,0
248,flesh-golem,https://www.aidedd.org/dnd/monstres.php?vo=flesh-golem,8,construct,Medium,9,93,,neutral,0,Monster Manual (SRD),19.0,9.0,18.0,6.0,10.0,5.0,1,0,0,0,0,0,0
249,flind,https://www.aidedd.org/dnd/monstres.php?vo=flind,12,humanoid (gnoll),Medium,16,127,,chaotic evil,0,Volo's Guide to Monsters,20.0,10.0,19.0,11.0,13.0,12.0,1,0,0,0,0,0,0
250,flumph,,0,aberration,Small,12,7,fly,lawful good,0,Monster Manual,-1.0,-1.0,-1.0,-1.0,-1.0,-1.0,1,1,1,1,1,1,1
251,flying-snake,https://www.aidedd.org/dnd/monstres.php?vo=flying-snake,0,beast,Tiny,14,5,"fly, swim",unaligned,0,Monster Manual (SRD),4.0,18.0,11.0,2.0,12.0,5.0,1,0,0,0,0,0,0
252,flying-sword,https://www.aidedd.org/dnd/monstres.php?vo=flying-sword,1,construct,Small,17,17,fly,unaligned,0,Monster Manual (SRD),12.0,15.0,11.0,1.0,5.0,1.0,1,0,0,0,0,0,0
253,fomorian,,11,giant,Huge,14,149,,chaotic evil,0,Monster Manual,-1.0,-1.0,-1.0,-1.0,-1.0,-1.0,1,1,1,1,1,1,1
254,fraz-urb-luu,,26,fiend (demon),Large,18,337,fly,chaotic evil,0,Mordenkainen's Tome of Foes,-1.0,-1.0,-1.0,-1.0,-1.0,-1.0,1,1,1,1,1,1,1
255,frog,https://www.aidedd.org/dnd/monstres.php?vo=frog,3,beast,Tiny,11,1,swim,unaligned,0,Monster Manual (SRD),1.0,13.0,8.0,1.0,8.0,3.0,1,0,0,0,0,0,0
256,froghemoth,https://www.aidedd.org/dnd/monstres.php?vo=froghemoth,13,monstrosity,Huge,14,184,swim,unaligned,0,Volo's Guide to Monsters,23.0,13.0,20.0,2.0,12.0,5.0,1,0,0,0,0,0,0
257,frost-giant,https://www.aidedd.org/dnd/monstres.php?vo=frost-giant,11,giant,Huge,15,138,,neutral evil,0,Monster Manual (SRD),23.0,9.0,21.0,9.0,10.0,12.0,1,0,0,0,0,0,0
258,frost-giant-everlasting-one,,15,giant (frost giant),Huge,15,189,,chaotic evil,0,Volo's Guide to Monsters,-1.0,-1.0,-1.0,-1.0,-1.0,-1.0,1,1,1,1,1,1,1
259,frost-salamander,,12,elemental,Huge,17,168,,unaligned,0,Mordenkainen's Tome of Foes,-1.0,-1.0,-1.0,-1.0,-1.0,-1.0,1,1,1,1,1,1,1
260,galeb-duhr,https://www.aidedd.org/dnd/monstres.php?vo=galeb-duhr,9,elemental,Medium,16,85,,neutral,0,Monster Manual (BR),20.0,14.0,20.0,11.0,12.0,11.0,1,0,0,0,0,0,0
261,gargoyle,https://www.aidedd.org/dnd/monstres.php?vo=gargoyle,5,elemental,Medium,15,52,fly,chaotic evil,0,Monster Manual (SRD),15.0,11.0,16.0,6.0,11.0,7.0,1,0,0,0,0,0,0
262,gas-spore,,2,plant,Large,5,1,fly,unaligned,0,Monster Manual,-1.0,-1.0,-1.0,-1.0,-1.0,-1.0,1,1,1,1,1,1,1
263,gauth,https://www.aidedd.org/dnd/monstres.php?vo=gauth,9,aberration,Medium,15,67,fly,lawful evil,0,Volo's Guide to Monsters,10.0,14.0,16.0,15.0,15.0,13.0,1,0,0,0,0,0,0
264,gazer,,2,aberration,Tiny,13,13,fly,neutral evil,0,Volo's Guide to Monsters,-1.0,-1.0,-1.0,-1.0,-1.0,-1.0,1,1,1,1,1,1,1
265,gelatinous-cube,https://www.aidedd.org/dnd/monstres.php?vo=gelatinous-cube,5,ooze,Large,6,84,,unaligned,0,Monster Manual (SRD),14.0,3.0,20.0,1.0,6.0,1.0,1,0,0,0,0,0,0
266,geryon,,25,fiend (devil),Huge,19,300,fly,lawful evil,0,Mordenkainen's Tome of Foes,-1.0,-1.0,-1.0,-1.0,-1.0,-1.0,1,1,1,1,1,1,1
267,ghast,https://www.aidedd.org/dnd/monstres.php?vo=ghast,5,undead,Medium,13,36,,chaotic evil,0,Monster Manual (SRD),16.0,17.0,10.0,11.0,10.0,8.0,1,0,0,0,0,0,0
268,ghost,https://www.aidedd.org/dnd/monstres.php?vo=ghost,7,undead,Medium,11,45,fly,any alignment,0,Monster Manual (SRD),7.0,13.0,10.0,10.0,12.0,17.0,1,0,0,0,0,0,0
269,ghoul,https://www.aidedd.org/dnd/monstres.php?vo=ghoul,4,undead,Medium,12,22,,chaotic evil,0,Monster Manual (SRD),13.0,15.0,10.0,7.0,10.0,6.0,1,0,0,0,0,0,0
270,giant-ape,https://www.aidedd.org/dnd/monstres.php?vo=giant-ape,10,beast,Huge,12,157,,unaligned,0,Monster Manual (SRD),23.0,14.0,18.0,7.0,12.0,7.0,1,0,0,0,0,0,0
271,giant-badger,https://www.aidedd.org/dnd/monstres.php?vo=giant-badger,1,beast,Medium,10,13,,unaligned,0,Monster Manual (SRD),13.0,10.0,15.0,2.0,12.0,5.0,1,0,0,0,0,0,0
272,giant-bat,https://www.aidedd.org/dnd/monstres.php?vo=giant-bat,1,beast,Large,13,22,fly,unaligned,0,Monster Manual (SRD),15.0,16.0,11.0,2.0,12.0,6.0,1,0,0,0,0,0,0
273,giant-boar,https://www.aidedd.org/dnd/monstres.php?vo=giant-boar,5,beast,Large,12,42,,unaligned,0,Monster Manual (SRD),17.0,10.0,16.0,2.0,7.0,5.0,1,0,0,0,0,0,0
274,giant-centipede,https://www.aidedd.org/dnd/monstres.php?vo=giant-centipede,1,beast,Small,13,4,,unaligned,0,Monster Manual (SRD),5.0,14.0,12.0,1.0,7.0,3.0,1,0,0,0,0,0,0
275,giant-constrictor-snake,https://www.aidedd.org/dnd/monstres.php?vo=giant-constrictor-snake,5,beast,Huge,12,60,swim,unaligned,0,Monster Manual (SRD),19.0,14.0,12.0,1.0,10.0,3.0,1,0,0,0,0,0,0
276,giant-crab,https://www.aidedd.org/dnd/monstres.php?vo=giant-crab,0,beast,Medium,15,13,swim,unaligned,0,Monster Manual (SRD),13.0,15.0,11.0,1.0,9.0,3.0,1,0,0,0,0,0,0
277,giant-crocodile,https://www.aidedd.org/dnd/monstres.php?vo=giant-crocodile,8,beast,Huge,14,85,swim,unaligned,0,Monster Manual (SRD),21.0,9.0,17.0,2.0,10.0,7.0,1,0,0,0,0,0,0
278,giant-eagle,https://www.aidedd.org/dnd/monstres.php?vo=giant-eagle,4,beast,Large,13,26,fly,neutral good,0,Monster Manual (SRD),16.0,17.0,13.0,8.0,14.0,10.0,1,0,0,0,0,0,0
279,giant-elk,https://www.aidedd.org/dnd/monstres.php?vo=giant-elk,5,beast,Huge,14,42,,unaligned,0,Monster Manual (SRD),19.0,16.0,14.0,7.0,14.0,10.0,1,0,0,0,0,0,0
280,giant-fire-beetle,https://www.aidedd.org/dnd/monstres.php?vo=giant-fire-beetle,3,beast,Small,13,4,,unaligned,0,Monster Manual (SRD),8.0,10.0,12.0,1.0,7.0,3.0,1,0,0,0,0,0,0
281,giant-four-armed-gargoyle,,13,elemental,Large,17,147,fly,chaotic evil,0,Adventures (Tomb of Annihilation),-1.0,-1.0,-1.0,-1.0,-1.0,-1.0,1,1,1,1,1,1,1
282,giant-frog,https://www.aidedd.org/dnd/monstres.php?vo=giant-frog,1,beast,Medium,11,18,swim,unaligned,0,Monster Manual (SRD),12.0,13.0,11.0,2.0,10.0,3.0,1,0,0,0,0,0,0
283,giant-goat,https://www.aidedd.org/dnd/monstres.php?vo=giant-goat,2,beast,Large,11,19,,unaligned,0,Monster Manual (SRD),17.0,11.0,12.0,3.0,12.0,6.0,1,0,0,0,0,0,0
284,giant-hyena,https://www.aidedd.org/dnd/monstres.php?vo=giant-hyena,4,beast,Large,12,45,,unaligned,0,Monster Manual (SRD),16.0,14.0,14.0,2.0,12.0,7.0,1,0,0,0,0,0,0
285,giant-lizard,https://www.aidedd.org/dnd/monstres.php?vo=giant-lizard,1,beast,Large,12,19,,unaligned,0,Monster Manual (SRD),15.0,12.0,13.0,2.0,10.0,5.0,1,0,0,0,0,0,0
286,giant-octopus,https://www.aidedd.org/dnd/monstres.php?vo=giant-octopus,4,beast,Large,11,52,swim,unaligned,0,Monster Manual (SRD),17.0,13.0,13.0,4.0,10.0,4.0,1,0,0,0,0,0,0
287,giant-owl,https://www.aidedd.org/dnd/monstres.php?vo=giant-owl,1,beast,Large,12,19,fly,neutral,0,Monster Manual (SRD),13.0,15.0,12.0,8.0,13.0,10.0,1,0,0,0,0,0,0
288,giant-poisonous-snake,https://www.aidedd.org/dnd/monstres.php?vo=giant-poisonous-snake,1,beast,Medium,14,11,swim,unaligned,0,Monster Manual (SRD),10.0,18.0,13.0,2.0,10.0,3.0,1,0,0,0,0,0,0
289,giant-rat,https://www.aidedd.org/dnd/monstres.php?vo=giant-rat,0,beast,Small,12,7,,unaligned,0,Monster Manual (SRD),7.0,15.0,11.0,2.0,10.0,4.0,1,0,0,0,0,0,0
290,giant-scorpion,https://www.aidedd.org/dnd/monstres.php?vo=giant-scorpion,6,beast,Large,15,52,,unaligned,0,Monster Manual (SRD),15.0,13.0,15.0,1.0,9.0,3.0,1,0,0,0,0,0,0
291,giant-sea-horse,https://www.aidedd.org/dnd/monstres.php?vo=giant-sea-horse,2,beast,Large,13,16,swim,unaligned,0,Monster Manual (SRD),12.0,15.0,11.0,2.0,12.0,5.0,1,0,0,0,0,0,0
292,giant-shark,https://www.aidedd.org/dnd/monstres.php?vo=giant-shark,8,beast,Huge,13,126,swim,unaligned,0,Monster Manual (SRD),23.0,11.0,21.0,1.0,10.0,5.0,1,0,0,0,0,0,0
293,giant-spider,https://www.aidedd.org/dnd/monstres.php?vo=giant-spider,4,beast,Large,14,26,,unaligned,0,Monster Manual (SRD),14.0,16.0,12.0,2.0,11.0,4.0,1,0,0,0,0,0,0
294,giant-strider,,4,monstrosity,Large,14,22,,neutral evil,0,Volo's Guide to Monsters,-1.0,-1.0,-1.0,-1.0,-1.0,-1.0,1,1,1,1,1,1,1
295,giant-toad,https://www.aidedd.org/dnd/monstres.php?vo=giant-toad,4,beast,Large,11,39,swim,unaligned,0,Monster Manual (SRD),15.0,13.0,13.0,2.0,10.0,3.0,1,0,0,0,0,0,0
296,giant-two-headed-goat,https://www.aidedd.org/dnd/monstres.php?vo=giant-two-headed-goat,2,beast,Large,11,19,,unaligned,0,Extra (Adventurers League),17.0,11.0,12.0,3.0,12.0,6.0,1,0,0,0,0,0,0
297,giant-vulture,https://www.aidedd.org/dnd/monstres.php?vo=giant-vulture,4,beast,Large,10,22,fly,neutral evil,0,Monster Manual (SRD),15.0,10.0,15.0,6.0,12.0,7.0,1,0,0,0,0,0,0
298,giant-wasp,https://www.aidedd.org/dnd/monstres.php?vo=giant-wasp,2,beast,Medium,12,13,fly,unaligned,0,Monster Manual (SRD),10.0,14.0,10.0,1.0,10.0,3.0,1,0,0,0,0,0,0
299,giant-weasel,https://www.aidedd.org/dnd/monstres.php?vo=giant-weasel,0,beast,Medium,13,9,,unaligned,0,Monster Manual (SRD),11.0,16.0,10.0,4.0,12.0,5.0,1,0,0,0,0,0,0
300,giant-wolf-spider,https://www.aidedd.org/dnd/monstres.php?vo=giant-wolf-spider,1,beast,Medium,13,11,,unaligned,0,Monster Manual (SRD),12.0,16.0,13.0,3.0,12.0,4.0,1,0,0,0,0,0,0
301,gibbering-mouther,https://www.aidedd.org/dnd/monstres.php?vo=gibbering-mouther,5,aberration,Medium,9,67,swim,neutral,0,Monster Manual (SRD),10.0,8.0,16.0,3.0,10.0,6.0,1,0,0,0,0,0,0
302,giff,,6,humanoid,Medium,16,60,,lawful neutral,0,Mordenkainen's Tome of Foes,-1.0,-1.0,-1.0,-1.0,-1.0,-1.0,1,1,1,1,1,1,1
303,girallon,,7,monstrosity,Large,13,59,,unaligned,0,Volo's Guide to Monsters,-1.0,-1.0,-1.0,-1.0,-1.0,-1.0,1,1,1,1,1,1,1
304,githyanki-gish,,13,humanoid (gith),Medium,17,123,,lawful evil,0,Mordenkainen's Tome of Foes,-1.0,-1.0,-1.0,-1.0,-1.0,-1.0,1,1,1,1,1,1,1
305,githyanki-kith--rak,,15,humanoid (gith),Medium,18,180,,lawful evil,0,Mordenkainen's Tome of Foes,-1.0,-1.0,-1.0,-1.0,-1.0,-1.0,1,1,1,1,1,1,1
306,githyanki-knight,,11,humanoid (gith),Medium,18,91,,lawful evil,0,Monster Manual,-1.0,-1.0,-1.0,-1.0,-1.0,-1.0,1,1,1,1,1,1,1
307,githyanki-supreme-commander,,17,humanoid (gith),Medium,18,187,,lawful evil,0,Mordenkainen's Tome of Foes,-1.0,-1.0,-1.0,-1.0,-1.0,-1.0,1,1,1,1,1,1,1
308,githyanki-warrior,,6,humanoid (gith),Medium,17,49,,lawful evil,0,Monster Manual,-1.0,-1.0,-1.0,-1.0,-1.0,-1.0,1,1,1,1,1,1,1
309,githzerai-anarch,,19,humanoid (gith),Medium,20,144,fly,lawful neutral,0,Mordenkainen's Tome of Foes,-1.0,-1.0,-1.0,-1.0,-1.0,-1.0,1,1,1,1,1,1,1
310,githzerai-enlightned,,13,humanoid (gith),Medium,18,112,,lawful neutral,0,Mordenkainen's Tome of Foes,-1.0,-1.0,-1.0,-1.0,-1.0,-1.0,1,1,1,1,1,1,1
311,githzerai-monk,,5,humanoid (gith),Medium,14,38,,lawful neutral,0,Monster Manual,-1.0,-1.0,-1.0,-1.0,-1.0,-1.0,1,1,1,1,1,1,1
312,githzerai-zerth,,9,humanoid (gith),Medium,17,84,,lawful neutral,0,Monster Manual,-1.0,-1.0,-1.0,-1.0,-1.0,-1.0,1,1,1,1,1,1,1
313,glabrezu,https://www.aidedd.org/dnd/monstres.php?vo=glabrezu,12,fiend (demon),Large,17,157,,chaotic evil,0,Monster Manual (SRD),20.0,15.0,21.0,19.0,17.0,16.0,1,0,0,0,0,0,0
314,gladiator,https://www.aidedd.org/dnd/monstres.php?vo=gladiator,8,humanoid (any race),Medium,16,112,,any alignment,0,Monster Manual (SRD),18.0,15.0,16.0,10.0,12.0,15.0,1,0,0,0,0,0,0
315,gloom-weaver,,12,humanoid (elf),Medium,14,104,,neutral,0,Mordenkainen's Tome of Foes,-1.0,-1.0,-1.0,-1.0,-1.0,-1.0,1,1,1,1,1,1,1
316,gnoll,https://www.aidedd.org/dnd/monstres.php?vo=gnoll,2,humanoid (gnoll),Medium,15,22,,chaotic evil,0,Monster Manual (SRD),14.0,12.0,11.0,6.0,10.0,7.0,1,0,0,0,0,0,0
317,gnoll-fang-of-yeenoghu,,7,fiend (gnoll),Medium,14,65,,chaotic evil,0,Monster Manual,-1.0,-1.0,-1.0,-1.0,-1.0,-1.0,1,1,1,1,1,1,1
318,gnoll-flesh-gnawer,,4,humanoid (gnoll),Medium,14,22,,chaotic evil,0,Volo's Guide to Monsters,-1.0,-1.0,-1.0,-1.0,-1.0,-1.0,1,1,1,1,1,1,1
319,gnoll-hunter,,2,humanoid (gnoll),Medium,13,22,,chaotic evil,0,Volo's Guide to Monsters,-1.0,-1.0,-1.0,-1.0,-1.0,-1.0,1,1,1,1,1,1,1
320,gnoll-pack-lord,https://www.aidedd.org/dnd/monstres.php?vo=gnoll-pack-lord,5,humanoid (gnoll),Medium,15,49,,chaotic evil,0,Monster Manual (BR),16.0,14.0,13.0,8.0,11.0,9.0,1,0,0,0,0,0,0
321,gnoll-witherling,,1,undead,Medium,12,11,,chaotic evil,0,Volo's Guide to Monsters,-1.0,-1.0,-1.0,-1.0,-1.0,-1.0,1,1,1,1,1,1,1
322,goat,https://www.aidedd.org/dnd/monstres.php?vo=goat,3,beast,Medium,10,4,,unaligned,0,Monster Manual (SRD),12.0,10.0,11.0,2.0,10.0,5.0,1,0,0,0,0,0,0
323,goblin,https://www.aidedd.org/dnd/monstres.php?vo=goblin,1,humanoid (goblinoid),Small,15,7,,neutral evil,0,Monster Manual (SRD),8.0,14.0,10.0,10.0,8.0,8.0,1,0,0,0,0,0,0
324,goblin-boss,,4,humanoid (goblinoid),Small,17,21,,neutral evil,0,Monster Manual,-1.0,-1.0,-1.0,-1.0,-1.0,-1.0,1,1,1,1,1,1,1
325,gold-dragon-wyrmling,https://www.aidedd.org/dnd/monstres.php?vo=gold-dragon-wyrmling,6,dragon,Medium,17,60,"fly, swim",lawful good,0,Monster Manual (SRD),19.0,14.0,17.0,14.0,11.0,16.0,1,0,0,0,0,0,0
326,gorgon,https://www.aidedd.org/dnd/monstres.php?vo=gorgon,8,monstrosity,Large,19,114,,unaligned,0,Monster Manual (SRD),20.0,11.0,18.0,2.0,12.0,7.0,1,0,0,0,0,0,0
327,goristro,,20,fiend (demon),Huge,19,310,,chaotic evil,0,Monster Manual,-1.0,-1.0,-1.0,-1.0,-1.0,-1.0,1,1,1,1,1,1,1
328,gray-ooze,https://www.aidedd.org/dnd/monstres.php?vo=gray-ooze,2,ooze,Medium,8,22,,unaligned,0,Monster Manual (SRD),12.0,6.0,16.0,1.0,6.0,2.0,1,0,0,0,0,0,0
329,gray-render,,15,monstrosity,Large,19,189,,chaotic neutral,0,Mordenkainen's Tome of Foes,-1.0,-1.0,-1.0,-1.0,-1.0,-1.0,1,1,1,1,1,1,1
330,gray-slaad,,12,aberration (shapechanger),Medium,18,127,,chaotic neutral,0,Monster Manual,-1.0,-1.0,-1.0,-1.0,-1.0,-1.0,1,1,1,1,1,1,1
331,graz-zt,,27,"fiend (demon, shapechanger)",Large,20,346,,chaotic evil,0,Mordenkainen's Tome of Foes,-1.0,-1.0,-1.0,-1.0,-1.0,-1.0,1,1,1,1,1,1,1
332,green-abishai,,18,fiend (devil),Medium,18,187,fly,lawful evil,0,Mordenkainen's Tome of Foes,-1.0,-1.0,-1.0,-1.0,-1.0,-1.0,1,1,1,1,1,1,1
333,green-dragon-wyrmling,https://www.aidedd.org/dnd/monstres.php?vo=green-dragon-wyrmling,5,dragon,Medium,17,38,"fly, swim",lawful evil,0,Monster Manual (SRD),15.0,12.0,13.0,14.0,11.0,13.0,1,0,0,0,0,0,0
334,green-hag,https://www.aidedd.org/dnd/monstres.php?vo=green-hag,6,fey,Medium,17,82,,neutral evil,0,Monster Manual (SRD),18.0,12.0,16.0,13.0,14.0,14.0,1,0,0,0,0,0,0
335,green-slaad,,11,aberration (shapechanger),Large,16,127,,chaotic neutral,0,Monster Manual,-1.0,-1.0,-1.0,-1.0,-1.0,-1.0,1,1,1,1,1,1,1
336,grell,https://www.aidedd.org/dnd/monstres.php?vo=grell,6,aberration,Medium,12,55,fly,neutral evil,0,Monster Manual (BR),15.0,14.0,13.0,12.0,11.0,9.0,1,0,0,0,0,0,0
337,grick,https://www.aidedd.org/dnd/monstres.php?vo=grick,5,monstrosity,Medium,14,27,,neutral,0,Monster Manual (SRD),14.0,14.0,11.0,3.0,14.0,5.0,1,0,0,0,0,0,0
338,grick-alpha,,10,monstrosity,Large,18,75,,neutral,0,Monster Manual,-1.0,-1.0,-1.0,-1.0,-1.0,-1.0,1,1,1,1,1,1,1
339,griffon,https://www.aidedd.org/dnd/monstres.php?vo=griffon,5,monstrosity,Large,12,59,fly,unaligned,0,Monster Manual (SRD),18.0,15.0,16.0,2.0,13.0,8.0,1,0,0,0,0,0,0
340,grimlock,https://www.aidedd.org/dnd/monstres.php?vo=grimlock,1,humanoid (grimlock),Medium,11,11,,neutral evil,0,Monster Manual (SRD),16.0,12.0,12.0,9.0,8.0,6.0,1,0,0,0,0,0,0
341,grung,,1,humanoid (grung),Small,12,11,,lawful evil,0,Volo's Guide to Monsters,-1.0,-1.0,-1.0,-1.0,-1.0,-1.0,1,1,1,1,1,1,1
342,grung-elite-warrior,,5,humanoid (grung),Small,13,49,,lawful evil,0,Volo's Guide to Monsters,-1.0,-1.0,-1.0,-1.0,-1.0,-1.0,1,1,1,1,1,1,1
343,grung-wildling,,4,humanoid (grung),Small,13,27,,lawful evil,0,Volo's Guide to Monsters,-1.0,-1.0,-1.0,-1.0,-1.0,-1.0,1,1,1,1,1,1,1
344,guard,https://www.aidedd.org/dnd/monstres.php?vo=guard,0,humanoid (any race),Medium,16,11,,any alignment,0,Monster Manual (SRD),13.0,12.0,12.0,10.0,11.0,10.0,1,0,0,0,0,0,0
345,guard-drake,,5,dragon,Medium,14,52,,unaligned,0,Volo's Guide to Monsters,-1.0,-1.0,-1.0,-1.0,-1.0,-1.0,1,1,1,1,1,1,1
346,guardian-naga,https://www.aidedd.org/dnd/monstres.php?vo=guardian-naga,13,monstrosity,Large,18,127,,lawful good,0,Monster Manual (SRD),19.0,18.0,16.0,16.0,19.0,18.0,1,0,0,0,0,0,0
347,gynosphinx,https://www.aidedd.org/dnd/monstres.php?vo=gynosphinx,14,monstrosity,Large,17,136,fly,lawful neutral,1,Monster Manual (SRD),18.0,15.0,16.0,18.0,18.0,18.0,0,0,0,0,0,0,0
348,halaster-blackcloak,,26,humanoid (human),Medium,14,246,,chaotic evil,0,Adventures (Dungeon of the Mad Mage),-1.0,-1.0,-1.0,-1.0,-1.0,-1.0,1,1,1,1,1,1,1
349,half-ogre,https://www.aidedd.org/dnd/monstres.php?vo=half-ogre,4,giant,Large,12,30,,any chaotic alignment,0,Monster Manual (BR),17.0,10.0,14.0,7.0,9.0,10.0,1,0,0,0,0,0,0
350,half-red-dragon-veteran,https://www.aidedd.org/dnd/monstres.php?vo=half-red-dragon-veteran,8,humanoid (human),Medium,18,65,,any alignment,0,Monster Manual (BR),16.0,13.0,14.0,10.0,11.0,10.0,1,0,0,0,0,0,0
351,harpy,https://www.aidedd.org/dnd/monstres.php?vo=harpy,4,monstrosity,Medium,11,38,fly,chaotic evil,0,Monster Manual (SRD),12.0,13.0,12.0,7.0,10.0,13.0,1,0,0,0,0,0,0
352,hawk,https://www.aidedd.org/dnd/monstres.php?vo=hawk,3,beast,Tiny,13,1,fly,unaligned,0,Monster Manual (SRD),5.0,16.0,8.0,2.0,14.0,6.0,1,0,0,0,0,0,0
353,hell-hound,https://www.aidedd.org/dnd/monstres.php?vo=hell-hound,6,fiend,Medium,15,45,,lawful evil,0,Monster Manual (SRD),17.0,12.0,14.0,6.0,13.0,6.0,1,0,0,0,0,0,0
354,hellfire-engine,,19,construct,Huge,18,216,,lawful evil,0,Mordenkainen's Tome of Foes,-1.0,-1.0,-1.0,-1.0,-1.0,-1.0,1,1,1,1,1,1,1
355,hellwasp,,8,fiend,Large,19,52,fly,lawful evil,0,Adventures (Descent into Avernus),-1.0,-1.0,-1.0,-1.0,-1.0,-1.0,1,1,1,1,1,1,1
356,helmed-horror,https://www.aidedd.org/dnd/monstres.php?vo=helmed-horror,7,construct,Medium,20,60,fly,neutral,0,Monster Manual (BR),18.0,13.0,16.0,10.0,10.0,10.0,1,0,0,0,0,0,0
357,hezrou,https://www.aidedd.org/dnd/monstres.php?vo=hezrou,11,fiend (demon),Large,16,136,,chaotic evil,0,Monster Manual (SRD),19.0,17.0,20.0,5.0,12.0,13.0,1,0,0,0,0,0,0
358,hill-giant,https://www.aidedd.org/dnd/monstres.php?vo=hill-giant,8,giant,Huge,13,105,,chaotic evil,0,Monster Manual (SRD),21.0,8.0,19.0,5.0,9.0,6.0,1,0,0,0,0,0,0
359,hippogriff,https://www.aidedd.org/dnd/monstres.php?vo=hippogriff,4,monstrosity,Large,11,19,fly,unaligned,0,Monster Manual (SRD),17.0,13.0,13.0,2.0,12.0,8.0,1,0,0,0,0,0,0
360,hobgoblin,https://www.aidedd.org/dnd/monstres.php?vo=hobgoblin,2,humanoid (goblinoid),Medium,18,11,,lawful evil,0,Monster Manual (SRD),13.0,12.0,12.0,10.0,10.0,9.0,1,0,0,0,0,0,0
361,hobgoblin-captain,https://www.aidedd.org/dnd/monstres.php?vo=hobgoblin-captain,6,humanoid (goblinoid),Medium,17,39,,lawful evil,0,Monster Manual (BR),15.0,14.0,14.0,12.0,10.0,13.0,1,0,0,0,0,0,0
362,hobgoblin-devastator,,7,humanoid (goblinoid),Medium,13,45,,lawful evil,0,Volo's Guide to Monsters,-1.0,-1.0,-1.0,-1.0,-1.0,-1.0,1,1,1,1,1,1,1
363,hobgoblin-iron-shadow,https://www.aidedd.org/dnd/monstres.php?vo=hobgoblin-iron-shadow,5,humanoid (goblinoid),Medium,15,32,,lawful evil,0,Volo's Guide to Monsters,14.0,16.0,15.0,14.0,15.0,11.0,1,0,0,0,0,0,0
364,hobgoblin-warlord,,9,humanoid (goblinoid),Medium,20,97,,lawful evil,0,Monster Manual,-1.0,-1.0,-1.0,-1.0,-1.0,-1.0,1,1,1,1,1,1,1
365,homunculus,https://www.aidedd.org/dnd/monstres.php?vo=homunculus,3,construct,Tiny,13,5,fly,neutral,0,Monster Manual (SRD),4.0,15.0,11.0,10.0,10.0,7.0,1,0,0,0,0,0,0
366,hook-horror,https://www.aidedd.org/dnd/monstres.php?vo=hook-horror,6,monstrosity,Large,15,75,,neutral,0,Monster Manual (BR),18.0,10.0,15.0,6.0,12.0,7.0,1,0,0,0,0,0,0
367,horned-devil,https://www.aidedd.org/dnd/monstres.php?vo=horned-devil,14,fiend (devil),Large,18,178,fly,lawful evil,0,Monster Manual (SRD),22.0,17.0,21.0,12.0,16.0,17.0,1,0,0,0,0,0,0
368,howler,,11,fiend,Large,16,90,,chaotic evil,0,Mordenkainen's Tome of Foes,-1.0,-1.0,-1.0,-1.0,-1.0,-1.0,1,1,1,1,1,1,1
369,hulking-crab,,8,beast,Huge,17,76,swim,unaligned,0,Adventures (Storm King's Thunder),-1.0,-1.0,-1.0,-1.0,-1.0,-1.0,1,1,1,1,1,1,1
370,hunter-shark,https://www.aidedd.org/dnd/monstres.php?vo=hunter-shark,5,beast,Large,12,45,swim,unaligned,0,Monster Manual (SRD),18.0,13.0,15.0,1.0,10.0,4.0,1,0,0,0,0,0,0
371,hutijin,,24,fiend (devil),Large,19,200,fly,lawful evil,0,Mordenkainen's Tome of Foes,-1.0,-1.0,-1.0,-1.0,-1.0,-1.0,1,1,1,1,1,1,1
372,hydra,https://www.aidedd.org/dnd/monstres.php?vo=hydra,11,monstrosity,Huge,15,172,swim,unaligned,0,Monster Manual (SRD),20.0,12.0,20.0,2.0,10.0,7.0,1,0,0,0,0,0,0
373,hydroloth,,12,fiend (yugoloth),Medium,15,135,swim,neutral evil,0,Mordenkainen's Tome of Foes,-1.0,-1.0,-1.0,-1.0,-1.0,-1.0,1,1,1,1,1,1,1
374,hyena,https://www.aidedd.org/dnd/monstres.php?vo=hyena,3,beast,Medium,11,5,,unaligned,0,Monster Manual (SRD),11.0,13.0,12.0,2.0,12.0,5.0,1,0,0,0,0,0,0
375,ice-devil,https://www.aidedd.org/dnd/monstres.php?vo=ice-devil,17,fiend (devil),Large,18,180,,lawful evil,0,Monster Manual (SRD),21.0,14.0,18.0,18.0,15.0,18.0,1,0,0,0,0,0,0
376,ice-mephit,https://www.aidedd.org/dnd/monstres.php?vo=ice-mephit,2,elemental,Small,11,21,fly,neutral evil,0,Monster Manual (SRD),7.0,13.0,10.0,9.0,11.0,12.0,1,0,0,0,0,0,0
377,ice-toad,,4,monstrosity,Medium,12,32,swim,neutral,0,Adventures (Tyranny of Dragons),-1.0,-1.0,-1.0,-1.0,-1.0,-1.0,1,1,1,1,1,1,1
378,illusionist,,6,humanoid (any race),Medium,12,38,,any alignment,0,Volo's Guide to Monsters,-1.0,-1.0,-1.0,-1.0,-1.0,-1.0,1,1,1,1,1,1,1
379,imix,,22,elemental,Huge,17,325,fly,neutral evil,0,Adventures (Princes of the Apocalypse),-1.0,-1.0,-1.0,-1.0,-1.0,-1.0,1,1,1,1,1,1,1
380,imp,https://www.aidedd.org/dnd/monstres.php?vo=imp,4,"fiend (devil, shapechanger)",Tiny,13,10,fly,lawful evil,0,Monster Manual (SRD),6.0,17.0,13.0,11.0,12.0,14.0,1,0,0,0,0,0,0
381,intellect-devourer,,5,aberration,Tiny,12,21,,lawful evil,0,Monster Manual,-1.0,-1.0,-1.0,-1.0,-1.0,-1.0,1,1,1,1,1,1,1
382,invisible-stalker,https://www.aidedd.org/dnd/monstres.php?vo=invisible-stalker,9,elemental,Medium,14,104,fly,neutral,0,Monster Manual (SRD),16.0,19.0,14.0,10.0,15.0,11.0,1,0,0,0,0,0,0
383,iron-cobra,,7,construct,Medium,13,45,,unaligned,0,Mordenkainen's Tome of Foes,-1.0,-1.0,-1.0,-1.0,-1.0,-1.0,1,1,1,1,1,1,1
384,iron-consul,,5,humanoid (human),Medium,16,45,,lawful evil,0,Adventures (Descent into Avernus),-1.0,-1.0,-1.0,-1.0,-1.0,-1.0,1,1,1,1,1,1,1
385,iron-golem,https://www.aidedd.org/dnd/monstres.php?vo=iron-golem,19,construct,Large,20,210,,unaligned,0,Monster Manual (SRD),24.0,9.0,20.0,3.0,11.0,1.0,1,0,0,0,0,0,0
386,jackal,https://www.aidedd.org/dnd/monstres.php?vo=jackal,3,beast,Small,12,3,,unaligned,0,Monster Manual (SRD),8.0,15.0,11.0,3.0,12.0,6.0,1,0,0,0,0,0,0
387,jackalwere,https://www.aidedd.org/dnd/monstres.php?vo=jackalwere,2,humanoid (shapechanger),Medium,12,18,,chaotic evil,0,Monster Manual (BR),11.0,15.0,11.0,13.0,11.0,10.0,1,0,0,0,0,0,0
388,jaculi,,2,beast,Large,14,16,,unaligned,0,Adventures (Tomb of Annihilation),-1.0,-1.0,-1.0,-1.0,-1.0,-1.0,1,1,1,1,1,1,1
389,jarlaxle-baenre,,18,humanoid (elf),Medium,24,123,,chaotic neutral,0,Adventures (Dragon Heist),-1.0,-1.0,-1.0,-1.0,-1.0,-1.0,1,1,1,1,1,1,1
390,juiblex,,26,fiend (demon),Huge,18,350,,chaotic evil,0,Mordenkainen's Tome of Foes,-1.0,-1.0,-1.0,-1.0,-1.0,-1.0,1,1,1,1,1,1,1
391,kamadan,,7,monstrosity,Large,13,67,,unaligned,0,Adventures (Tomb of Annihilation),-1.0,-1.0,-1.0,-1.0,-1.0,-1.0,1,1,1,1,1,1,1
392,kenku,https://www.aidedd.org/dnd/monstres.php?vo=kenku,1,humanoid (kenku),Medium,13,13,,chaotic neutral,0,Monster Manual (BR),10.0,16.0,10.0,11.0,10.0,10.0,1,0,0,0,0,0,0
393,ki-rin,,15,celestial,Huge,20,152,fly,lawful good,1,Volo's Guide to Monsters,-1.0,-1.0,-1.0,-1.0,-1.0,-1.0,0,1,1,1,1,1,1
394,killer-whale,https://www.aidedd.org/dnd/monstres.php?vo=killer-whale,6,beast,Huge,12,90,swim,unaligned,0,Monster Manual (SRD),19.0,10.0,13.0,3.0,12.0,7.0,1,0,0,0,0,0,0
395,knight,https://www.aidedd.org/dnd/monstres.php?vo=knight,6,humanoid (any race),Medium,18,52,,any alignment,0,Monster Manual (SRD),16.0,11.0,14.0,11.0,11.0,15.0,1,0,0,0,0,0,0
396,kobold,https://www.aidedd.org/dnd/monstres.php?vo=kobold,0,humanoid (kobold),Small,12,5,,lawful evil,0,Monster Manual (SRD),7.0,15.0,9.0,8.0,7.0,8.0,1,0,0,0,0,0,0
397,kobold-dragonshield,,4,humanoid (kobold),Small,15,44,,lawful evil,0,Volo's Guide to Monsters,-1.0,-1.0,-1.0,-1.0,-1.0,-1.0,1,1,1,1,1,1,1
398,kobold-inventor,https://www.aidedd.org/dnd/monstres.php?vo=kobold-inventor,1,humanoid (kobold),Small,12,13,,lawful evil,0,Volo's Guide to Monsters,7.0,15.0,12.0,8.0,7.0,8.0,1,0,0,0,0,0,0
399,kobold-scale-sorcerer,,4,humanoid (kobold),Small,15,27,,lawful evil,0,Volo's Guide to Monsters,-1.0,-1.0,-1.0,-1.0,-1.0,-1.0,1,1,1,1,1,1,1
400,korred,,10,fey,Small,17,102,,chaotic neutral,0,Volo's Guide to Monsters,-1.0,-1.0,-1.0,-1.0,-1.0,-1.0,1,1,1,1,1,1,1
401,kraken,https://www.aidedd.org/dnd/monstres.php?vo=kraken,26,monstrosity (titan),Gargantuan,18,472,swim,chaotic evil,1,Monster Manual (SRD),30.0,11.0,25.0,22.0,18.0,20.0,0,0,0,0,0,0,0
402,kraken-priest,,8,humanoid (any race),Medium,10,75,swim,any evil alignment,0,Volo's Guide to Monsters,-1.0,-1.0,-1.0,-1.0,-1.0,-1.0,1,1,1,1,1,1,1
403,kruthik-hive-lord,,8,monstrosity,Large,20,102,,unaligned,0,Mordenkainen's Tome of Foes,-1.0,-1.0,-1.0,-1.0,-1.0,-1.0,1,1,1,1,1,1,1
404,kuo-toa,https://www.aidedd.org/dnd/monstres.php?vo=kuo-toa,1,humanoid (kuo-toa),Medium,13,18,swim,neutral evil,0,Monster Manual (BR),13.0,10.0,11.0,11.0,10.0,8.0,1,0,0,0,0,0,0
405,kuo-toa-archpriest,https://www.aidedd.org/dnd/monstres.php?vo=kuo-toa-archpriest,9,humanoid (kuo-toa),Medium,13,97,swim,neutral evil,0,Monster Manual (BR),16.0,14.0,16.0,13.0,16.0,14.0,1,0,0,0,0,0,0
406,kuo-toa-whip,https://www.aidedd.org/dnd/monstres.php?vo=kuo-toa-whip,4,humanoid (kuo-toa),Medium,11,65,swim,neutral evil,0,Monster Manual (BR),14.0,10.0,14.0,12.0,14.0,11.0,1,0,0,0,0,0,0
407,laeral-silverhand,https://www.aidedd.org/dnd/monstres.php?vo=laeral-silverhand,20,humanoid (human),Medium,18,228,,chaotic good,0,Adventures (Dragon Heist),13.0,17.0,20.0,20.0,20.0,19.0,1,0,0,0,0,0,0
408,lamia,https://www.aidedd.org/dnd/monstres.php?vo=lamia,7,monstrosity,Large,13,97,,chaotic evil,0,Monster Manual (SRD),16.0,13.0,15.0,14.0,15.0,16.0,1,0,0,0,0,0,0
409,lemure,https://www.aidedd.org/dnd/monstres.php?vo=lemure,3,fiend (devil),Medium,7,13,,lawful evil,0,Monster Manual (SRD),10.0,5.0,11.0,1.0,11.0,3.0,1,0,0,0,0,0,0
410,leucrotta,,6,monstrosity,Large,14,67,,chaotic evil,0,Volo's Guide to Monsters,-1.0,-1.0,-1.0,-1.0,-1.0,-1.0,1,1,1,1,1,1,1
411,leviathan,,23,elemental,Gargantuan,17,328,swim,neutral,0,Mordenkainen's Tome of Foes,-1.0,-1.0,-1.0,-1.0,-1.0,-1.0,1,1,1,1,1,1,1
412,lich,https://www.aidedd.org/dnd/monstres.php?vo=lich,24,undead,Medium,17,135,,any evil alignment,1,Monster Manual (SRD),11.0,16.0,16.0,20.0,14.0,16.0,0,0,0,0,0,0,0
413,lion,https://www.aidedd.org/dnd/monstres.php?vo=lion,4,beast,Large,12,26,,unaligned,0,Monster Manual (SRD),17.0,15.0,13.0,3.0,12.0,8.0,1,0,0,0,0,0,0
414,lizard,https://www.aidedd.org/dnd/monstres.php?vo=lizard,3,beast,Tiny,10,2,,unaligned,0,Monster Manual (SRD),2.0,11.0,10.0,1.0,8.0,3.0,1,0,0,0,0,0,0
415,lizard-king-queen,https://www.aidedd.org/dnd/monstres.php?vo=lizard-king-queen,7,humanoid (lizardfolk),Medium,15,78,swim,chaotic evil,0,Monster Manual (BR),17.0,12.0,15.0,11.0,11.0,15.0,1,0,0,0,0,0,0
416,lizardfolk,https://www.aidedd.org/dnd/monstres.php?vo=lizardfolk,2,humanoid (lizardfolk),Medium,15,22,swim,neutral,0,Monster Manual (SRD),15.0,10.0,13.0,7.0,12.0,7.0,1,0,0,0,0,0,0
417,lizardfolk-shaman,https://www.aidedd.org/dnd/monstres.php?vo=lizardfolk-shaman,5,humanoid (lizardfolk),Medium,13,27,swim,neutral,0,Monster Manual (BR),15.0,10.0,13.0,10.0,15.0,8.0,1,0,0,0,0,0,0
418,mage,https://www.aidedd.org/dnd/monstres.php?vo=mage,9,humanoid (any race),Medium,12,40,,any alignment,0,Monster Manual (SRD),9.0,14.0,11.0,17.0,12.0,11.0,1,0,0,0,0,0,0
419,magma-mephit,https://www.aidedd.org/dnd/monstres.php?vo=magma-mephit,2,elemental,Small,11,22,fly,neutral evil,0,Monster Manual (SRD),8.0,12.0,12.0,7.0,10.0,10.0,1,0,0,0,0,0,0
420,magmin,https://www.aidedd.org/dnd/monstres.php?vo=magmin,2,elemental,Small,14,9,,chaotic neutral,0,Monster Manual (SRD),7.0,15.0,12.0,8.0,11.0,10.0,1,0,0,0,0,0,0
421,male-steeder,,1,monstrosity,Medium,12,13,,unaligned,0,Mordenkainen's Tome of Foes,-1.0,-1.0,-1.0,-1.0,-1.0,-1.0,1,1,1,1,1,1,1
422,mammoth,https://www.aidedd.org/dnd/monstres.php?vo=mammoth,9,beast,Huge,13,126,,unaligned,0,Monster Manual (SRD),24.0,9.0,21.0,3.0,11.0,6.0,1,0,0,0,0,0,0
423,manes,,0,fiend (demon),Small,9,9,,chaotic evil,0,Monster Manual,-1.0,-1.0,-1.0,-1.0,-1.0,-1.0,1,1,1,1,1,1,1
424,manshoon,,16,humanoid (human),Medium,19,126,,lawful evil,0,Adventures (Dragon Heist),-1.0,-1.0,-1.0,-1.0,-1.0,-1.0,1,1,1,1,1,1,1
425,manticore,https://www.aidedd.org/dnd/monstres.php?vo=manticore,6,monstrosity,Large,14,68,fly,lawful evil,0,Monster Manual (SRD),17.0,16.0,17.0,7.0,12.0,8.0,1,0,0,0,0,0,0
426,mantrap,,4,plant,Large,12,45,,unaligned,0,Adventures (Tomb of Annihilation),-1.0,-1.0,-1.0,-1.0,-1.0,-1.0,1,1,1,1,1,1,1
427,marid,,14,elemental,Large,17,229,"fly, swim",chaotic neutral,0,Monster Manual,-1.0,-1.0,-1.0,-1.0,-1.0,-1.0,1,1,1,1,1,1,1
428,marilith,https://www.aidedd.org/dnd/monstres.php?vo=marilith,19,fiend (demon),Large,18,189,,chaotic evil,0,Monster Manual (SRD),18.0,20.0,20.0,18.0,16.0,20.0,1,0,0,0,0,0,0
429,martial-arts-adept,,6,humanoid (any race),Medium,16,60,,any alignment,0,Volo's Guide to Monsters,-1.0,-1.0,-1.0,-1.0,-1.0,-1.0,1,1,1,1,1,1,1
430,marut,,28,construct (inevitable),Large,22,432,fly,lawful neutral,0,Mordenkainen's Tome of Foes,-1.0,-1.0,-1.0,-1.0,-1.0,-1.0,1,1,1,1,1,1,1
431,master-of-souls,,7,humanoid (human),Medium,12,45,,neutral evil,0,Adventures (Descent into Avernus),-1.0,-1.0,-1.0,-1.0,-1.0,-1.0,1,1,1,1,1,1,1
432,master-thief,,8,humanoid (any race),Medium,16,84,,any alignment,0,Volo's Guide to Monsters,-1.0,-1.0,-1.0,-1.0,-1.0,-1.0,1,1,1,1,1,1,1
433,mastiff,https://www.aidedd.org/dnd/monstres.php?vo=mastiff,0,beast,Medium,12,5,,unaligned,0,Monster Manual (SRD),13.0,14.0,12.0,3.0,12.0,7.0,1,0,0,0,0,0,0
434,maurezhi,,10,fiend (demon),Medium,15,88,,chaotic evil,0,Mordenkainen's Tome of Foes,-1.0,-1.0,-1.0,-1.0,-1.0,-1.0,1,1,1,1,1,1,1
435,maw-demon,,4,fiend (demon),Medium,13,33,,chaotic evil,0,Volo's Guide to Monsters,-1.0,-1.0,-1.0,-1.0,-1.0,-1.0,1,1,1,1,1,1,1
436,meazel,,4,humanoid (meazel),Medium,13,35,,neutral evil,0,Mordenkainen's Tome of Foes,-1.0,-1.0,-1.0,-1.0,-1.0,-1.0,1,1,1,1,1,1,1
437,medusa,https://www.aidedd.org/dnd/monstres.php?vo=medusa,9,monstrosity,Medium,15,127,,lawful evil,0,Monster Manual (SRD),10.0,15.0,16.0,12.0,13.0,15.0,1,0,0,0,0,0,0
438,meenlock,,5,fey,Small,15,31,,neutral evil,0,Volo's Guide to Monsters,-1.0,-1.0,-1.0,-1.0,-1.0,-1.0,1,1,1,1,1,1,1
439,merfolk,https://www.aidedd.org/dnd/monstres.php?vo=merfolk,0,humanoid (merfolk),Medium,11,11,swim,neutral,0,Monster Manual (SRD),10.0,13.0,12.0,11.0,11.0,12.0,1,0,0,0,0,0,0
440,merregon,,7,fiend (devil),Medium,16,45,,lawful evil,0,Mordenkainen's Tome of Foes,-1.0,-1.0,-1.0,-1.0,-1.0,-1.0,1,1,1,1,1,1,1
441,merrenoloth,,6,fiend (yugoloth),Medium,13,40,swim,neutral evil,0,Mordenkainen's Tome of Foes,-1.0,-1.0,-1.0,-1.0,-1.0,-1.0,1,1,1,1,1,1,1
442,merrow,https://www.aidedd.org/dnd/monstres.php?vo=merrow,5,monstrosity,Large,13,45,swim,chaotic evil,0,Monster Manual (SRD),18.0,10.0,15.0,8.0,10.0,9.0,1,0,0,0,0,0,0
443,mezzoloth,https://www.aidedd.org/dnd/monstres.php?vo=mezzoloth,8,fiend (yugoloth),Medium,18,75,,neutral evil,0,Monster Manual (BR),18.0,11.0,16.0,7.0,10.0,11.0,1,0,0,0,0,0,0
444,mimic,https://www.aidedd.org/dnd/monstres.php?vo=mimic,5,monstrosity (shapechanger),Medium,12,58,,neutral,0,Monster Manual (SRD),17.0,12.0,15.0,5.0,13.0,8.0,1,0,0,0,0,0,0
445,mind-flayer,,10,aberration,Medium,15,71,,lawful evil,0,Monster Manual,-1.0,-1.0,-1.0,-1.0,-1.0,-1.0,1,1,1,1,1,1,1
446,mindwitness,https://www.aidedd.org/dnd/monstres.php?vo=mindwitness,8,aberration,Large,15,75,fly,lawful evil,0,Volo's Guide to Monsters,10.0,14.0,14.0,15.0,15.0,10.0,1,0,0,0,0,0,0
447,minotaur,https://www.aidedd.org/dnd/monstres.php?vo=minotaur,6,monstrosity,Large,14,76,,chaotic evil,0,Monster Manual (SRD),18.0,11.0,16.0,6.0,16.0,9.0,1,0,0,0,0,0,0
448,minotaur-skeleton,https://www.aidedd.org/dnd/monstres.php?vo=minotaur-skeleton,5,undead,Large,12,67,,lawful evil,0,Monster Manual (SRD),18.0,11.0,15.0,6.0,8.0,5.0,1,0,0,0,0,0,0
449,moloch,https://www.aidedd.org/dnd/monstres.php?vo=moloch,24,fiend (devil),Large,19,253,,lawful evil,1,Mordenkainen's Tome of Foes,26.0,19.0,22.0,21.0,18.0,23.0,0,0,0,0,0,0,0
450,molydeus,,24,fiend (demon),Huge,19,216,,chaotic evil,0,Mordenkainen's Tome of Foes,-1.0,-1.0,-1.0,-1.0,-1.0,-1.0,1,1,1,1,1,1,1
451,monodrone,,0,construct,Medium,15,5,fly,lawful neutral,0,Monster Manual,-1.0,-1.0,-1.0,-1.0,-1.0,-1.0,1,1,1,1,1,1,1
452,morkoth,,14,aberration,Medium,17,130,swim,chaotic evil,0,Volo's Guide to Monsters,-1.0,-1.0,-1.0,-1.0,-1.0,-1.0,1,1,1,1,1,1,1
453,mouth-of-grolantor,,9,giant (hill giant),Huge,14,105,,chaotic evil,0,Volo's Guide to Monsters,-1.0,-1.0,-1.0,-1.0,-1.0,-1.0,1,1,1,1,1,1,1
454,mud-mephit,https://www.aidedd.org/dnd/monstres.php?vo=mud-mephit,1,elemental,Small,11,27,"fly, swim",neutral evil,0,Monster Manual (SRD),8.0,12.0,12.0,9.0,11.0,7.0,1,0,0,0,0,0,0
455,mule,https://www.aidedd.org/dnd/monstres.php?vo=mule,0,beast,Medium,10,11,,unaligned,0,Monster Manual (SRD),14.0,10.0,13.0,2.0,10.0,5.0,1,0,0,0,0,0,0
456,mummified-warrior,https://www.aidedd.org/dnd/monstres.php?vo=mummified-warrior,1,undead,Medium,8,19,,neutral,0,Extra (AideDD),13.0,6.0,14.0,8.0,6.0,8.0,1,0,0,0,0,0,0
457,mummy,https://www.aidedd.org/dnd/monstres.php?vo=mummy,6,undead,Medium,11,58,,lawful evil,0,Monster Manual (SRD),16.0,8.0,15.0,6.0,10.0,12.0,1,0,0,0,0,0,0
458,mummy-lord,https://www.aidedd.org/dnd/monstres.php?vo=mummy-lord,18,undead,Medium,17,97,,lawful evil,1,Monster Manual (SRD),18.0,10.0,17.0,11.0,18.0,16.0,0,0,0,0,0,0,0
459,myconid-adult,,2,plant,Medium,12,22,,lawful neutral,0,Monster Manual,-1.0,-1.0,-1.0,-1.0,-1.0,-1.0,1,1,1,1,1,1,1
460,myconid-sovereign,,5,plant,Large,13,60,,lawful neutral,0,Monster Manual,-1.0,-1.0,-1.0,-1.0,-1.0,-1.0,1,1,1,1,1,1,1
461,myconid-sprout,,3,plant,Small,10,7,,lawful neutral,0,Monster Manual,-1.0,-1.0,-1.0,-1.0,-1.0,-1.0,1,1,1,1,1,1,1
462,nabassu,,18,fiend (demon),Medium,18,190,fly,chaotic evil,0,Mordenkainen's Tome of Foes,-1.0,-1.0,-1.0,-1.0,-1.0,-1.0,1,1,1,1,1,1,1
463,nagpa,,20,humanoid (nagpa),Medium,19,187,,neutral evil,0,Mordenkainen's Tome of Foes,-1.0,-1.0,-1.0,-1.0,-1.0,-1.0,1,1,1,1,1,1,1
464,nalfeshnee,https://www.aidedd.org/dnd/monstres.php?vo=nalfeshnee,16,fiend (demon),Large,18,184,fly,chaotic evil,0,Monster Manual (SRD),21.0,10.0,22.0,19.0,12.0,15.0,1,0,0,0,0,0,0
465,narzugon,https://www.aidedd.org/dnd/monstres.php?vo=narzugon,16,fiend (devil),Medium,20,112,,lawful evil,0,Mordenkainen's Tome of Foes,20.0,10.0,17.0,16.0,14.0,19.0,1,0,0,0,0,0,0
466,necromancer,,12,humanoid (any race),Medium,12,66,,any alignment,0,Volo's Guide to Monsters,-1.0,-1.0,-1.0,-1.0,-1.0,-1.0,1,1,1,1,1,1,1
467,necromite-of-myrkul,,2,humanoid (human),Medium,11,13,,neutral evil,0,Adventures (Descent into Avernus),-1.0,-1.0,-1.0,-1.0,-1.0,-1.0,1,1,1,1,1,1,1
468,needle-blight,,1,plant,Medium,12,11,,neutral evil,0,Monster Manual,-1.0,-1.0,-1.0,-1.0,-1.0,-1.0,1,1,1,1,1,1,1
469,neogi,,6,aberration,Small,15,33,,lawful evil,0,Volo's Guide to Monsters,-1.0,-1.0,-1.0,-1.0,-1.0,-1.0,1,1,1,1,1,1,1
470,neogi-hatchling,,0,aberration,Tiny,11,7,,lawful evil,0,Volo's Guide to Monsters,-1.0,-1.0,-1.0,-1.0,-1.0,-1.0,1,1,1,1,1,1,1
471,neogi-master,,7,aberration,Medium,15,71,,lawful evil,0,Volo's Guide to Monsters,-1.0,-1.0,-1.0,-1.0,-1.0,-1.0,1,1,1,1,1,1,1
472,neothelid,,16,aberration,Gargantuan,16,325,,chaotic evil,0,Volo's Guide to Monsters,-1.0,-1.0,-1.0,-1.0,-1.0,-1.0,1,1,1,1,1,1,1
473,night-blade,,1,humanoid (human),Medium,12,11,,chaotic evil,0,Adventures (Descent into Avernus),-1.0,-1.0,-1.0,-1.0,-1.0,-1.0,1,1,1,1,1,1,1
474,night-hag,https://www.aidedd.org/dnd/monstres.php?vo=night-hag,8,fiend,Medium,17,112,,neutral evil,0,Monster Manual (SRD),18.0,15.0,16.0,16.0,14.0,16.0,1,0,0,0,0,0,0
475,nightmare,https://www.aidedd.org/dnd/monstres.php?vo=nightmare,6,fiend,Large,13,68,fly,neutral evil,0,Monster Manual (SRD),18.0,15.0,16.0,10.0,13.0,15.0,1,0,0,0,0,0,0
476,nightwalker,,23,undead,Huge,14,297,fly,chaotic evil,0,Mordenkainen's Tome of Foes,-1.0,-1.0,-1.0,-1.0,-1.0,-1.0,1,1,1,1,1,1,1
477,nilbog,https://www.aidedd.org/dnd/monstres.php?vo=nilbog,4,humanoid (goblinoid),Small,13,7,,chaotic evil,0,Volo's Guide to Monsters,8.0,14.0,10.0,10.0,8.0,15.0,1,0,0,0,0,0,0
478,noble,https://www.aidedd.org/dnd/monstres.php?vo=noble,0,humanoid (any race),Medium,15,9,,any alignment,0,Monster Manual (SRD),11.0,12.0,11.0,12.0,14.0,16.0,1,0,0,0,0,0,0
479,nothic,https://www.aidedd.org/dnd/monstres.php?vo=nothic,5,aberration,Medium,15,45,,neutral evil,0,Monster Manual,14.0,16.0,16.0,13.0,10.0,8.0,1,0,0,0,0,0,0
480,nupperibo,,2,fiend (devil),Medium,13,11,,lawful evil,0,Mordenkainen's Tome of Foes,-1.0,-1.0,-1.0,-1.0,-1.0,-1.0,1,1,1,1,1,1,1
481,nycaloth,https://www.aidedd.org/dnd/monstres.php?vo=nycaloth,12,fiend (yugoloth),Large,18,123,fly,neutral evil,0,Monster Manual (BR),20.0,11.0,19.0,12.0,10.0,15.0,1,0,0,0,0,0,0
482,oblex-spawn,,1,ooze,Tiny,13,18,,lawful evil,0,Mordenkainen's Tome of Foes,-1.0,-1.0,-1.0,-1.0,-1.0,-1.0,1,1,1,1,1,1,1
483,ochre-jelly,https://www.aidedd.org/dnd/monstres.php?vo=ochre-jelly,5,ooze,Large,8,45,,unaligned,0,Monster Manual (SRD),15.0,6.0,14.0,2.0,6.0,1.0,1,0,0,0,0,0,0
484,octopus,https://www.aidedd.org/dnd/monstres.php?vo=octopus,3,beast,Small,12,3,swim,unaligned,0,Monster Manual (SRD),4.0,15.0,11.0,3.0,10.0,4.0,1,0,0,0,0,0,0
485,ogre,https://www.aidedd.org/dnd/monstres.php?vo=ogre,5,giant,Large,11,59,,chaotic evil,0,Monster Manual (SRD),19.0,8.0,16.0,5.0,7.0,7.0,1,0,0,0,0,0,0
486,ogre-battering-ram,,7,giant,Large,14,59,,chaotic evil,0,Mordenkainen's Tome of Foes,-1.0,-1.0,-1.0,-1.0,-1.0,-1.0,1,1,1,1,1,1,1
487,ogre-bolt-launcher,,5,giant,Large,13,59,,chaotic evil,0,Mordenkainen's Tome of Foes,-1.0,-1.0,-1.0,-1.0,-1.0,-1.0,1,1,1,1,1,1,1
488,ogre-chain-brute,,6,giant,Large,11,59,,chaotic evil,0,Mordenkainen's Tome of Foes,-1.0,-1.0,-1.0,-1.0,-1.0,-1.0,1,1,1,1,1,1,1
489,ogre-howdah,,5,giant,Large,13,59,,chaotic evil,0,Mordenkainen's Tome of Foes,-1.0,-1.0,-1.0,-1.0,-1.0,-1.0,1,1,1,1,1,1,1
490,ogre-zombie,https://www.aidedd.org/dnd/monstres.php?vo=ogre-zombie,5,undead,Large,8,85,,neutral evil,0,Monster Manual (SRD),19.0,6.0,18.0,3.0,6.0,5.0,1,0,0,0,0,0,0
491,ogremoch,,23,elemental,Gargantuan,20,526,,neutral evil,0,Adventures (Princes of the Apocalypse),-1.0,-1.0,-1.0,-1.0,-1.0,-1.0,1,1,1,1,1,1,1
492,oinoloth,,15,fiend (yugoloth),Medium,17,126,,neutral evil,0,Mordenkainen's Tome of Foes,-1.0,-1.0,-1.0,-1.0,-1.0,-1.0,1,1,1,1,1,1,1
493,olhydra,,21,elemental,Huge,18,324,swim,neutral evil,0,Adventures (Princes of the Apocalypse),-1.0,-1.0,-1.0,-1.0,-1.0,-1.0,1,1,1,1,1,1,1
494,oni,https://www.aidedd.org/dnd/monstres.php?vo=oni,10,giant,Large,16,110,fly,lawful evil,0,Monster Manual (SRD),19.0,11.0,16.0,14.0,12.0,15.0,1,0,0,0,0,0,0
495,orc,https://www.aidedd.org/dnd/monstres.php?vo=orc,2,humanoid (orc),Medium,13,15,,chaotic evil,0,Monster Manual (SRD),16.0,12.0,16.0,7.0,11.0,10.0,1,0,0,0,0,0,0
496,orc-blade-of-ilneval,,7,humanoid (orc),Medium,18,60,,chaotic evil,0,Volo's Guide to Monsters,-1.0,-1.0,-1.0,-1.0,-1.0,-1.0,1,1,1,1,1,1,1
497,orc-claw-of-luthic,,5,humanoid (orc),Medium,14,45,,chaotic evil,0,Volo's Guide to Monsters,-1.0,-1.0,-1.0,-1.0,-1.0,-1.0,1,1,1,1,1,1,1
498,orc-eye-of-gruumsh,https://www.aidedd.org/dnd/monstres.php?vo=orc-eye-of-gruumsh,5,humanoid (orc),Medium,16,45,,chaotic evil,0,Monster Manual (BR),16.0,12.0,16.0,9.0,13.0,12.0,1,0,0,0,0,0,0
499,orc-hand-of-yurtrus,,5,humanoid (orc),Medium,12,30,,chaotic evil,0,Volo's Guide to Monsters,-1.0,-1.0,-1.0,-1.0,-1.0,-1.0,1,1,1,1,1,1,1
500,orc-red-fang-of-shargaas,,6,humanoid (orc),Medium,15,52,,chaotic evil,0,Volo's Guide to Monsters,-1.0,-1.0,-1.0,-1.0,-1.0,-1.0,1,1,1,1,1,1,1
501,orc-war-chief,,7,humanoid (orc),Medium,16,93,,chaotic evil,0,Monster Manual,-1.0,-1.0,-1.0,-1.0,-1.0,-1.0,1,1,1,1,1,1,1
502,orcus,https://www.aidedd.org/dnd/monstres.php?vo=orcus,29,fiend (demon),Huge,17,405,fly,chaotic evil,1,Mordenkainen's Tome of Foes,27.0,14.0,25.0,20.0,20.0,25.0,0,0,0,0,0,0,0
503,orog,https://www.aidedd.org/dnd/monstres.php?vo=orog,5,humanoid (orc),Medium,18,42,,chaotic evil,0,Monster Manual (BR),18.0,12.0,18.0,12.0,11.0,12.0,1,0,0,0,0,0,0
504,orthon,,13,fiend (devil),Large,17,105,,lawful evil,0,Mordenkainen's Tome of Foes,-1.0,-1.0,-1.0,-1.0,-1.0,-1.0,1,1,1,1,1,1,1
505,otyugh,https://www.aidedd.org/dnd/monstres.php?vo=otyugh,8,aberration,Large,14,114,,neutral,0,Monster Manual (SRD),16.0,11.0,19.0,6.0,13.0,6.0,1,0,0,0,0,0,0
506,owl,https://www.aidedd.org/dnd/monstres.php?vo=owl,3,beast,Tiny,11,1,fly,unaligned,0,Monster Manual (SRD),3.0,13.0,8.0,2.0,12.0,7.0,1,0,0,0,0,0,0
507,owlbear,https://www.aidedd.org/dnd/monstres.php?vo=owlbear,6,monstrosity,Large,13,59,,unaligned,0,Monster Manual (SRD),20.0,12.0,17.0,3.0,12.0,7.0,1,0,0,0,0,0,0
508,panther,https://www.aidedd.org/dnd/monstres.php?vo=panther,1,beast,Medium,12,13,,unaligned,0,Monster Manual (SRD),14.0,15.0,10.0,3.0,14.0,7.0,1,0,0,0,0,0,0
509,pegasus,https://www.aidedd.org/dnd/monstres.php?vo=pegasus,5,celestial,Large,12,59,fly,chaotic good,0,Monster Manual (SRD),18.0,15.0,16.0,10.0,15.0,13.0,1,0,0,0,0,0,0
510,pentadrone,,5,construct,Large,16,32,,lawful neutral,0,Monster Manual,-1.0,-1.0,-1.0,-1.0,-1.0,-1.0,1,1,1,1,1,1,1
511,peryton,https://www.aidedd.org/dnd/monstres.php?vo=peryton,5,monstrosity,Medium,13,33,fly,chaotic evil,0,Monster Manual (BR),16.0,12.0,13.0,9.0,12.0,10.0,1,0,0,0,0,0,0
512,phase-spider,https://www.aidedd.org/dnd/monstres.php?vo=phase-spider,6,monstrosity,Large,13,32,,unaligned,0,Monster Manual (SRD),15.0,15.0,12.0,6.0,10.0,6.0,1,0,0,0,0,0,0
513,phoenix,,19,elemental,Gargantuan,18,175,fly,neutral,0,Mordenkainen's Tome of Foes,-1.0,-1.0,-1.0,-1.0,-1.0,-1.0,1,1,1,1,1,1,1
514,piercer,https://www.aidedd.org/dnd/monstres.php?vo=piercer,2,monstrosity,Medium,15,22,,unaligned,0,Monster Manual (BR),10.0,13.0,16.0,1.0,7.0,3.0,1,0,0,0,0,0,0
515,pit-fiend,https://www.aidedd.org/dnd/monstres.php?vo=pit-fiend,23,fiend (devil),Large,19,300,fly,lawful evil,0,Monster Manual (SRD),26.0,14.0,24.0,22.0,18.0,24.0,1,0,0,0,0,0,0
516,pixie,,1,fey,Tiny,15,1,fly,neutral good,0,Monster Manual,-1.0,-1.0,-1.0,-1.0,-1.0,-1.0,1,1,1,1,1,1,1
517,planetar,https://www.aidedd.org/dnd/monstres.php?vo=planetar,19,celestial,Large,19,200,fly,lawful good,0,Monster Manual (SRD),24.0,20.0,24.0,19.0,22.0,25.0,1,0,0,0,0,0,0
518,plesiosaurus,https://www.aidedd.org/dnd/monstres.php?vo=plesiosaurus,5,beast,Large,13,68,swim,unaligned,0,Monster Manual (SRD),18.0,15.0,16.0,2.0,12.0,5.0,1,0,0,0,0,0,0
519,poisonous-snake,https://www.aidedd.org/dnd/monstres.php?vo=poisonous-snake,0,beast,Tiny,13,2,swim,unaligned,0,Monster Manual (SRD),2.0,16.0,11.0,1.0,10.0,3.0,1,0,0,0,0,0,0
520,polar-bear,https://www.aidedd.org/dnd/monstres.php?vo=polar-bear,5,beast,Large,12,42,swim,unaligned,0,Monster Manual (SRD),20.0,10.0,16.0,2.0,13.0,7.0,1,0,0,0,0,0,0
521,pony,https://www.aidedd.org/dnd/monstres.php?vo=pony,0,beast,Medium,10,11,,unaligned,0,Monster Manual (SRD),15.0,10.0,13.0,2.0,11.0,7.0,1,0,0,0,0,0,0
522,priest,https://www.aidedd.org/dnd/monstres.php?vo=priest,5,humanoid (any race),Medium,13,27,,any alignment,0,Monster Manual (SRD),10.0,10.0,12.0,13.0,16.0,13.0,1,0,0,0,0,0,0
523,pseudodragon,https://www.aidedd.org/dnd/monstres.php?vo=pseudodragon,1,dragon,Tiny,13,7,fly,neutral good,0,Monster Manual (SRD),6.0,15.0,13.0,10.0,12.0,10.0,1,0,0,0,0,0,0
524,pterafolk,,4,monstrosity,Large,12,26,fly,neutral evil,0,Adventures (Tomb of Annihilation),-1.0,-1.0,-1.0,-1.0,-1.0,-1.0,1,1,1,1,1,1,1
525,pteranodon,https://www.aidedd.org/dnd/monstres.php?vo=pteranodon,1,beast,Medium,13,13,fly,unaligned,0,Monster Manual (SRD),12.0,15.0,10.0,2.0,9.0,5.0,1,0,0,0,0,0,0
526,purple-worm,https://www.aidedd.org/dnd/monstres.php?vo=purple-worm,18,monstrosity,Gargantuan,18,247,,unaligned,0,Monster Manual (SRD),28.0,7.0,22.0,1.0,8.0,4.0,1,0,0,0,0,0,0
527,purple-wormling,,5,monstrosity,Large,12,42,,unaligned,0,Adventures (Storm King's Thunder),-1.0,-1.0,-1.0,-1.0,-1.0,-1.0,1,1,1,1,1,1,1
528,quadrone,,4,construct,Medium,16,22,fly,lawful neutral,0,Monster Manual,-1.0,-1.0,-1.0,-1.0,-1.0,-1.0,1,1,1,1,1,1,1
529,quaggoth,,5,humanoid (quaggoth),Medium,13,45,,chaotic neutral,0,Monster Manual,-1.0,-1.0,-1.0,-1.0,-1.0,-1.0,1,1,1,1,1,1,1
530,quaggoth-spore-servant,,4,plant,Medium,13,45,,unaligned,0,Monster Manual,-1.0,-1.0,-1.0,-1.0,-1.0,-1.0,1,1,1,1,1,1,1
531,quasit,https://www.aidedd.org/dnd/monstres.php?vo=quasit,4,"fiend (demon, shapechanger)",Tiny,13,7,,chaotic evil,0,Monster Manual (SRD),5.0,17.0,10.0,7.0,10.0,10.0,1,0,0,0,0,0,0
532,quetzalcoatlus,https://www.aidedd.org/dnd/monstres.php?vo=quetzalcoatlus,5,beast,Huge,13,30,fly,unaligned,0,Volo's Guide to Monsters,15.0,13.0,13.0,2.0,10.0,5.0,1,0,0,0,0,0,0
533,quickling,,4,fey,Tiny,16,10,,chaotic evil,0,Volo's Guide to Monsters,-1.0,-1.0,-1.0,-1.0,-1.0,-1.0,1,1,1,1,1,1,1
534,quipper,https://www.aidedd.org/dnd/monstres.php?vo=quipper,3,beast,Tiny,13,1,swim,unaligned,0,Monster Manual (SRD),2.0,16.0,9.0,1.0,7.0,2.0,1,0,0,0,0,0,0
535,rakshasa,https://www.aidedd.org/dnd/monstres.php?vo=rakshasa,16,fiend,Medium,16,110,,lawful evil,0,Monster Manual (SRD),14.0,17.0,18.0,13.0,16.0,20.0,1,0,0,0,0,0,0
536,rat,https://www.aidedd.org/dnd/monstres.php?vo=rat,3,beast,Tiny,10,1,,unaligned,0,Monster Manual (SRD),2.0,11.0,9.0,2.0,10.0,4.0,1,0,0,0,0,0,0
537,raven,https://www.aidedd.org/dnd/monstres.php?vo=raven,3,beast,Tiny,12,1,fly,unaligned,0,Monster Manual (SRD),2.0,14.0,8.0,2.0,12.0,6.0,1,0,0,0,0,0,0
538,reaper-of-bhaal,,5,humanoid (human),Medium,15,27,,chaotic evil,0,Adventures (Descent into Avernus),-1.0,-1.0,-1.0,-1.0,-1.0,-1.0,1,1,1,1,1,1,1
539,red-abishai,,22,fiend (devil),Medium,22,255,fly,lawful evil,0,Mordenkainen's Tome of Foes,-1.0,-1.0,-1.0,-1.0,-1.0,-1.0,1,1,1,1,1,1,1
540,red-dragon-wyrmling,https://www.aidedd.org/dnd/monstres.php?vo=red-dragon-wyrmling,7,dragon,Medium,17,75,fly,chaotic evil,0,Monster Manual (SRD),19.0,10.0,17.0,12.0,11.0,15.0,1,0,0,0,0,0,0
541,red-slaad,,8,aberration,Large,14,93,,chaotic neutral,0,Monster Manual,-1.0,-1.0,-1.0,-1.0,-1.0,-1.0,1,1,1,1,1,1,1
542,redcap,,6,fey,Small,13,45,,chaotic evil,0,Volo's Guide to Monsters,-1.0,-1.0,-1.0,-1.0,-1.0,-1.0,1,1,1,1,1,1,1
543,reef-manta-ray,https://www.aidedd.org/dnd/monstres.php?vo=reef-manta-ray,2,beast,Large,12,16,swim,unaligned,0,Extra (AideDD),13.0,12.0,12.0,1.0,12.0,4.0,1,0,0,0,0,0,0
544,reef-shark,https://www.aidedd.org/dnd/monstres.php?vo=reef-shark,2,beast,Medium,12,22,swim,unaligned,0,Monster Manual (SRD),14.0,13.0,13.0,1.0,10.0,4.0,1,0,0,0,0,0,0
545,remorhaz,https://www.aidedd.org/dnd/monstres.php?vo=remorhaz,14,monstrosity,Huge,17,195,,unaligned,0,Monster Manual (SRD),24.0,13.0,21.0,4.0,10.0,5.0,1,0,0,0,0,0,0
546,retriever,,17,construct,Large,19,210,,lawful evil,0,Mordenkainen's Tome of Foes,-1.0,-1.0,-1.0,-1.0,-1.0,-1.0,1,1,1,1,1,1,1
547,revenant,https://www.aidedd.org/dnd/monstres.php?vo=revenant,8,undead,Medium,13,136,,neutral,0,Monster Manual (BR),18.0,14.0,18.0,13.0,16.0,18.0,1,0,0,0,0,0,0
548,rhinoceros,https://www.aidedd.org/dnd/monstres.php?vo=rhinoceros,5,beast,Large,11,45,,unaligned,0,Monster Manual (SRD),21.0,8.0,15.0,2.0,12.0,6.0,1,0,0,0,0,0,0
549,riding-horse,https://www.aidedd.org/dnd/monstres.php?vo=riding-horse,1,beast,Large,10,13,,unaligned,0,Monster Manual (SRD),16.0,10.0,12.0,2.0,11.0,7.0,1,0,0,0,0,0,0
550,roc,https://www.aidedd.org/dnd/monstres.php?vo=roc,14,monstrosity,Gargantuan,15,248,fly,unaligned,0,Monster Manual (SRD),28.0,10.0,20.0,3.0,10.0,9.0,1,0,0,0,0,0,0
551,roper,https://www.aidedd.org/dnd/monstres.php?vo=roper,8,monstrosity,Large,20,93,,neutral evil,0,Monster Manual (SRD),18.0,8.0,17.0,7.0,16.0,6.0,1,0,0,0,0,0,0
552,rot-troll,,12,giant,Large,16,138,,chaotic evil,0,Mordenkainen's Tome of Foes,-1.0,-1.0,-1.0,-1.0,-1.0,-1.0,1,1,1,1,1,1,1
553,rug-of-smothering,https://www.aidedd.org/dnd/monstres.php?vo=rug-of-smothering,5,construct,Large,12,33,,unaligned,0,Monster Manual (SRD),17.0,14.0,10.0,1.0,3.0,1.0,1,0,0,0,0,0,0
554,rust-monster,https://www.aidedd.org/dnd/monstres.php?vo=rust-monster,2,monstrosity,Medium,14,27,,unaligned,0,Monster Manual (SRD),13.0,12.0,13.0,2.0,13.0,6.0,1,0,0,0,0,0,0
555,rutterkin,,5,fiend (demon),Medium,12,37,,chaotic evil,0,Mordenkainen's Tome of Foes,-1.0,-1.0,-1.0,-1.0,-1.0,-1.0,1,1,1,1,1,1,1
556,saber-toothed-tiger,https://www.aidedd.org/dnd/monstres.php?vo=saber-toothed-tiger,5,beast,Large,12,52,,unaligned,0,Monster Manual (SRD),18.0,14.0,15.0,3.0,12.0,8.0,1,0,0,0,0,0,0
557,sahuagin,https://www.aidedd.org/dnd/monstres.php?vo=sahuagin,2,humanoid (sahuagin),Medium,12,22,swim,lawful evil,0,Monster Manual (SRD),13.0,11.0,12.0,12.0,13.0,9.0,1,0,0,0,0,0,0
558,sahuagin-baron,,8,humanoid (sahuagin),Large,16,76,swim,lawful evil,0,Monster Manual,-1.0,-1.0,-1.0,-1.0,-1.0,-1.0,1,1,1,1,1,1,1
559,sahuagin-priestess,,5,humanoid (sahuagin),Medium,12,33,swim,lawful evil,0,Monster Manual,-1.0,-1.0,-1.0,-1.0,-1.0,-1.0,1,1,1,1,1,1,1
560,salamander,https://www.aidedd.org/dnd/monstres.php?vo=salamander,8,elemental,Large,15,90,,neutral evil,0,Monster Manual (SRD),18.0,14.0,15.0,11.0,10.0,12.0,1,0,0,0,0,0,0
561,satyr,https://www.aidedd.org/dnd/monstres.php?vo=satyr,2,fey,Medium,14,31,,chaotic neutral,0,Monster Manual (SRD),12.0,16.0,11.0,12.0,10.0,14.0,1,0,0,0,0,0,0
562,scarecrow,,4,construct,Medium,11,36,,chaotic evil,0,Monster Manual,-1.0,-1.0,-1.0,-1.0,-1.0,-1.0,1,1,1,1,1,1,1
563,scorpion,https://www.aidedd.org/dnd/monstres.php?vo=scorpion,3,beast,Tiny,11,1,,unaligned,0,Monster Manual (SRD),2.0,11.0,8.0,1.0,8.0,2.0,1,0,0,0,0,0,0
564,scout,https://www.aidedd.org/dnd/monstres.php?vo=scout,2,humanoid (any race),Medium,13,16,,any alignment,0,Monster Manual (SRD),11.0,14.0,12.0,11.0,13.0,11.0,1,0,0,0,0,0,0
565,sea-hag,https://www.aidedd.org/dnd/monstres.php?vo=sea-hag,5,fey,Medium,14,52,swim,chaotic evil,0,Monster Manual (SRD),16.0,13.0,16.0,12.0,12.0,13.0,1,0,0,0,0,0,0
566,sea-horse,https://www.aidedd.org/dnd/monstres.php?vo=sea-horse,3,beast,Tiny,11,1,swim,unaligned,0,Monster Manual (SRD),1.0,12.0,8.0,1.0,10.0,2.0,1,0,0,0,0,0,0
567,sea-spawn,,4,humanoid,Medium,11,32,swim,neutral evil,0,Volo's Guide to Monsters,-1.0,-1.0,-1.0,-1.0,-1.0,-1.0,1,1,1,1,1,1,1
568,shadow,https://www.aidedd.org/dnd/monstres.php?vo=shadow,2,undead,Medium,12,16,,chaotic evil,0,Monster Manual (SRD),6.0,14.0,13.0,6.0,10.0,8.0,1,0,0,0,0,0,0
569,shadow-dancer,,10,humanoid (elf),Medium,15,71,,neutral,0,Mordenkainen's Tome of Foes,-1.0,-1.0,-1.0,-1.0,-1.0,-1.0,1,1,1,1,1,1,1
570,shadow-demon,https://www.aidedd.org/dnd/monstres.php?vo=shadow-demon,7,fiend (demon),Medium,13,66,fly,chaotic evil,0,Monster Manual (BR),1.0,17.0,12.0,14.0,13.0,14.0,1,0,0,0,0,0,0
571,shadow-mastiff,,5,monstrosity,Medium,12,33,,neutral evil,0,Volo's Guide to Monsters,-1.0,-1.0,-1.0,-1.0,-1.0,-1.0,1,1,1,1,1,1,1
572,shambling-mound,https://www.aidedd.org/dnd/monstres.php?vo=shambling-mound,8,plant,Large,15,136,swim,unaligned,0,Monster Manual (SRD),18.0,8.0,16.0,5.0,10.0,5.0,1,0,0,0,0,0,0
573,shield-guardian,https://www.aidedd.org/dnd/monstres.php?vo=shield-guardian,10,construct,Large,17,142,,unaligned,0,Monster Manual (SRD),18.0,8.0,18.0,7.0,10.0,3.0,1,0,0,0,0,0,0
574,shoosuva,,11,fiend (demon),Large,14,110,,chaotic evil,0,Volo's Guide to Monsters,-1.0,-1.0,-1.0,-1.0,-1.0,-1.0,1,1,1,1,1,1,1
575,shrieker,https://www.aidedd.org/dnd/monstres.php?vo=shrieker,3,plant,Medium,5,13,,unaligned,0,Monster Manual (SRD),1.0,1.0,10.0,1.0,3.0,1.0,1,0,0,0,0,0,0
576,sibriex,https://www.aidedd.org/dnd/monstres.php?vo=sibriex,21,fiend (demon),Huge,19,150,fly,chaotic evil,1,Mordenkainen's Tome of Foes,10.0,3.0,23.0,25.0,24.0,25.0,0,0,0,0,0,0,0
577,silver-dragon-wyrmling,https://www.aidedd.org/dnd/monstres.php?vo=silver-dragon-wyrmling,5,dragon,Medium,17,45,fly,lawful good,0,Monster Manual (SRD),19.0,10.0,17.0,12.0,11.0,15.0,1,0,0,0,0,0,0
578,skeleton,https://www.aidedd.org/dnd/monstres.php?vo=skeleton,1,undead,Medium,13,13,,lawful evil,0,Monster Manual (SRD),10.0,14.0,15.0,6.0,8.0,5.0,1,0,0,0,0,0,0
579,skulk,,2,humanoid,Medium,14,18,,chaotic neutral,0,Mordenkainen's Tome of Foes,-1.0,-1.0,-1.0,-1.0,-1.0,-1.0,1,1,1,1,1,1,1
580,skull-lasher-of-myrkul,,4,humanoid (human),Medium,12,32,,neutral evil,0,Adventures (Descent into Avernus),-1.0,-1.0,-1.0,-1.0,-1.0,-1.0,1,1,1,1,1,1,1
581,skull-lord,,18,undead,Medium,18,105,,lawful evil,0,Mordenkainen's Tome of Foes,-1.0,-1.0,-1.0,-1.0,-1.0,-1.0,1,1,1,1,1,1,1
582,slaad-tadpole,,0,aberration,Tiny,12,10,,chaotic neutral,0,Monster Manual,-1.0,-1.0,-1.0,-1.0,-1.0,-1.0,1,1,1,1,1,1,1
583,slithering-tracker,https://www.aidedd.org/dnd/monstres.php?vo=slithering-tracker,6,ooze,Medium,14,32,swim,chaotic evil,0,Volo's Guide to Monsters,16.0,19.0,15.0,10.0,14.0,11.0,1,0,0,0,0,0,0
584,smoke-mephit,https://www.aidedd.org/dnd/monstres.php?vo=smoke-mephit,1,elemental,Small,12,22,fly,neutral evil,0,Monster Manual (SRD),6.0,14.0,12.0,10.0,10.0,11.0,1,0,0,0,0,0,0
585,solar,https://www.aidedd.org/dnd/monstres.php?vo=solar,24,celestial,Large,21,243,fly,lawful good,1,Monster Manual (SRD),26.0,22.0,26.0,25.0,25.0,30.0,0,0,0,0,0,0,0
586,soul-monger,,14,humanoid (elf),Medium,15,123,,neutral,0,Mordenkainen's Tome of Foes,-1.0,-1.0,-1.0,-1.0,-1.0,-1.0,1,1,1,1,1,1,1
587,spawn-of-kyuss,,8,undead,Medium,10,76,,chaotic evil,0,Volo's Guide to Monsters,-1.0,-1.0,-1.0,-1.0,-1.0,-1.0,1,1,1,1,1,1,1
588,spectator,https://www.aidedd.org/dnd/monstres.php?vo=spectator,6,aberration,Medium,14,39,fly,lawful neutral,0,Monster Manual,8.0,14.0,14.0,13.0,14.0,11.0,1,0,0,0,0,0,0
589,specter,https://www.aidedd.org/dnd/monstres.php?vo=specter,4,undead,Medium,12,22,fly,chaotic evil,0,Monster Manual (SRD),1.0,14.0,11.0,10.0,10.0,11.0,1,0,0,0,0,0,0
590,spellcaster-healer-lvl-1,,3,humanoid (any race),Medium,12,9,,any alignment,0,Essentials Kit,-1.0,-1.0,-1.0,-1.0,-1.0,-1.0,1,1,1,1,1,1,1
591,spellcaster-healer-lvl-2,,3,humanoid (any race),Medium,12,13,,any alignment,0,Essentials Kit,-1.0,-1.0,-1.0,-1.0,-1.0,-1.0,1,1,1,1,1,1,1
592,spellcaster-healer-lvl-3,,3,humanoid (any race),Medium,12,18,,any alignment,0,Essentials Kit,-1.0,-1.0,-1.0,-1.0,-1.0,-1.0,1,1,1,1,1,1,1
593,spellcaster-healer-lvl-4,,3,humanoid (any race),Medium,12,22,,any alignment,0,Essentials Kit,-1.0,-1.0,-1.0,-1.0,-1.0,-1.0,1,1,1,1,1,1,1
594,spellcaster-healer-lvl-5,,3,humanoid (any race),Medium,12,27,,any alignment,0,Essentials Kit,-1.0,-1.0,-1.0,-1.0,-1.0,-1.0,1,1,1,1,1,1,1
595,spellcaster-healer-lvl-6,,3,humanoid (any race),Medium,12,31,,any alignment,0,Essentials Kit,-1.0,-1.0,-1.0,-1.0,-1.0,-1.0,1,1,1,1,1,1,1
596,spellcaster-mage-lvl-1,,3,humanoid (any race),Medium,12,9,,any alignment,0,Essentials Kit,-1.0,-1.0,-1.0,-1.0,-1.0,-1.0,1,1,1,1,1,1,1
597,spellcaster-mage-lvl-2,,3,humanoid (any race),Medium,12,13,,any alignment,0,Essentials Kit,-1.0,-1.0,-1.0,-1.0,-1.0,-1.0,1,1,1,1,1,1,1
598,spellcaster-mage-lvl-3,,3,humanoid (any race),Medium,12,18,,any alignment,0,Essentials Kit,-1.0,-1.0,-1.0,-1.0,-1.0,-1.0,1,1,1,1,1,1,1
599,spellcaster-mage-lvl-4,,3,humanoid (any race),Medium,12,22,,any alignment,0,Essentials Kit,-1.0,-1.0,-1.0,-1.0,-1.0,-1.0,1,1,1,1,1,1,1
600,spellcaster-mage-lvl-5,,3,humanoid (any race),Medium,12,27,,any alignment,0,Essentials Kit,-1.0,-1.0,-1.0,-1.0,-1.0,-1.0,1,1,1,1,1,1,1
601,spellcaster-mage-lvl-6,,3,humanoid (any race),Medium,12,31,,any alignment,0,Essentials Kit,-1.0,-1.0,-1.0,-1.0,-1.0,-1.0,1,1,1,1,1,1,1
602,spider,https://www.aidedd.org/dnd/monstres.php?vo=spider,3,beast,Tiny,12,1,,unaligned,0,Monster Manual (SRD),2.0,14.0,8.0,1.0,10.0,2.0,1,0,0,0,0,0,0
603,spined-devil,,5,fiend (devil),Small,13,22,fly,lawful evil,0,Monster Manual,-1.0,-1.0,-1.0,-1.0,-1.0,-1.0,1,1,1,1,1,1,1
604,spirit-naga,https://www.aidedd.org/dnd/monstres.php?vo=spirit-naga,11,monstrosity,Large,15,75,,chaotic evil,0,Monster Manual (SRD),18.0,17.0,14.0,16.0,15.0,16.0,1,0,0,0,0,0,0
605,spirit-troll,,14,giant,Large,17,97,,chaotic evil,0,Mordenkainen's Tome of Foes,-1.0,-1.0,-1.0,-1.0,-1.0,-1.0,1,1,1,1,1,1,1
606,spring-eladrin,,13,fey (elf),Medium,19,127,,chaotic neutral,0,Mordenkainen's Tome of Foes,-1.0,-1.0,-1.0,-1.0,-1.0,-1.0,1,1,1,1,1,1,1
607,sprite,https://www.aidedd.org/dnd/monstres.php?vo=sprite,1,fey,Tiny,15,2,fly,neutral good,0,Monster Manual (SRD),3.0,18.0,10.0,14.0,13.0,11.0,1,0,0,0,0,0,0
608,spy,https://www.aidedd.org/dnd/monstres.php?vo=spy,4,humanoid (any race),Medium,12,27,,any alignment,0,Monster Manual (SRD),10.0,15.0,10.0,12.0,14.0,16.0,1,0,0,0,0,0,0
609,star-spawn-grue,,1,aberration,Small,11,17,,neutral evil,0,Mordenkainen's Tome of Foes,-1.0,-1.0,-1.0,-1.0,-1.0,-1.0,1,1,1,1,1,1,1
610,star-spawn-hulk,,13,aberration,Large,16,136,,chaotic evil,0,Mordenkainen's Tome of Foes,-1.0,-1.0,-1.0,-1.0,-1.0,-1.0,1,1,1,1,1,1,1
611,star-spawn-larva-mage,,19,aberration,Medium,16,168,,chaotic evil,0,Mordenkainen's Tome of Foes,-1.0,-1.0,-1.0,-1.0,-1.0,-1.0,1,1,1,1,1,1,1
612,star-spawn-mangler,,8,aberration,Medium,14,71,,chaotic evil,0,Mordenkainen's Tome of Foes,-1.0,-1.0,-1.0,-1.0,-1.0,-1.0,1,1,1,1,1,1,1
613,star-spawn-seer,,16,aberration,Medium,17,153,,neutral evil,0,Mordenkainen's Tome of Foes,-1.0,-1.0,-1.0,-1.0,-1.0,-1.0,1,1,1,1,1,1,1
614,steam-mephit,https://www.aidedd.org/dnd/monstres.php?vo=steam-mephit,1,elemental,Small,10,21,fly,neutral evil,0,Monster Manual (SRD),5.0,11.0,10.0,11.0,10.0,12.0,1,0,0,0,0,0,0
615,steel-predator,,19,construct,Large,20,207,,lawful evil,0,Mordenkainen's Tome of Foes,-1.0,-1.0,-1.0,-1.0,-1.0,-1.0,1,1,1,1,1,1,1
616,stegosaurus,,7,beast,Huge,13,76,,unaligned,0,Adventures (Tomb of Annihilation),-1.0,-1.0,-1.0,-1.0,-1.0,-1.0,1,1,1,1,1,1,1
617,stirge,https://www.aidedd.org/dnd/monstres.php?vo=stirge,0,beast,Tiny,14,2,fly,unaligned,0,Monster Manual (SRD),4.0,16.0,11.0,2.0,8.0,6.0,1,0,0,0,0,0,0
618,stone-cursed,,4,construct,Medium,17,19,,lawful evil,0,Mordenkainen's Tome of Foes,-1.0,-1.0,-1.0,-1.0,-1.0,-1.0,1,1,1,1,1,1,1
619,stone-giant,https://www.aidedd.org/dnd/monstres.php?vo=stone-giant,10,giant,Huge,17,126,,neutral,0,Monster Manual (SRD),23.0,15.0,20.0,10.0,12.0,9.0,1,0,0,0,0,0,0
620,stone-giant-dreamwalker,https://www.aidedd.org/dnd/monstres.php?vo=stone-giant-dreamwalker,13,giant (stone giant),Huge,18,161,,chaotic neutral,0,Volo's Guide to Monsters,23.0,14.0,21.0,10.0,8.0,12.0,1,0,0,0,0,0,0
621,stone-golem,https://www.aidedd.org/dnd/monstres.php?vo=stone-golem,13,construct,Large,17,178,,unaligned,0,Monster Manual (SRD),22.0,9.0,20.0,3.0,11.0,1.0,1,0,0,0,0,0,0
622,stone-juggernaut,,15,construct,Large,15,157,,unaligned,0,Adventures (Tomb of Annihilation),-1.0,-1.0,-1.0,-1.0,-1.0,-1.0,1,1,1,1,1,1,1
623,storm-giant,https://www.aidedd.org/dnd/monstres.php?vo=storm-giant,16,giant,Huge,16,230,swim,chaotic good,0,Monster Manual (SRD),29.0,14.0,20.0,16.0,18.0,18.0,1,0,0,0,0,0,0
624,storm-giant-quintessent,,19,giant (storm giant),Huge,12,230,"fly, swim",chaotic good,0,Volo's Guide to Monsters,-1.0,-1.0,-1.0,-1.0,-1.0,-1.0,1,1,1,1,1,1,1
625,strahd-von-zarovich,,18,undead (shapechanger),Medium,16,144,,lawful evil,0,Adventures (Curse of Strahd),-1.0,-1.0,-1.0,-1.0,-1.0,-1.0,1,1,1,1,1,1,1
626,su-monster,,4,monstrosity,Medium,12,27,,chaotic evil,0,Adventures (Tomb of Annihilation),-1.0,-1.0,-1.0,-1.0,-1.0,-1.0,1,1,1,1,1,1,1
627,succubus,https://www.aidedd.org/dnd/monstres.php?vo=succubus,7,fiend (shapechanger),Medium,15,66,fly,neutral evil,0,Monster Manual (SRD),8.0,17.0,13.0,15.0,12.0,20.0,1,0,0,0,0,0,0
628,summer-eladrin,,13,fey (elf),Medium,19,127,,chaotic neutral,0,Mordenkainen's Tome of Foes,-1.0,-1.0,-1.0,-1.0,-1.0,-1.0,1,1,1,1,1,1,1
629,swarm-of-bats,https://www.aidedd.org/dnd/monstres.php?vo=swarm-of-bats,1,swarm of Tiny beasts,Medium,12,22,fly,unaligned,0,Monster Manual (SRD),5.0,15.0,10.0,2.0,12.0,4.0,1,0,0,0,0,0,0
630,swarm-of-cranium-rats,,8,swarm of Tiny beasts,Medium,12,36,,lawful evil,0,Volo's Guide to Monsters,-1.0,-1.0,-1.0,-1.0,-1.0,-1.0,1,1,1,1,1,1,1
631,swarm-of-insects,https://www.aidedd.org/dnd/monstres.php?vo=swarm-of-insects,2,swarm of Tiny beasts,Medium,12,22,,unaligned,0,Monster Manual (SRD),3.0,13.0,10.0,1.0,7.0,1.0,1,0,0,0,0,0,0
632,swarm-of-poisonous-snakes,https://www.aidedd.org/dnd/monstres.php?vo=swarm-of-poisonous-snakes,5,swarm of Tiny beasts,Medium,14,36,swim,unaligned,0,Monster Manual (SRD),8.0,18.0,11.0,1.0,10.0,3.0,1,0,0,0,0,0,0
633,swarm-of-quippers,https://www.aidedd.org/dnd/monstres.php?vo=swarm-of-quippers,4,swarm of Tiny beasts,Medium,13,28,swim,unaligned,0,Monster Manual (SRD),13.0,16.0,9.0,1.0,7.0,2.0,1,0,0,0,0,0,0
634,swarm-of-rats,https://www.aidedd.org/dnd/monstres.php?vo=swarm-of-rats,1,swarm of Tiny beasts,Medium,10,24,,unaligned,0,Monster Manual (SRD),9.0,11.0,9.0,2.0,10.0,3.0,1,0,0,0,0,0,0
635,swarm-of-ravens,https://www.aidedd.org/dnd/monstres.php?vo=swarm-of-ravens,1,swarm of Tiny beasts,Medium,12,24,fly,unaligned,0,Monster Manual (SRD),6.0,14.0,8.0,3.0,12.0,6.0,1,0,0,0,0,0,0
636,swarm-of-rot-grubs,https://www.aidedd.org/dnd/monstres.php?vo=swarm-of-rot-grubs,2,swarm of Tiny beasts,Medium,8,22,,unaligned,0,Volo's Guide to Monsters,2.0,7.0,10.0,1.0,2.0,1.0,1,0,0,0,0,0,0
637,swashbuckler,,6,humanoid (any race),Medium,17,66,,any non-lawful alignment,0,Volo's Guide to Monsters,-1.0,-1.0,-1.0,-1.0,-1.0,-1.0,1,1,1,1,1,1,1
638,sword-wraith-commander,,11,undead,Medium,18,127,,lawful evil,0,Mordenkainen's Tome of Foes,-1.0,-1.0,-1.0,-1.0,-1.0,-1.0,1,1,1,1,1,1,1
639,sword-wraith-warrior,,6,undead,Medium,16,45,,lawful evil,0,Mordenkainen's Tome of Foes,-1.0,-1.0,-1.0,-1.0,-1.0,-1.0,1,1,1,1,1,1,1
640,tabaxi-hunter,,4,humanoid (tabaxi),Medium,14,40,,chaotic good,0,Adventures (Tomb of Annihilation),-1.0,-1.0,-1.0,-1.0,-1.0,-1.0,1,1,1,1,1,1,1
641,tabaxi-minstrel,,1,humanoid (tabaxi),Medium,12,22,,chaotic good,0,Adventures (Tomb of Annihilation),-1.0,-1.0,-1.0,-1.0,-1.0,-1.0,1,1,1,1,1,1,1
642,tanarukk,https://www.aidedd.org/dnd/monstres.php?vo=tanarukk,8,"fiend (demon, orc)",Medium,14,95,,chaotic evil,0,Volo's Guide to Monsters,18.0,13.0,20.0,9.0,9.0,9.0,1,0,0,0,0,0,0
643,tarrasque,https://www.aidedd.org/dnd/monstres.php?vo=tarrasque,33,monstrosity (titan),Gargantuan,25,676,,unaligned,1,Monster Manual (SRD),30.0,11.0,30.0,3.0,11.0,11.0,0,0,0,0,0,0,0
644,the-angry,,16,monstrosity,Medium,18,255,,neutral evil,0,Mordenkainen's Tome of Foes,-1.0,-1.0,-1.0,-1.0,-1.0,-1.0,1,1,1,1,1,1,1
645,the-hungry,,14,monstrosity,Medium,17,225,,neutral evil,0,Mordenkainen's Tome of Foes,-1.0,-1.0,-1.0,-1.0,-1.0,-1.0,1,1,1,1,1,1,1
646,the-lonely,,12,monstrosity,Medium,16,112,,neutral evil,0,Mordenkainen's Tome of Foes,-1.0,-1.0,-1.0,-1.0,-1.0,-1.0,1,1,1,1,1,1,1
647,the-lost,,10,monstrosity,Medium,15,78,,neutral evil,0,Mordenkainen's Tome of Foes,-1.0,-1.0,-1.0,-1.0,-1.0,-1.0,1,1,1,1,1,1,1
648,the-wretched,,1,monstrosity,Small,15,10,,neutral evil,0,Mordenkainen's Tome of Foes,-1.0,-1.0,-1.0,-1.0,-1.0,-1.0,1,1,1,1,1,1,1
649,thorny,,4,plant,Medium,14,27,,neutral,0,Volo's Guide to Monsters,-1.0,-1.0,-1.0,-1.0,-1.0,-1.0,1,1,1,1,1,1,1
650,thri-kreen,,4,humanoid (thri-kreen),Medium,15,33,,chaotic neutral,0,Monster Manual,-1.0,-1.0,-1.0,-1.0,-1.0,-1.0,1,1,1,1,1,1,1
651,thug,https://www.aidedd.org/dnd/monstres.php?vo=thug,2,humanoid (any race),Medium,11,32,,any non-good alignment,0,Monster Manual (SRD),15.0,11.0,14.0,10.0,10.0,11.0,1,0,0,0,0,0,0
652,tiamat,,33,fiend,Gargantuan,25,615,fly,chaotic evil,0,Adventures (Tyranny of Dragons),-1.0,-1.0,-1.0,-1.0,-1.0,-1.0,1,1,1,1,1,1,1
653,tiger,https://www.aidedd.org/dnd/monstres.php?vo=tiger,4,beast,Large,12,37,,unaligned,0,Monster Manual (SRD),17.0,15.0,14.0,3.0,12.0,8.0,1,0,0,0,0,0,0
654,titivilus,,19,fiend (devil),Medium,20,127,fly,lawful evil,0,Mordenkainen's Tome of Foes,-1.0,-1.0,-1.0,-1.0,-1.0,-1.0,1,1,1,1,1,1,1
655,tlincalli,,8,monstrosity,Large,15,85,,neutral evil,0,Volo's Guide to Monsters,-1.0,-1.0,-1.0,-1.0,-1.0,-1.0,1,1,1,1,1,1,1
656,tortle,,1,humanoid (tortle),Medium,17,22,,lawful good,0,Mordenkainen's Tome of Foes,-1.0,-1.0,-1.0,-1.0,-1.0,-1.0,1,1,1,1,1,1,1
657,tortle-druid,,5,humanoid (tortle),Medium,17,33,,lawful neutral,0,Mordenkainen's Tome of Foes,-1.0,-1.0,-1.0,-1.0,-1.0,-1.0,1,1,1,1,1,1,1
658,transmuter,,8,humanoid (any race),Medium,12,40,,any alignment,0,Volo's Guide to Monsters,-1.0,-1.0,-1.0,-1.0,-1.0,-1.0,1,1,1,1,1,1,1
659,trapper,,6,monstrosity,Large,13,85,,unaligned,0,Volo's Guide to Monsters,-1.0,-1.0,-1.0,-1.0,-1.0,-1.0,1,1,1,1,1,1,1
660,treant,https://www.aidedd.org/dnd/monstres.php?vo=treant,12,plant,Huge,16,138,,chaotic good,0,Monster Manual (SRD),23.0,8.0,21.0,12.0,16.0,12.0,1,0,0,0,0,0,0
661,tri-flower-frond,,2,plant,Medium,10,11,,unaligned,0,Adventures (Tomb of Annihilation),-1.0,-1.0,-1.0,-1.0,-1.0,-1.0,1,1,1,1,1,1,1
662,tribal-warrior,https://www.aidedd.org/dnd/monstres.php?vo=tribal-warrior,0,humanoid (any race),Medium,12,11,,any alignment,0,Monster Manual (SRD),13.0,11.0,12.0,8.0,11.0,8.0,1,0,0,0,0,0,0
663,triceratops,https://www.aidedd.org/dnd/monstres.php?vo=triceratops,8,beast,Huge,13,95,,unaligned,0,Monster Manual (SRD),22.0,9.0,17.0,2.0,11.0,5.0,1,0,0,0,0,0,0
664,tridrone,,2,construct,Medium,15,16,,lawful neutral,0,Monster Manual,-1.0,-1.0,-1.0,-1.0,-1.0,-1.0,1,1,1,1,1,1,1
665,troglodyte,https://www.aidedd.org/dnd/monstres.php?vo=troglodyte,1,humanoid (troglodyte),Medium,11,13,,chaotic evil,0,Monster Manual (BR),14.0,10.0,14.0,6.0,10.0,6.0,1,0,0,0,0,0,0
666,troll,https://www.aidedd.org/dnd/monstres.php?vo=troll,8,giant,Large,15,84,,chaotic evil,0,Monster Manual (SRD),18.0,13.0,20.0,7.0,9.0,7.0,1,0,0,0,0,0,0
667,twig-blight,https://www.aidedd.org/dnd/monstres.php?vo=twig-blight,0,plant,Small,13,4,,neutral evil,0,Monster Manual (SRD),6.0,13.0,12.0,4.0,8.0,3.0,1,0,0,0,0,0,0
668,tyrannosaurus-rex,https://www.aidedd.org/dnd/monstres.php?vo=tyrannosaurus-rex,11,beast,Huge,13,136,,unaligned,0,Monster Manual (SRD),25.0,10.0,19.0,2.0,12.0,9.0,1,0,0,0,0,0,0
669,ulitharid,,12,aberration,Large,15,127,,lawful evil,0,Volo's Guide to Monsters,-1.0,-1.0,-1.0,-1.0,-1.0,-1.0,1,1,1,1,1,1,1
670,ultroloth,,16,fiend (yugoloth),Medium,19,153,fly,neutral evil,0,Monster Manual,-1.0,-1.0,-1.0,-1.0,-1.0,-1.0,1,1,1,1,1,1,1
671,umber-hulk,https://www.aidedd.org/dnd/monstres.php?vo=umber-hulk,8,monstrosity,Large,18,93,,chaotic evil,0,Monster Manual (BR),20.0,13.0,16.0,9.0,10.0,10.0,1,0,0,0,0,0,0
672,unicorn,https://www.aidedd.org/dnd/monstres.php?vo=unicorn,8,celestial,Large,12,67,,lawful good,1,Monster Manual (SRD),18.0,14.0,15.0,11.0,17.0,16.0,0,0,0,0,0,0,0
673,uthgardt-shaman,,5,humanoid (human),Medium,13,38,,neutral evil,0,Adventures (Storm King's Thunder),-1.0,-1.0,-1.0,-1.0,-1.0,-1.0,1,1,1,1,1,1,1
674,vajra-safahr,,16,humanoid (human),Medium,14,126,,lawful neutral,0,Adventures (Dragon Heist),-1.0,-1.0,-1.0,-1.0,-1.0,-1.0,1,1,1,1,1,1,1
675,vampire,https://www.aidedd.org/dnd/monstres.php?vo=vampire,16,undead (shapechanger),Medium,16,144,,lawful evil,1,Monster Manual (SRD),18.0,18.0,18.0,17.0,15.0,18.0,0,0,0,0,0,0,0
676,vampire-spawn,https://www.aidedd.org/dnd/monstres.php?vo=vampire-spawn,8,undead,Medium,15,82,,neutral evil,0,Monster Manual (SRD),16.0,16.0,16.0,11.0,10.0,12.0,1,0,0,0,0,0,0
677,vampiric-mist,,6,undead,Medium,13,30,fly,chaotic evil,0,Mordenkainen's Tome of Foes,-1.0,-1.0,-1.0,-1.0,-1.0,-1.0,1,1,1,1,1,1,1
678,vargouille,,4,fiend,Tiny,12,13,fly,chaotic evil,0,Volo's Guide to Monsters,-1.0,-1.0,-1.0,-1.0,-1.0,-1.0,1,1,1,1,1,1,1
679,vegepygmy,,1,plant,Small,13,9,,neutral,0,Volo's Guide to Monsters,-1.0,-1.0,-1.0,-1.0,-1.0,-1.0,1,1,1,1,1,1,1
680,vegepygmy-chief,,5,plant,Small,14,33,,neutral,0,Volo's Guide to Monsters,-1.0,-1.0,-1.0,-1.0,-1.0,-1.0,1,1,1,1,1,1,1
681,velociraptor,,1,beast,Tiny,13,10,,unaligned,0,Volo's Guide to Monsters,-1.0,-1.0,-1.0,-1.0,-1.0,-1.0,1,1,1,1,1,1,1
682,venerable-shadow,https://www.aidedd.org/dnd/monstres.php?vo=venerable-shadow,5,undead,Medium,13,27,,chaotic evil,0,Extra (AideDD),6.0,16.0,13.0,6.0,12.0,10.0,1,0,0,0,0,0,0
683,venom-troll,,10,giant,Large,15,94,,chaotic evil,0,Mordenkainen's Tome of Foes,-1.0,-1.0,-1.0,-1.0,-1.0,-1.0,1,1,1,1,1,1,1
684,veteran,https://www.aidedd.org/dnd/monstres.php?vo=veteran,6,humanoid (any race),Medium,17,58,,any alignment,0,Monster Manual (SRD),16.0,13.0,14.0,10.0,11.0,10.0,1,0,0,0,0,0,0
685,vine-blight,,2,plant,Medium,12,26,,neutral evil,0,Monster Manual,-1.0,-1.0,-1.0,-1.0,-1.0,-1.0,1,1,1,1,1,1,1
686,violet-fungus,https://www.aidedd.org/dnd/monstres.php?vo=violet-fungus,1,plant,Medium,5,18,,unaligned,0,Monster Manual (SRD),3.0,1.0,10.0,1.0,3.0,1.0,1,0,0,0,0,0,0
687,vrock,https://www.aidedd.org/dnd/monstres.php?vo=vrock,9,fiend (demon),Large,15,104,fly,chaotic evil,0,Monster Manual (SRD),17.0,15.0,18.0,8.0,13.0,8.0,1,0,0,0,0,0,0
688,vulture,https://www.aidedd.org/dnd/monstres.php?vo=vulture,3,beast,Medium,10,5,fly,unaligned,0,Monster Manual (SRD),7.0,10.0,13.0,2.0,12.0,4.0,1,0,0,0,0,0,0
689,war-priest,,12,humanoid (any race),Medium,18,117,,any alignment,0,Volo's Guide to Monsters,-1.0,-1.0,-1.0,-1.0,-1.0,-1.0,1,1,1,1,1,1,1
690,warhorse,https://www.aidedd.org/dnd/monstres.php?vo=warhorse,2,beast,Large,11,19,,unaligned,0,Monster Manual (SRD),18.0,12.0,13.0,2.0,12.0,7.0,1,0,0,0,0,0,0
691,warhorse-skeleton,https://www.aidedd.org/dnd/monstres.php?vo=warhorse-skeleton,2,undead,Large,13,22,,lawful evil,0,Monster Manual (SRD),18.0,12.0,15.0,2.0,8.0,5.0,1,0,0,0,0,0,0
692,warlock-of-the-archfey,,7,humanoid (any race),Medium,11,49,,any alignment,0,Volo's Guide to Monsters,-1.0,-1.0,-1.0,-1.0,-1.0,-1.0,1,1,1,1,1,1,1
693,warlock-of-the-fiend,,10,humanoid (any race),Medium,12,78,,any alignment,0,Volo's Guide to Monsters,-1.0,-1.0,-1.0,-1.0,-1.0,-1.0,1,1,1,1,1,1,1
694,warlock-of-the-great-old-one,,9,humanoid (any race),Medium,12,91,,any alignment,0,Volo's Guide to Monsters,-1.0,-1.0,-1.0,-1.0,-1.0,-1.0,1,1,1,1,1,1,1
695,warlord,,15,humanoid (any race),Medium,18,229,,any alignment,1,Volo's Guide to Monsters,-1.0,-1.0,-1.0,-1.0,-1.0,-1.0,0,1,1,1,1,1,1
696,warrior-lvl-1,,3,humanoid (any race),Medium,16,13,,any alignment,0,Essentials Kit,-1.0,-1.0,-1.0,-1.0,-1.0,-1.0,1,1,1,1,1,1,1
697,warrior-lvl-2,,3,humanoid (any race),Medium,16,19,,any alignment,0,Essentials Kit,-1.0,-1.0,-1.0,-1.0,-1.0,-1.0,1,1,1,1,1,1,1
698,warrior-lvl-3,,3,humanoid (any race),Medium,16,26,,any alignment,0,Essentials Kit,-1.0,-1.0,-1.0,-1.0,-1.0,-1.0,1,1,1,1,1,1,1
699,warrior-lvl-4,,3,humanoid (any race),Medium,16,32,,any alignment,0,Essentials Kit,-1.0,-1.0,-1.0,-1.0,-1.0,-1.0,1,1,1,1,1,1,1
700,warrior-lvl-5,,3,humanoid (any race),Medium,16,39,,any alignment,0,Essentials Kit,-1.0,-1.0,-1.0,-1.0,-1.0,-1.0,1,1,1,1,1,1,1
701,warrior-lvl-6,,3,humanoid (any race),Medium,16,45,,any alignment,0,Essentials Kit,-1.0,-1.0,-1.0,-1.0,-1.0,-1.0,1,1,1,1,1,1,1
702,wastrilith,,16,fiend (demon),Large,18,157,swim,chaotic evil,0,Mordenkainen's Tome of Foes,-1.0,-1.0,-1.0,-1.0,-1.0,-1.0,1,1,1,1,1,1,1
703,water-elemental,https://www.aidedd.org/dnd/monstres.php?vo=water-elemental,8,elemental,Large,14,114,swim,neutral,0,Monster Manual (SRD),18.0,14.0,18.0,5.0,10.0,8.0,1,0,0,0,0,0,0
704,water-elemental-myrmidon,,10,elemental,Medium,18,127,swim,neutral,0,Mordenkainen's Tome of Foes,-1.0,-1.0,-1.0,-1.0,-1.0,-1.0,1,1,1,1,1,1,1
705,water-weird,https://www.aidedd.org/dnd/monstres.php?vo=water-weird,6,elemental,Large,13,58,swim,neutral,0,Monster Manual (BR),17.0,16.0,13.0,11.0,10.0,10.0,1,0,0,0,0,0,0
706,weasel,https://www.aidedd.org/dnd/monstres.php?vo=weasel,3,beast,Tiny,13,1,,unaligned,0,Monster Manual (SRD),3.0,16.0,8.0,2.0,12.0,3.0,1,0,0,0,0,0,0
707,werebear,https://www.aidedd.org/dnd/monstres.php?vo=werebear,8,"humanoid (human, shapechanger)",Medium,10,135,,neutral good,0,Monster Manual (SRD),19.0,10.0,17.0,11.0,12.0,12.0,1,0,0,0,0,0,0
708,wereboar,https://www.aidedd.org/dnd/monstres.php?vo=wereboar,7,"humanoid (human, shapechanger)",Medium,10,78,,neutral evil,0,Monster Manual (SRD),17.0,10.0,15.0,10.0,11.0,8.0,1,0,0,0,0,0,0
709,wererat,https://www.aidedd.org/dnd/monstres.php?vo=wererat,5,"humanoid (human, shapechanger)",Medium,12,33,,lawful evil,0,Monster Manual (SRD),10.0,15.0,12.0,11.0,10.0,8.0,1,0,0,0,0,0,0
710,weretiger,https://www.aidedd.org/dnd/monstres.php?vo=weretiger,7,"humanoid (human, shapechanger)",Medium,12,120,,neutral,0,Monster Manual (SRD),17.0,15.0,16.0,10.0,13.0,11.0,1,0,0,0,0,0,0
711,werewolf,https://www.aidedd.org/dnd/monstres.php?vo=werewolf,6,"humanoid (human, shapechanger)",Medium,11,58,,chaotic evil,0,Monster Manual (SRD),15.0,13.0,14.0,10.0,11.0,10.0,1,0,0,0,0,0,0
712,white-abishai,,9,fiend (devil),Medium,15,68,fly,lawful evil,0,Mordenkainen's Tome of Foes,-1.0,-1.0,-1.0,-1.0,-1.0,-1.0,1,1,1,1,1,1,1
713,white-dragon-wyrmling,https://www.aidedd.org/dnd/monstres.php?vo=white-dragon-wyrmling,5,dragon,Medium,16,32,"fly, swim",chaotic evil,0,Monster Manual (SRD),14.0,10.0,14.0,5.0,10.0,11.0,1,0,0,0,0,0,0
714,wight,https://www.aidedd.org/dnd/monstres.php?vo=wight,6,undead,Medium,14,45,,neutral evil,0,Monster Manual (SRD),15.0,14.0,16.0,10.0,13.0,15.0,1,0,0,0,0,0,0
715,wild-dog,https://www.aidedd.org/dnd/monstres.php?vo=wild-dog,0,beast,Medium,12,5,,unaligned,0,Extra (Adventurers League),13.0,14.0,12.0,3.0,12.0,7.0,1,0,0,0,0,0,0
716,wild-dog-alpha,https://www.aidedd.org/dnd/monstres.php?vo=wild-dog-alpha,4,beast,Large,12,26,,unaligned,0,Extra (Adventurers League),17.0,15.0,13.0,3.0,12.0,8.0,1,0,0,0,0,0,0
717,will-o--wisp,https://www.aidedd.org/dnd/monstres.php?vo=will-o--wisp,5,undead,Tiny,19,22,fly,chaotic evil,0,Monster Manual (SRD),1.0,28.0,10.0,13.0,14.0,11.0,1,0,0,0,0,0,0
718,winged-kobold,https://www.aidedd.org/dnd/monstres.php?vo=winged-kobold,1,humanoid (kobold),Small,13,7,fly,lawful evil,0,Monster Manual (BR),7.0,16.0,9.0,8.0,7.0,8.0,1,0,0,0,0,0,0
719,winter-eladrin,,13,fey (elf),Medium,19,127,,chaotic neutral,0,Mordenkainen's Tome of Foes,-1.0,-1.0,-1.0,-1.0,-1.0,-1.0,1,1,1,1,1,1,1
720,winter-wolf,https://www.aidedd.org/dnd/monstres.php?vo=winter-wolf,6,monstrosity,Large,13,75,,neutral evil,0,Monster Manual (SRD),18.0,13.0,14.0,7.0,12.0,8.0,1,0,0,0,0,0,0
721,wolf,https://www.aidedd.org/dnd/monstres.php?vo=wolf,1,beast,Medium,13,11,,unaligned,0,Monster Manual (SRD),12.0,15.0,12.0,3.0,12.0,6.0,1,0,0,0,0,0,0
722,wood-woad,,8,plant,Medium,18,75,,lawful neutral,0,Volo's Guide to Monsters,-1.0,-1.0,-1.0,-1.0,-1.0,-1.0,1,1,1,1,1,1,1
723,worg,https://www.aidedd.org/dnd/monstres.php?vo=worg,2,monstrosity,Large,13,26,,neutral evil,0,Monster Manual (SRD),16.0,13.0,13.0,7.0,11.0,8.0,1,0,0,0,0,0,0
724,wraith,https://www.aidedd.org/dnd/monstres.php?vo=wraith,8,undead,Medium,13,67,fly,neutral evil,0,Monster Manual (SRD),6.0,16.0,16.0,12.0,14.0,15.0,1,0,0,0,0,0,0
725,wyvern,https://www.aidedd.org/dnd/monstres.php?vo=wyvern,9,dragon,Large,13,110,fly,unaligned,0,Monster Manual (SRD),19.0,10.0,16.0,5.0,12.0,6.0,1,0,0,0,0,0,0
726,xorn,https://www.aidedd.org/dnd/monstres.php?vo=xorn,8,elemental,Medium,19,73,,neutral,0,Monster Manual (SRD),17.0,10.0,22.0,11.0,10.0,11.0,1,0,0,0,0,0,0
727,xvart,,0,humanoid (xvart),Small,13,7,,chaotic evil,0,Volo's Guide to Monsters,-1.0,-1.0,-1.0,-1.0,-1.0,-1.0,1,1,1,1,1,1,1
728,xvart-warlock-of-raxivort,,4,humanoid (xvart),Small,12,22,,chaotic evil,0,Volo's Guide to Monsters,-1.0,-1.0,-1.0,-1.0,-1.0,-1.0,1,1,1,1,1,1,1
729,yagnoloth,,14,fiend (yugoloth),Large,17,147,,neutral evil,0,Mordenkainen's Tome of Foes,-1.0,-1.0,-1.0,-1.0,-1.0,-1.0,1,1,1,1,1,1,1
730,yan-c-bin,,21,elemental,Huge,22,283,fly,neutral evil,0,Adventures (Princes of the Apocalypse),-1.0,-1.0,-1.0,-1.0,-1.0,-1.0,1,1,1,1,1,1,1
731,yeenoghu,,27,fiend (demon),Huge,20,333,,chaotic evil,0,Mordenkainen's Tome of Foes,-1.0,-1.0,-1.0,-1.0,-1.0,-1.0,1,1,1,1,1,1,1
732,yellow-musk-creeper,,5,plant,Medium,6,60,,unaligned,0,Adventures (Tomb of Annihilation),-1.0,-1.0,-1.0,-1.0,-1.0,-1.0,1,1,1,1,1,1,1
733,yellow-musk-zombie,,1,undead,Medium,9,33,,unaligned,0,Adventures (Tomb of Annihilation),-1.0,-1.0,-1.0,-1.0,-1.0,-1.0,1,1,1,1,1,1,1
734,yeth-hound,,7,fey,Large,14,51,fly,neutral evil,0,Volo's Guide to Monsters,-1.0,-1.0,-1.0,-1.0,-1.0,-1.0,1,1,1,1,1,1,1
735,yeti,https://www.aidedd.org/dnd/monstres.php?vo=yeti,6,monstrosity,Large,12,51,,chaotic evil,0,Monster Manual (SRD),18.0,13.0,16.0,8.0,12.0,7.0,1,0,0,0,0,0,0
736,yochlol,,13,"fiend (demon, shapechanger)",Medium,15,136,,chaotic evil,0,Monster Manual,-1.0,-1.0,-1.0,-1.0,-1.0,-1.0,1,1,1,1,1,1,1
737,young-black-dragon,https://www.aidedd.org/dnd/monstres.php?vo=young-black-dragon,10,dragon,Large,18,127,"fly, swim",chaotic evil,0,Monster Manual (SRD),19.0,14.0,17.0,12.0,11.0,15.0,1,0,0,0,0,0,0
738,young-blue-dragon,https://www.aidedd.org/dnd/monstres.php?vo=young-blue-dragon,12,dragon,Large,18,152,fly,lawful evil,0,Monster Manual (SRD),21.0,10.0,19.0,14.0,13.0,17.0,1,0,0,0,0,0,0
739,young-brass-dragon,https://www.aidedd.org/dnd/monstres.php?vo=young-brass-dragon,9,dragon,Large,17,110,fly,chaotic good,0,Monster Manual (SRD),19.0,10.0,17.0,12.0,11.0,15.0,1,0,0,0,0,0,0
740,young-bronze-dragon,https://www.aidedd.org/dnd/monstres.php?vo=young-bronze-dragon,11,dragon,Large,18,142,"fly, swim",lawful good,0,Monster Manual (SRD),21.0,10.0,19.0,14.0,13.0,17.0,1,0,0,0,0,0,0
741,young-copper-dragon,https://www.aidedd.org/dnd/monstres.php?vo=young-copper-dragon,10,dragon,Large,17,119,fly,chaotic good,0,Monster Manual (SRD),19.0,12.0,17.0,16.0,13.0,15.0,1,0,0,0,0,0,0
742,young-gold-dragon,https://www.aidedd.org/dnd/monstres.php?vo=young-gold-dragon,13,dragon,Large,18,178,"fly, swim",lawful good,0,Monster Manual (SRD),23.0,14.0,21.0,16.0,13.0,20.0,1,0,0,0,0,0,0
743,young-green-dragon,https://www.aidedd.org/dnd/monstres.php?vo=young-green-dragon,11,dragon,Large,18,136,"fly, swim",lawful evil,0,Monster Manual (SRD),19.0,12.0,17.0,16.0,13.0,15.0,1,0,0,0,0,0,0
744,young-kruthik,,0,monstrosity,Small,16,9,,unaligned,0,Mordenkainen's Tome of Foes,-1.0,-1.0,-1.0,-1.0,-1.0,-1.0,1,1,1,1,1,1,1
745,young-red-dragon,https://www.aidedd.org/dnd/monstres.php?vo=young-red-dragon,13,dragon,Large,18,178,fly,chaotic evil,0,Monster Manual (SRD),23.0,10.0,21.0,14.0,11.0,19.0,1,0,0,0,0,0,0
746,young-red-shadow-dragon,,16,dragon,Large,18,178,fly,chaotic evil,0,Monster Manual,-1.0,-1.0,-1.0,-1.0,-1.0,-1.0,1,1,1,1,1,1,1
747,young-remorhaz,,8,monstrosity,Large,14,93,,unaligned,0,Monster Manual,-1.0,-1.0,-1.0,-1.0,-1.0,-1.0,1,1,1,1,1,1,1
748,young-silver-dragon,https://www.aidedd.org/dnd/monstres.php?vo=young-silver-dragon,12,dragon,Large,18,168,fly,lawful good,0,Monster Manual (SRD),23.0,10.0,21.0,14.0,11.0,19.0,1,0,0,0,0,0,0
749,young-white-dragon,https://www.aidedd.org/dnd/monstres.php?vo=young-white-dragon,9,dragon,Large,17,133,"fly, swim",chaotic evil,0,Monster Manual (SRD),18.0,10.0,18.0,6.0,11.0,12.0,1,0,0,0,0,0,0
750,yuan-ti-abomination,https://www.aidedd.org/dnd/monstres.php?vo=yuan-ti-abomination,10,"monstrosity (shapechanger, yuan-ti)",Large,15,127,,neutral evil,0,Monster Manual (BR),19.0,16.0,17.0,17.0,15.0,18.0,1,0,0,0,0,0,0
751,yuan-ti-anathema,,15,"monstrosity (shapechanger, yuan-ti)",Huge,16,189,swim,neutral evil,0,Volo's Guide to Monsters,-1.0,-1.0,-1.0,-1.0,-1.0,-1.0,1,1,1,1,1,1,1
752,yuan-ti-broodguard,,5,humanoid (yuan-ti),Medium,14,45,,neutral evil,0,Volo's Guide to Monsters,-1.0,-1.0,-1.0,-1.0,-1.0,-1.0,1,1,1,1,1,1,1
753,yuan-ti-malison,https://www.aidedd.org/dnd/monstres.php?vo=yuan-ti-malison,6,"monstrosity (shapechanger, yuan-ti)",Medium,12,66,,neutral evil,0,Monster Manual (BR),16.0,14.0,13.0,14.0,12.0,16.0,1,0,0,0,0,0,0
754,yuan-ti-mind-whisperer,,7,"monstrosity (shapechanger, yuan-ti)",Medium,14,71,,neutral evil,0,Volo's Guide to Monsters,-1.0,-1.0,-1.0,-1.0,-1.0,-1.0,1,1,1,1,1,1,1
755,yuan-ti-nightmare-speaker,https://www.aidedd.org/dnd/monstres.php?vo=yuan-ti-nightmare-speaker,7,"monstrosity (shapechanger, yuan-ti)",Medium,14,71,,neutral evil,0,Volo's Guide to Monsters,16.0,14.0,13.0,14.0,12.0,16.0,1,0,0,0,0,0,0
756,yuan-ti-pit-master,,8,"monstrosity (shapechanger, yuan-ti)",Medium,14,88,,neutral evil,0,Volo's Guide to Monsters,-1.0,-1.0,-1.0,-1.0,-1.0,-1.0,1,1,1,1,1,1,1
757,yuan-ti-pureblood,https://www.aidedd.org/dnd/monstres.php?vo=yuan-ti-pureblood,4,humanoid (yuan-ti),Medium,11,40,,neutral evil,0,Monster Manual (BR),11.0,12.0,11.0,13.0,12.0,14.0,1,0,0,0,0,0,0
758,zaratan,,25,elemental,Gargantuan,21,307,swim,neutral,0,Mordenkainen's Tome of Foes,-1.0,-1.0,-1.0,-1.0,-1.0,-1.0,1,1,1,1,1,1,1
759,zariel,https://www.aidedd.org/dnd/monstres.php?vo=zariel,29,fiend (devil),Large,21,580,fly,lawful evil,1,Mordenkainen's Tome of Foes,27.0,24.0,28.0,26.0,27.0,30.0,0,0,0,0,0,0,0
760,zombie,https://www.aidedd.org/dnd/monstres.php?vo=zombie,1,undead,Medium,8,22,,neutral evil,0,Monster Manual (SRD),13.0,6.0,16.0,3.0,6.0,5.0,1,0,0,0,0,0,0
761,zuggtmoy,,26,fiend (demon),Large,18,304,,chaotic evil,0,Mordenkainen's Tome of Foes,-1.0,-1.0,-1.0,-1.0,-1.0,-1.0,1,1,1,1,1,1,1
