,Unnamed: 0,name,isNamedCreature,isNpc,cr,ac,hp/average,hp/formula,alignment,type,type/tags,swarm,size,str,dex,con,int,wis,cha,save/cha,save/int,save/wis,save/con,save/dex,save/str,skill/arcana,skill/history,skill/insight,skill/perception,skill/performance,skill/stealth,skill/investigation,skill/acrobatics,skill/animal handling,skill/athletics,skill/deception,skill/intimidation,skill/medicine,skill/nature,skill/persuasion,skill/religion,skill/sleight of hand,skill/survival,initiative/advantageMode,passive,senseTags,speed/walk,speed/burrow/condition,speed/burrow,speed/climb/condition,speed/climb,speed/fly/condition,speed/fly,speed/swim/condition,speed/swim,trait,traitTags,spellcasting,damageTagsSpell,spellcastingTags,conditionInflictSpell,savingThrowForcedSpell,action,actionTags,bonus,reaction,conditionInflict,damageTags,savingThrowForced,legendaryActions,legendary,damageTagsLegendary,savingThrowForcedLegendary,conditionInflictLegendary,mythic,resist,vulnerable,immune,conditionImmune,languages,languageTags,items,environment,miscTags,source,familiar,group,summonedBySpell,summonedBySpellLevel,summonedByClass,variant,reprinted,sidekickHidden,name_missing,isNamedCreature_missing,isNpc_missing,ac_missing,hp/average_missing,hp/formula_missing,alignment_missing,type_missing,swarm_missing,size_missing,str_missing,dex_missing,con_missing,int_missing,wis_missing,cha_missing,save/cha_missing,save/int_missing,save/wis_missing,save/con_missing,save/dex_missing,save/str_missing,skill/arcana_missing,skill/history_missing,skill/insight_missing,skill/perception_missing,skill/performance_missing,skill/stealth_missing,skill/investigation_missing,skill/acrobatics_missing,skill/animal handling_missing,skill/athletics_missing,skill/deception_missing,skill/intimidation_missing,skill/medicine_missing,skill/nature_missing,skill/persuasion_missing,skill/religion_missing,skill/sleight of hand_missing,skill/survival_missing,initiative/advantageMode_missing,passive_missing,senseTags_missing,speed/walk_missing,speed/burrow_missing,speed/climb_missing,speed/fly_missing,speed/swim_missing,conditionInflict_missing,damageTags_missing,savingThrowForced_missing,legendaryActions_missing,legendary_missing,vulnerable_missing,languages_missing,languageTags_missing,environment_missing,miscTags_missing,source_missing,summonedBySpell_missing,summonedBySpellLevel_missing,variant_missing,reprinted_missing,sidekickHidden_missing
410,410,Swarm of Sunflies,0,0,7,13,22,5d8,C G,celestial,,True,M,6,17,10,4,10,6,-1,-1,-1,-1,-1,-1,-1,-1,-1,-1,-1,-1,-1,-1,-1,-1,-1,-1,-1,-1,-1,-1,-1,-1,0,10,,10,,-1,,-1,,40,,-1,True,,,,,,,True,,True,False,,P,"[""constitution""]",-1,0,,,,False,,,,,"[""understands Celestial but can't speak""]","CE,CS",,,"AOE, MW",MPP,False,,,-1,,,,-1,0,0,0,0,0,0,0,0,0,0,0,0,0,0,0,0,1,1,1,1,1,1,1,1,1,1,1,1,1,1,1,1,1,1,1,1,1,1,1,1,0,0,1,0,1,1,0,1,1,0,0,1,0,1,0,0,1,0,0,1,1,1,1,1
11,11,Flesh Colossus,0,0,26,14,280,16d20 + 112,U,construct,,,G,24,9,24,6,10,5,-1,-1,-1,-1,-1,-1,-1,-1,-1,-1,-1,-1,-1,-1,-1,-1,-1,-1,-1,-1,-1,-1,-1,-1,0,10,SD,60,,-1,,-1,,-1,,-1,True,"[""Immutable Form"",""Magic Resistance"",""Siege Monster""]",,,,,,True,"[""Breath Weapon"",""Multiattack""]",True,False,,"B, O","[""dexterity""]",-1,0,,,,False,,,"[""lightning"",""poison"",""psychic"",{""cond"":true,""immune"":[""bludgeoning"",""piercing"",""slashing""],""note"":""from nonmagical attacks""}]","[""charmed"",""exhaustion"",""frightened"",""paralyzed"",""petrified"",""poisoned""]","[""understands Giant but can't speak""]","CS,GI",,,"AOE, MW, RCH",BGG,False,,,-1,,,,-1,0,0,0,0,0,0,0,0,1,0,0,0,0,0,0,0,1,1,1,1,1,1,1,1,1,1,1,1,1,1,1,1,1,1,1,1,1,1,1,1,0,0,0,0,1,1,1,1,1,0,0,1,0,1,0,0,1,0,0,1,1,1,1,1
2964,2964,Giant Hyena,0,0,7,12,45,6d10 + 12,U,beast,,,L,16,14,14,2,12,7,-1,-1,-1,-1,-1,-1,-1,-1,-1,3,-1,-1,-1,-1,-1,-1,-1,-1,-1,-1,-1,-1,-1,-1,0,13,,50,,-1,,-1,,-1,,-1,True,"[""Rampage""]",,,,,,True,,False,False,,P,,-1,0,,,,False,,,,,,,,"grassland, forest, hill, desert",MW,MM,False,,,-1,,,True,-1,0,0,0,0,0,0,0,0,1,0,0,0,0,0,0,0,1,1,1,1,1,1,1,1,1,0,1,1,1,1,1,1,1,1,1,1,1,1,1,1,0,0,1,0,1,1,1,1,1,0,1,1,0,1,1,1,0,0,0,1,1,1,0,1
117,117,Aartuk Weedling,0,0,8,15,38,7d8 + 7,L E,plant,,,M,14,12,13,10,13,10,-1,-1,-1,-1,-1,-1,-1,-1,-1,-1,-1,-1,-1,-1,-1,-1,-1,-1,-1,-1,-1,-1,-1,-1,0,11,D,20,,-1,,20,,-1,,-1,True,"[""Spider Climb""]",,,,,,True,"[""Multiattack""]",True,False,"[""grappled""]","B, R","[""dexterity""]",-1,0,,,,False,,,,,"[""Aartuk""]",,,,"MW, RCH",BAM,False,,,-1,,,,-1,0,0,0,0,0,0,0,0,1,0,0,0,0,0,0,0,1,1,1,1,1,1,1,1,1,1,1,1,1,1,1,1,1,1,1,1,1,1,1,1,0,0,0,0,1,0,1,1,0,0,0,1,0,1,0,1,1,0,0,1,1,1,1,1
2987,2987,Clockwork Dragon,0,1,7,16,22,4d8 + 4,N,construct,,,M,14,10,12,10,11,13,-1,-1,-1,-1,-1,-1,-1,-1,-1,4,-1,-1,-1,2,-1,-1,-1,-1,-1,-1,-1,-1,-1,-1,0,14,"B, D",30,,-1,,-1,,60,,-1,True,"[""False Appearance""]",,,,,,True,"[""Breath Weapon""]",False,False,,"F,P","[""dexterity""]",-1,0,,,,False,,,"[""poison"",""psychic""]","[""blinded"",""charmed"",""deafened"",""exhaustion"",""frightened"",""paralyzed"",""petrified"",""poisoned""]","[""Common"",""Draconic""]","C,DR",,,"AOE, MW",AI,False,,,-1,,,,-1,0,0,0,0,0,0,0,0,1,0,0,0,0,0,0,0,1,1,1,1,1,1,1,1,1,0,1,1,1,0,1,1,1,1,1,1,1,1,1,1,0,0,0,0,1,1,0,1,1,0,0,1,0,1,0,0,1,0,0,1,1,1,1,1
1114,1114,Kraken Priest,0,0,11,15,75,10d8 + 30,C E,monstrosity,,,M,12,10,16,10,15,14,-1,-1,-1,-1,-1,-1,-1,-1,-1,5,-1,-1,-1,-1,-1,-1,-1,-1,-1,-1,-1,-1,-1,-1,0,15,,30,,-1,,-1,,-1,,30,True,"[""Amphibious""]",Wis,B,O,"[""prone"",""restrained""]","[""dexterity"",""strength"",""wisdom""]",True,"[""Multiattack""]",False,False,"[""frightened"",""prone""]","L,T","[""wisdom""]",-1,0,,,,False,,,,,"[""any two languages""]",X,,"coastal, underwater",,MPMM,False,,,-1,,,,-1,0,0,0,0,0,0,0,0,1,0,0,0,0,0,0,0,1,1,1,1,1,1,1,1,1,0,1,1,1,1,1,1,1,1,1,1,1,1,1,1,0,0,1,0,1,1,1,0,0,0,0,1,0,1,0,0,0,1,0,1,1,1,1,1
1288,1288,Slaad Tadpole,0,0,3,12,10,4d4,C N,aberration,,,T,7,15,10,3,5,3,-1,-1,-1,-1,-1,-1,-1,-1,-1,-1,-1,4,-1,-1,-1,-1,-1,-1,-1,-1,-1,-1,-1,-1,0,7,D,30,,-1,,-1,,-1,,-1,True,"[""Magic Resistance""]",,,,,,True,,False,False,,P,,-1,0,,,,False,"[""acid"",""cold"",""fire"",""lightning"",""thunder""]",,,,"[""understands Slaad but can't speak""]","CS,OTH",,,MW,MM,False,,,-1,,,True,-1,0,0,0,0,0,0,0,0,1,0,0,0,0,0,0,0,1,1,1,1,1,1,1,1,1,1,1,0,1,1,1,1,1,1,1,1,1,1,1,1,0,0,0,0,1,1,1,1,1,0,1,1,0,1,0,0,1,0,0,1,1,1,0,1
2342,2342,Cold Snap Spirit,0,1,11,18,78,12d8 + 24,,elemental,,,M,10,20,14,2,7,3,-1,-1,1,-1,8,-1,-1,-1,-1,1,-1,8,-1,-1,-1,-1,-1,-1,-1,-1,-1,-1,-1,-1,0,11,SD,30,,-1,,-1,,30,,-1,True,,,,,,,True,,False,False,,C,,-1,0,,,,False,"[{""cond"":true,""note"":""from nonmagical attacks"",""resist"":[""slashing"",""piercing""]}]","[""fire""]","[""cold"",""poison""]","[""charmed"",""frightened"",""poisoned"",""paralyzed"",""stunned""]",,,,"arctic, forest, mountain",AOE,TDCSR,False,,,-1,,,,-1,0,0,0,0,0,0,1,0,1,0,0,0,0,0,0,0,1,1,0,1,0,1,1,1,1,0,1,0,1,1,1,1,1,1,1,1,1,1,1,1,0,0,0,0,1,1,0,1,1,0,1,1,0,0,1,1,0,0,0,1,1,1,1,1
1910,1910,Ychen Bannog,0,0,17,17,186,12d20 + 60,U,beast,,,G,28,10,21,3,12,10,-1,-1,-1,-1,-1,-1,-1,-1,-1,-1,-1,-1,-1,-1,-1,-1,-1,-1,-1,-1,-1,-1,-1,-1,0,11,,50,,-1,,-1,,-1,,-1,True,"[""Siege Monster""]",,,,,,True,"[""Multiattack""]",False,False,"[""deafened"",""prone""]","B, P,T","[""constitution"",""dexterity"",""strength""]",-1,0,,,,False,"[""bludgeoning""]",,,"[""exhaustion""]",,,,"forest, grassland","AOE, MW, RCH",ToB1-2023,False,,,-1,,,,-1,0,0,0,0,0,0,0,0,1,0,0,0,0,0,0,0,1,1,1,1,1,1,1,1,1,1,1,1,1,1,1,1,1,1,1,1,1,1,1,1,0,0,1,0,1,1,1,1,0,0,0,1,0,1,1,1,0,0,0,1,1,1,1,1
2151,2151,Young Black Dragon,0,0,13,18,127,15d10 + 45,C E,dragon,,,L,19,14,17,12,11,15,5,-1,3,6,5,-1,-1,-1,-1,6,-1,5,-1,-1,-1,-1,-1,-1,-1,-1,-1,-1,-1,-1,0,16,"B, SD",40,,-1,,-1,,80,,40,True,"[""Amphibious""]",,,,,,True,"[""Breath Weapon"",""Multiattack""]",False,False,,"A, P,S","[""dexterity""]",-1,0,,,,False,,,"[""acid""]",,"[""Common"",""Draconic""]","C,DR",,swamp,"AOE, MW, RCH",MM,False,"[""Chromatic Dragon""]",,-1,,True,True,-1,0,0,0,0,0,0,0,0,1,0,0,0,0,0,0,0,0,1,0,0,0,1,1,1,1,0,1,0,1,1,1,1,1,1,1,1,1,1,1,1,0,0,0,0,1,1,0,0,1,0,0,1,0,1,0,0,0,0,0,1,1,0,0,1
2948,2948,Putrid Haunt,0,0,8,13,44,8d8 + 8,N E,undead,,,M,17,8,13,3,11,6,-1,-1,-1,-1,-1,-1,-1,-1,-1,-1,-1,-1,-1,-1,-1,-1,-1,-1,-1,-1,-1,-1,-1,-1,0,10,D,30,,-1,,-1,,-1,,20,True,"[""False Appearance""]",,,,,,True,,False,False,"[""poisoned""]","B, I,P","[""dexterity""]",-1,0,,,,False,"[{""cond"":true,""note"":""from nonmagical attacks"",""resist"":[""bludgeoning"",""piercing""]}]",,"[""poison""]","[""charmed"",""exhaustion"",""poisoned""]","[""understands the language it knew in life but can't speak""]","CS,LF",,swamp,"AOE, MW",ToB1-2023,False,,,-1,,,,-1,0,0,0,0,0,0,0,0,1,0,0,0,0,0,0,0,1,1,1,1,1,1,1,1,1,1,1,1,1,1,1,1,1,1,1,1,1,1,1,1,0,0,0,0,1,1,1,0,0,0,0,1,0,1,0,0,0,0,0,1,1,1,1,1
2365,2365,Chief Guh,0,0,11,9,160,10d12 + 40,C E,giant,,,H,21,1,19,5,9,6,-1,-1,-1,-1,-1,-1,-1,-1,-1,2,-1,-1,-1,-1,-1,-1,-1,-1,-1,-1,-1,-1,-1,-1,0,12,,0,,-1,,-1,,-1,,-1,False,,,,,,,True,"[""Multiattack""]",False,False,,B,,-1,0,,,,False,,,,,"[""Common"",""Giant"",""Goblin""]","C,GI,GO",greatclub,,"MLW,MW, RCH, RW",SKT,False,,,-1,,,,-1,0,0,0,0,0,0,0,0,1,0,0,0,0,0,0,0,1,1,1,1,1,1,1,1,1,0,1,1,1,1,1,1,1,1,1,1,1,1,1,1,0,0,1,0,1,1,1,1,1,0,1,1,0,1,0,0,1,0,0,1,1,1,1,1
494,494,Zargash,0,0,9,13,45,7d8 + 14,C E,humanoid,"cleric, Human",,M,14,10,14,12,16,15,4,-1,5,-1,-1,-1,-1,-1,5,-1,-1,-1,-1,-1,-1,-1,6,-1,-1,-1,-1,-1,-1,-1,0,13,,30,,-1,,-1,,-1,,-1,True,,Wis,,O,"[""deafened"",""paralyzed"",""prone""]","[""dexterity"",""wisdom""]",True,,True,False,,"B, N",,-1,0,,,,False,,,,,"[""Common""]",C,warhammer,,"MLW,MW",WBtW,False,,,-1,,,,-1,0,0,0,0,0,0,0,0,1,0,0,0,0,0,0,0,0,1,0,1,1,1,1,1,0,1,1,1,1,1,1,1,0,1,1,1,1,1,1,1,0,0,1,0,1,1,1,1,1,0,1,1,0,1,0,0,1,0,0,1,1,1,1,1
41,41,Buer,0,0,27,21,315,30d10 + 150,L E,fiend,devil,,L,23,22,21,16,18,17,-1,-1,-1,14,13,15,10,-1,11,11,-1,-1,-1,-1,-1,22,-1,17,-1,-1,-1,-1,-1,11,0,21,SD,25,,-1,,-1,,-1,,-1,True,"[""Devil's Sight"",""Magic Resistance""]",,,,,,True,"[""Multiattack""]",True,True,,"B, C,F,O,S","[""constitution"",""wisdom""]",-1,0,,,,False,"[""cold"",{""cond"":true,""note"":""from nonmagical attacks that aren't silvered"",""resist"":[""bludgeoning"",""piercing"",""slashing""]}]",,"[""fire"",""poison""]","[""charmed"",""poisoned""]","[""Celestial"",""Common"",""Draconic"",""Infernal"",""telepathy 120 ft.""]","C,CE,DR,I,TP",,,"MW, RCH",CoA,False,,,-1,,,,-1,0,0,0,0,0,0,0,0,1,0,0,0,0,0,0,0,1,1,1,0,0,0,0,1,0,0,1,1,1,1,1,0,1,0,1,1,1,1,1,0,0,0,0,0,1,1,1,1,1,0,0,1,0,1,0,0,1,0,0,1,1,1,1,1
1072,1072,Rock Gnome Recluse,0,1,4,13,7,2d6,C N,humanoid,gnome,,S,6,11,10,15,10,13,-1,-1,-1,-1,-1,-1,4,4,-1,-1,-1,-1,-1,-1,-1,-1,-1,-1,-1,-1,-1,-1,-1,-1,0,10,D,25,,-1,,-1,,-1,,-1,True,,Int,"C,O",CW,,,True,,False,False,,"C,O",,-1,0,,,,False,,,,,"[""Common"",""Gnomish""]",C G,,,,DIP,False,,,-1,,,,-1,0,0,0,0,0,0,0,0,1,0,0,0,0,0,0,0,1,1,1,1,1,1,0,0,1,1,1,1,1,1,1,1,1,1,1,1,1,1,1,1,0,0,0,0,1,1,1,1,1,0,1,1,0,1,0,0,1,1,0,1,1,1,1,1
549,549,Baphomet,0,0,29,22,319,22d12 + 176,C E,fiend,demon,,H,30,14,26,18,24,16,-1,-1,14,15,9,-1,-1,-1,-1,14,-1,-1,-1,-1,-1,-1,-1,17,-1,-1,-1,-1,-1,-1,0,24,U,40,,-1,,-1,,-1,,-1,True,"[""Legendary Resistances"",""Magic Resistance""]",Cha,,O,"[""charmed""]","[""dexterity"",""wisdom""]",True,"[""Frightful Presence"",""Multiattack""]",False,False,"[""frightened"",""prone""]","O,P","[""strength"",""wisdom""]",-1,0,,,,False,"[""cold"",""fire"",""lightning""]",,"[""poison"",{""cond"":true,""immune"":[""bludgeoning"",""piercing"",""slashing""],""note"":""that is nonmagical""}]","[""charmed"",""exhaustion"",""frightened"",""poisoned""]","[""all"",""telepathy 120 ft.""]","TP,XX",,,"MW, RCH",MPMM,False,,,-1,,,,-1,0,0,0,0,0,0,0,0,1,0,0,0,0,0,0,0,1,1,0,0,0,1,1,1,1,0,1,1,1,1,1,1,1,0,1,1,1,1,1,1,0,0,0,0,1,1,1,1,0,0,0,1,0,1,0,0,1,0,0,1,1,1,1,1
1444,1444,Erina,0,0,4,12,22,4d6 + 8,N,humanoid,erina,,S,9,12,14,13,10,11,-1,-1,-1,-1,-1,-1,-1,-1,-1,-1,-1,-1,-1,-1,-1,-1,-1,-1,-1,-1,-1,-1,-1,-1,0,10,D,20,,20,,-1,,-1,,-1,True,"[""Keen Senses""]",,,,,,True,,False,False,,"B, P,S",,-1,0,,,,False,"[""poison""]",,,,"[""Common"",""Erina""]",C,"dagger, sling","forest, grassland","MLW,MW, RW",ToB1-2023,False,,,-1,,,,-1,0,0,0,0,0,0,0,0,1,0,0,0,0,0,0,0,1,1,1,1,1,1,1,1,1,1,1,1,1,1,1,1,1,1,1,1,1,1,1,1,0,0,0,0,0,1,1,1,1,0,1,1,0,1,0,0,0,0,0,1,1,1,1,1
682,682,Kelek,0,0,11,12,45,7d8 + 14,C E,humanoid,"Human, sorcerer",,M,15,10,14,15,13,17,6,-1,-1,5,-1,-1,-1,-1,-1,-1,-1,-1,-1,-1,-1,-1,6,6,-1,-1,-1,-1,-1,-1,0,11,,30,,-1,,-1,,-1,,-1,True,,Cha,F,O,"[""charmed"",""restrained""]","[""dexterity"",""wisdom""]",True,"[""Multiattack""]",False,True,,"B, F,O","[""dexterity""]",-1,0,,,,False,,,,,"[""Common"",""Draconic"",""Elvish""]","C,DR,E",,,"AOE, MW",WBtW,False,,,-1,,,,-1,0,0,0,0,0,0,0,0,1,0,0,0,0,0,0,0,0,1,1,0,1,1,1,1,1,1,1,1,1,1,1,1,0,0,1,1,1,1,1,1,0,0,1,0,1,1,1,1,1,0,0,1,0,1,0,0,1,0,0,1,1,1,1,1
523,523,Tsucora Quori,0,1,13,16,68,8d8 + 32,L E,aberration,,,M,17,14,18,14,14,16,6,-1,5,-1,-1,-1,-1,-1,5,5,-1,-1,-1,-1,-1,-1,-1,-1,-1,-1,-1,-1,-1,-1,0,15,D,40,,-1,,-1,,-1,,-1,False,,Cha,,"I,P","[""charmed"",""frightened""]","[""wisdom""]",True,"[""Multiattack""]",False,False,"[""frightened"",""grappled"",""incapacitated""]","B, P,S,Y","[""charisma"",""wisdom""]",-1,0,,,,False,"[""psychic""]",,,"[""charmed"",""frightened""]","[""Common"",""Quori""]",C,,,"MW, RCH",ERLW,False,"[""Quori""]",,-1,,,,-1,0,0,0,0,0,0,0,0,1,0,0,0,0,0,0,0,0,1,0,1,1,1,1,1,0,0,1,1,1,1,1,1,1,1,1,1,1,1,1,1,0,0,0,0,1,1,1,1,0,0,0,1,0,1,0,0,1,0,0,1,1,1,1,1
1751,1751,Urochar,0,0,23,19,256,19d12 + 133,C E,aberration,,,H,24,15,24,14,14,20,11,-1,8,13,8,-1,-1,-1,-1,8,-1,8,-1,-1,-1,-1,-1,-1,-1,-1,-1,-1,-1,-1,0,18,U,40,,-1,,40,,-1,,-1,True,"[""Spider Climb""]",,,,,,True,"[""Multiattack"",""Tentacles""]",False,True,"[""frightened"",""grappled"",""paralyzed"",""restrained""]","B, Y","[""charisma"",""strength"",""wisdom""]",-1,0,,,,False,"[""cold"",""lightning"",{""cond"":true,""note"":""from nonmagical attacks that aren't silvered"",""resist"":[""bludgeoning"",""piercing"",""slashing""]}]",,"[""thunder""]","[""frightened""]","[""understands Darakhul and Void Speech but can't speak""]",CS,,underdark,"AOE, MW, RCH",ToB1-2023,False,,,-1,,,,-1,0,0,0,0,0,0,0,0,1,0,0,0,0,0,0,0,0,1,0,0,0,1,1,1,1,0,1,0,1,1,1,1,1,1,1,1,1,1,1,1,0,0,0,0,1,0,1,1,0,0,0,1,0,1,0,0,0,0,0,1,1,1,1,1
2140,2140,Blue Slaad,0,0,13,15,123,13d10 + 52,C N,aberration,,,L,20,15,18,7,7,9,-1,-1,-1,-1,-1,-1,-1,-1,-1,1,-1,-1,-1,-1,-1,-1,-1,-1,-1,-1,-1,-1,-1,-1,0,11,D,30,,-1,,-1,,-1,,-1,True,"[""Magic Resistance"",""Regeneration""]",,,,,,True,"[""Multiattack""]",False,False,,"P,S,Y","[""constitution""]",-1,0,,,,False,"[""acid"",""cold"",""fire"",""lightning"",""thunder""]",,,,"[""Slaad"",""telepathy 60 ft.""]","OTH,TP",,,"DIS, HPR, MW",MM,False,,,-1,,True,True,-1,0,0,0,0,0,0,0,0,1,0,0,0,0,0,0,0,1,1,1,1,1,1,1,1,1,0,1,1,1,1,1,1,1,1,1,1,1,1,1,1,0,0,0,0,1,1,1,1,1,0,0,1,0,1,0,0,1,0,0,1,1,0,0,1
1099,1099,Gynosphinx,0,0,17,17,136,16d10 + 48,L N,monstrosity,,,L,18,15,16,18,18,18,-1,-1,-1,-1,-1,-1,12,12,-1,8,-1,-1,-1,-1,-1,-1,-1,-1,-1,-1,-1,8,-1,-1,0,18,U,40,,-1,,-1,,60,,-1,True,"[""Magic Weapons""]",Int,,CW,,"[""charisma"",""wisdom""]",True,"[""Multiattack""]",False,False,,S,,-1,0,N,"[""constitution""]",,False,"[{""cond"":true,""note"":""from nonmagical attacks"",""resist"":[""bludgeoning"",""piercing"",""slashing""]}]",,"[""psychic""]","[""charmed"",""frightened""]","[""Common"",""Sphinx""]","C,OTH",,desert,MW,MM,False,"[""Sphinxes""]",,-1,,,True,-1,0,0,0,0,0,0,0,0,1,0,0,0,0,0,0,0,1,1,1,1,1,1,0,0,1,0,1,1,1,1,1,1,1,1,1,1,1,0,1,1,0,0,0,0,1,1,0,1,1,0,1,1,0,1,0,0,0,0,0,1,1,1,0,1
2528,2528,Langdedrosa Cyanwrath,0,0,10,17,57,6d12 + 18,L E,humanoid,half-dragon,,M,19,13,16,10,14,12,-1,-1,-1,5,-1,6,-1,-1,-1,4,-1,-1,-1,-1,-1,6,-1,3,-1,-1,-1,-1,-1,-1,0,14,"B, D",30,,-1,,-1,,-1,,-1,True,,,,,,,True,"[""Breath Weapon"",""Multiattack""]",False,False,,"L,P,S","[""dexterity""]",-1,0,,,,False,"[""lightning""]",,,,"[""Common"",""Draconic""]","C,DR","greatsword, spear",,"AOE, MLW,MW, RW, THW",HotDQ,False,,,-1,,,,-1,0,0,0,0,0,0,0,0,1,0,0,0,0,0,0,0,1,1,1,0,1,0,1,1,1,0,1,1,1,1,1,0,1,0,1,1,1,1,1,1,0,0,0,0,1,1,1,1,1,0,0,1,0,1,0,0,1,0,0,1,1,1,1,1
2451,2451,Lynx Creatlach,0,0,11,13,136,16d8 + 64,L E,undead,tiefling,,M,18,14,18,13,16,18,7,-1,6,7,-1,7,-1,-1,-1,-1,-1,-1,-1,-1,-1,-1,-1,-1,-1,-1,-1,-1,-1,-1,0,13,D,30,,-1,,-1,,-1,,-1,True,"[""Damage Absorption"",""Immutable Form"",""Magic Resistance"",""Regeneration"",""Turn Immunity""]",,,,,,True,"[""Multiattack""]",False,False,,P,,-1,0,,,,False,"[""necrotic"",""psychic""]",,"[""poison""]","[""charmed"",""exhaustion"",""frightened"",""paralyzed"",""poisoned"",""stunned""]","[""Common"",""Infernal""]","C,I",shortsword,,"MLW,MW",IMR,False,,,-1,,,,-1,0,0,0,0,0,0,0,0,1,0,0,0,0,0,0,0,0,1,0,0,1,0,1,1,1,1,1,1,1,1,1,1,1,1,1,1,1,1,1,1,0,0,0,0,1,1,1,1,1,0,1,1,0,1,0,0,1,0,0,1,1,1,1,1
3075,3075,Homarid,0,0,7,14,44,8d8 + 8,C E,monstrosity,,,M,13,8,13,9,14,10,-1,-1,-1,-1,-1,-1,-1,-1,-1,4,-1,3,-1,-1,-1,-1,-1,-1,-1,-1,-1,-1,-1,-1,0,14,D,20,,-1,,-1,,-1,,30,True,"[""Amphibious""]",,,,,,True,"[""Multiattack""]",False,False,"[""grappled""]",S,,-1,0,,,,False,,,,,"[""Homarid""]",OTH,,,MW,PSD,False,,,-1,,,,-1,0,0,0,0,0,0,0,0,1,0,0,0,0,0,0,0,1,1,1,1,1,1,1,1,1,0,1,0,1,1,1,1,1,1,1,1,1,1,1,1,0,0,0,0,1,1,1,0,0,0,1,1,0,1,0,0,1,0,0,1,1,1,1,1
166,166,Cadaver Collector,0,0,20,17,189,18d10 + 90,L E,construct,,,L,21,14,20,5,11,8,-1,-1,-1,-1,-1,-1,-1,-1,-1,-1,-1,-1,-1,-1,-1,-1,-1,-1,-1,-1,-1,-1,-1,-1,0,10,D,30,,-1,,-1,,-1,,-1,True,"[""Magic Resistance"",""Unusual Nature""]",,,,,,True,"[""Breath Weapon"",""Multiattack""]",True,False,"[""paralyzed""]","B, N","[""constitution""]",-1,0,,,,False,,,"[""necrotic"",""poison"",""psychic"",{""cond"":true,""immune"":[""bludgeoning"",""piercing"",""slashing""],""note"":""from nonmagical attacks that aren't adamantine""}]","[""charmed"",""exhaustion"",""frightened"",""paralyzed"",""petrified"",""poisoned""]","[""understands all languages but can't speak""]","CS,XX",,grassland,"AOE, MW",MPMM,False,,,-1,,,,-1,0,0,0,0,0,0,0,0,1,0,0,0,0,0,0,0,1,1,1,1,1,1,1,1,1,1,1,1,1,1,1,1,1,1,1,1,1,1,1,1,0,0,0,0,1,1,1,1,0,0,0,1,0,1,0,0,0,0,0,1,1,1,1,1
228,228,Clasp Enforcer,0,1,11,16,102,12d8 + 48,,humanoid,any,,M,16,12,18,8,11,14,-1,-1,-1,-1,-1,-1,-1,-1,-1,-1,-1,-1,-1,-1,-1,6,-1,8,-1,-1,-1,-1,-1,-1,0,10,,30,,-1,,-1,,-1,,-1,True,,,,,,,True,"[""Multiattack""]",True,False,"[""frightened""]",B,,-1,0,,,,False,,,,,"[""Common"",""Thieves' cant""]","C,TC",warhammer,,"MLW,MW",TDCSR,False,"[""Clasp""]",,-1,,,,-1,0,0,0,0,0,0,1,0,1,0,0,0,0,0,0,0,1,1,1,1,1,1,1,1,1,1,1,1,1,1,1,0,1,0,1,1,1,1,1,1,0,0,1,0,1,1,1,1,0,0,1,1,0,1,0,0,1,0,0,1,1,1,1,1
1328,1328,Jermlaine,0,0,3,11,3,1d4 + 1,N E,humanoid,jermlaine,,T,4,12,13,10,11,7,-1,-1,-1,-1,-1,-1,-1,-1,-1,-1,-1,5,-1,-1,-1,-1,-1,-1,-1,-1,-1,-1,-1,-1,0,10,D,30,,-1,,-1,,-1,,-1,True,"[""Magic Resistance""]",,,,,,True,,False,False,,"B, P",,-1,0,,,,False,,,,,"[""Undercommon""]",U,"club, dart",,"MLW,MW, RW, THW",MFF,False,,,-1,,,,-1,0,0,0,0,0,0,0,0,1,0,0,0,0,0,0,0,1,1,1,1,1,1,1,1,1,1,1,0,1,1,1,1,1,1,1,1,1,1,1,1,0,0,0,0,1,1,1,1,1,0,1,1,0,1,0,0,1,0,0,1,1,1,1,1
176,176,Cranium Rat,0,0,6,12,2,1d4,U,aberration,,,T,2,14,10,4,11,8,-1,-1,-1,-1,-1,-1,-1,-1,-1,-1,-1,-1,-1,-1,-1,-1,-1,-1,-1,-1,-1,-1,-1,-1,0,10,D,30,,-1,,-1,,-1,,-1,True,,,,,,,True,,True,False,,P,,-1,0,,,,False,,,,,"[""telepathy 30 ft.""]",TP,,"underdark, urban","AOE, MW",MPMM,False,,,-1,,,,-1,0,0,0,0,0,0,0,0,1,0,0,0,0,0,0,0,1,1,1,1,1,1,1,1,1,1,1,1,1,1,1,1,1,1,1,1,1,1,1,1,0,0,0,0,1,1,1,1,1,0,1,1,0,1,0,0,0,0,0,1,1,1,1,1
1188,1188,Githzerai Monk,0,0,8,14,38,7d8 + 7,L N,humanoid,gith,,M,12,15,12,13,14,10,-1,3,4,-1,4,3,-1,-1,4,4,-1,-1,-1,-1,-1,-1,-1,-1,-1,-1,-1,-1,-1,-1,0,14,,30,,-1,,-1,,-1,,-1,True,,Wis,,"I,P",,,True,"[""Multiattack""]",False,False,,"B, Y",,-1,0,,,,False,,,,,gith,GTH,,,MW,MM,False,,,-1,,,True,-1,0,0,0,0,0,0,0,0,1,0,0,0,0,0,0,0,1,0,0,1,0,0,1,1,0,0,1,1,1,1,1,1,1,1,1,1,1,1,1,1,0,0,1,0,1,1,1,1,1,0,1,1,0,1,0,0,1,0,0,1,1,1,0,1
2572,2572,Edimmu,0,0,10,15,75,10d8 + 30,C E,undead,,,M,1,19,16,12,18,13,-1,-1,-1,-1,-1,-1,-1,-1,-1,-1,-1,-1,-1,-1,-1,-1,-1,-1,-1,-1,-1,-1,-1,-1,0,14,B,0,,-1,,-1,hover,60,,-1,True,"[""Incorporeal Movement"",""Rejuvenation""]",,,,,,True,"[""Multiattack""]",False,False,"[""exhaustion""]","N,O","[""constitution""]",-1,0,,,,False,"[""acid"",""cold"",""fire"",""lightning"",""thunder"",{""cond"":true,""note"":""from nonmagical attacks"",""resist"":[""bludgeoning"",""piercing"",""slashing""]}]",,"[""necrotic"",""poison""]","[""charmed"",""exhaustion"",""frightened"",""grappled"",""paralyzed"",""petrified"",""poisoned"",""prone"",""restrained"",""unconscious""]","[""understands Common but can't speak""]","C,CS",,"desert, grassland",,ToB1-2023,False,,,-1,,,,-1,0,0,0,0,0,0,0,0,1,0,0,0,0,0,0,0,1,1,1,1,1,1,1,1,1,1,1,1,1,1,1,1,1,1,1,1,1,1,1,1,0,0,0,0,1,1,0,1,0,0,0,1,0,1,0,0,0,1,0,1,1,1,1,1
1638,1638,Flaming Skeleton,0,1,5,12,19,3d8 + 6,L E,undead,,,M,10,14,15,6,8,5,-1,-1,-1,-1,-1,-1,-1,-1,-1,-1,-1,-1,-1,-1,-1,-1,-1,-1,-1,-1,-1,-1,-1,-1,0,9,D,30,,-1,,-1,,-1,,-1,True,"[""Illumination""]",,,,,,True,,False,False,"[""grappled""]","F,P",,-1,0,,,,False,,"[""bludgeoning""]","[""fire"",""poison""]","[""exhaustion"",""poisoned""]","[""understands all languages it knew in life but can't speak""]","CS,LF",shortsword,mountain,"AOE, MLW,MW",TDCSR,False,"[""Skeletons""]",,-1,,,,-1,0,0,0,0,0,0,0,0,1,0,0,0,0,0,0,0,1,1,1,1,1,1,1,1,1,1,1,1,1,1,1,1,1,1,1,1,1,1,1,1,0,0,0,0,1,1,1,1,0,0,1,1,0,0,0,0,0,0,0,1,1,1,1,1
2511,2511,Succubus,0,0,10,15,66,12d8 + 12,N E,fiend,shapechanger,,M,8,17,13,15,12,20,-1,-1,-1,-1,-1,-1,-1,-1,5,5,-1,7,-1,-1,-1,-1,9,-1,-1,-1,9,-1,-1,-1,0,15,D,30,,-1,,-1,,60,,-1,True,shapechanger,,,,,,True,,False,False,"[""charmed""]","S,Y","[""constitution"",""wisdom""]",-1,0,,,,False,"[""cold"",""fire"",""lightning"",""poison"",{""cond"":true,""note"":""from nonmagical attacks"",""resist"":[""bludgeoning"",""piercing"",""slashing""]}]",,,,"[""Abyssal"",""Common"",""Infernal"",""telepathy 60 ft.""]","AB,C,I,TP",,urban,"HPR, MW",MM,False,,,-1,,,True,-1,0,0,0,0,0,0,0,0,1,0,0,0,0,0,0,0,1,1,1,1,1,1,1,1,0,0,1,0,1,1,1,1,0,1,1,1,0,1,1,1,0,0,0,0,1,1,0,1,0,0,0,1,0,1,0,0,0,0,0,1,1,1,0,1
1082,1082,Evil Mage,0,0,7,12,22,5d8,L E,humanoid,Human,,M,9,14,11,17,12,11,-1,5,3,-1,-1,-1,5,5,-1,-1,-1,-1,-1,-1,-1,-1,-1,-1,-1,-1,-1,-1,-1,-1,0,11,,30,,-1,,-1,,-1,,-1,False,,Int,"L,O",CW,,"[""dexterity"",""wisdom""]",True,,False,False,,B,,-1,0,,,,False,,,,,"[""Common"",""Draconic"",""Dwarvish"",""Elvish""]","C,D,DR,E",quarterstaff,,MW,HftT,False,,,-1,,,,-1,0,0,0,0,0,0,0,0,1,0,0,0,0,0,0,0,1,0,0,1,1,1,0,0,1,1,1,1,1,1,1,1,1,1,1,1,1,1,1,1,0,0,1,0,1,1,1,1,1,0,1,1,0,1,0,0,1,0,0,1,1,1,1,1
862,862,Bastian Thermandar,0,0,14,15,78,12d8 + 24,N E,humanoid,Genasi,,M,12,14,15,11,9,18,-1,-1,-1,-1,-1,-1,3,-1,-1,-1,-1,-1,-1,-1,-1,-1,7,-1,-1,-1,-1,-1,-1,-1,0,9,D,30,,-1,,-1,,-1,,-1,False,,Con,"F,L,O","CS,I",,"[""dexterity"",""wisdom""]",True,,False,False,,P,,-1,0,,,,False,"[""fire""]",,,,"[""Common"",""Ignan""]","C,IG",dagger,,"MLW,MW, RW, THW",PotA,False,,,-1,,,,-1,0,0,0,0,0,0,0,0,1,0,0,0,0,0,0,0,1,1,1,1,1,1,0,1,1,1,1,1,1,1,1,1,0,1,1,1,1,1,1,1,0,0,0,0,1,1,1,1,1,0,1,1,0,1,0,0,1,0,0,1,1,1,1,1
1085,1085,Losser Mirklav,0,0,12,15,31,9d6,C E,humanoid,Halfling,,S,9,14,11,17,12,11,-1,6,4,-1,-1,-1,6,6,-1,-1,-1,-1,-1,-1,-1,-1,-1,-1,-1,-1,-1,-1,-1,-1,0,11,,25,,-1,,-1,,-1,,-1,True,,Int,"B, C,F,N,O",CW,,"[""constitution"",""dexterity"",""wisdom""]",True,,False,False,,P,,-1,0,,,,False,,,,,"[""Common"",""Halfling""]","C,H",dagger,,"MLW,MW",WDH,False,,,-1,,,,-1,0,0,0,0,0,0,0,0,1,0,0,0,0,0,0,0,1,0,0,1,1,1,0,0,1,1,1,1,1,1,1,1,1,1,1,1,1,1,1,1,0,0,1,0,1,1,1,1,1,0,1,1,0,1,0,0,1,0,0,1,1,1,1,1
2870,2870,Eternal Flame Guardian,0,1,8,17,45,7d8 + 14,C E,humanoid,Human,,M,15,13,14,8,11,13,-1,-1,-1,-1,-1,-1,-1,-1,-1,2,-1,-1,-1,-1,-1,-1,-1,3,-1,-1,-1,-1,-1,-1,0,12,,30,,-1,,-1,,-1,,-1,True,,,,,,,True,"[""Multiattack""]",False,False,,"F,P,S",,-1,0,,,,False,"[""fire""]",,,,"[""Common""]",C,"heavy crossbow, longsword",,"MLW,MW, RNG, RW",PotA,False,,,-1,,,,-1,0,0,0,0,0,0,0,0,1,0,0,0,0,0,0,0,1,1,1,1,1,1,1,1,1,0,1,1,1,1,1,1,1,0,1,1,1,1,1,1,0,0,1,0,1,1,1,1,1,0,1,1,0,1,0,0,1,0,0,1,1,1,1,1
1217,1217,Omin Dran,0,0,11,18,65,10d8 + 20,L N,humanoid,half-elf,,M,16,8,14,11,18,12,4,-1,7,-1,-1,-1,-1,-1,7,7,-1,-1,-1,-1,-1,-1,4,4,7,-1,4,-1,-1,-1,0,17,D,30,,-1,,-1,,-1,,-1,True,"[""Fey Ancestry""]",Wis,"F,N,O,R",CC,"[""deafened"",""paralyzed"",""prone""]","[""charisma"",""dexterity"",""wisdom""]",True,"[""Multiattack""]",False,True,,B,,-1,0,,,,False,,,,,"[""Common"",""Dwarvish"",""Elvish"",""Goblin""]","C,D,E,GO",maul,,"MLW,MW",AI,False,,,-1,,,,-1,0,0,0,0,0,0,0,0,1,0,0,0,0,0,0,0,0,1,0,1,1,1,1,1,0,0,1,1,1,1,1,1,0,0,0,1,0,1,1,1,0,0,0,0,1,1,1,1,1,0,1,1,0,1,0,0,1,0,0,1,1,1,1,1
2409,2409,Catoblepas,0,0,11,14,84,8d10 + 40,U,monstrosity,,,L,19,12,21,3,14,8,-1,-1,-1,-1,-1,-1,-1,-1,-1,-1,-1,-1,-1,-1,-1,-1,-1,-1,-1,-1,-1,-1,-1,-1,0,12,D,30,,-1,,-1,,-1,,-1,True,"[""Keen Senses""]",,,,,,True,,False,False,"[""poisoned"",""stunned""]","B, N","[""constitution""]",-1,0,,,,False,,,,,,,,swamp,"MW, RCH",VGM,False,,,-1,,,True,-1,0,0,0,0,0,0,0,0,1,0,0,0,0,0,0,0,1,1,1,1,1,1,1,1,1,1,1,1,1,1,1,1,1,1,1,1,1,1,1,1,0,0,0,0,1,1,1,1,0,0,0,1,0,1,1,1,0,0,0,1,1,1,0,1
1409,1409,Duodrone,0,0,4,15,11,2d8 + 2,L N,construct,,,M,11,13,12,6,10,7,-1,-1,-1,-1,-1,-1,-1,-1,-1,-1,-1,-1,-1,-1,-1,-1,-1,-1,-1,-1,-1,-1,-1,-1,0,10,U,30,,-1,,-1,,-1,,-1,True,,,,,,,True,"[""Multiattack""]",False,False,,"B, P",,-1,0,,,,False,,,,,"[""Modron""]",OTH,javelin,,"MLW,MW, RW, THW",MM,False,"[""Modrons""]",,-1,,True,True,-1,0,0,0,0,0,0,0,0,1,0,0,0,0,0,0,0,1,1,1,1,1,1,1,1,1,1,1,1,1,1,1,1,1,1,1,1,1,1,1,1,0,0,0,0,1,1,1,1,1,0,1,1,0,1,0,0,1,0,0,1,1,0,0,1
2746,2746,Vegepygmy Moldmaker,0,1,9,15,44,8d6 + 16,N,plant,,,S,10,14,14,10,16,11,-1,2,5,-1,-1,-1,-1,-1,-1,5,-1,4,-1,-1,-1,-1,-1,-1,-1,-1,-1,-1,-1,-1,0,15,D,30,,-1,,-1,,-1,,-1,True,"[""Camouflage"",""Regeneration""]",,,,,,True,"[""Multiattack""]",False,False,"[""blinded"",""deafened""]","I,S","[""constitution""]",-1,0,,,,False,"[""lightning"",""piercing""]",,,,"[""Vegepygmy""]",OTH,,,MW,QftIS,False,,,-1,,,,-1,0,0,0,0,0,0,0,0,1,0,0,0,0,0,0,0,1,0,0,1,1,1,1,1,1,0,1,0,1,1,1,1,1,1,1,1,1,1,1,1,0,0,0,0,1,1,1,1,0,0,0,1,0,1,0,0,1,0,0,1,1,1,1,1
606,606,Faerie Dragon (Blue),0,0,8,15,14,4d4 + 4,C G,dragon,,,T,3,20,13,14,12,16,-1,-1,-1,-1,-1,-1,4,-1,-1,3,-1,7,-1,-1,-1,-1,-1,-1,-1,-1,-1,-1,-1,-1,0,13,D,10,,-1,,-1,,60,,-1,True,"[""Magic Resistance""]",Cha,,I,"[""blinded""]","[""wisdom""]",True,"[""Breath Weapon""]",False,False,"[""invisible""]",P,"[""wisdom""]",-1,0,,"[""wisdom""]",,False,,,,,"[""Draconic"",""Sylvan""]","DR,S",,forest,MW,MM,False,,,-1,,,True,-1,0,0,0,0,0,0,0,0,1,0,0,0,0,0,0,0,1,1,1,1,1,1,0,1,1,0,1,0,1,1,1,1,1,1,1,1,1,1,1,1,0,0,0,0,1,1,0,1,0,0,0,1,0,1,0,0,0,0,0,1,1,1,0,1
695,695,Ekengarik,0,0,22,16,231,22d10 + 110,L E,fiend,,,L,23,16,21,14,17,21,10,-1,-1,10,-1,-1,-1,-1,8,-1,-1,-1,-1,-1,-1,-1,10,-1,-1,-1,10,-1,-1,-1,0,13,"B, SD",30,,-1,,-1,,-1,,-1,True,"[""Regeneration""]",Cha,"A, B, C, F, I, L, O, Y",O,"[""blinded"",""charmed"",""invisible"",""petrified"",""restrained""]","[""constitution"",""dexterity"",""wisdom""]",True,"[""Multiattack""]",False,True,,"A, P","[""constitution"",""dexterity""]",-1,0,,,,False,"[""acid"",""lightning"",{""cond"":true,""note"":""from nonmagical attacks"",""resist"":[""bludgeoning"",""piercing"",""slashing""]}]",,"[""cold"",""fire"",""poison""]","[""charmed"",""poisoned""]","[""Common"",""Formian"",""telepathy 120 ft.""]","C,TP",,,MW,CoA,False,,,-1,,,,-1,0,0,0,0,0,0,0,0,1,0,0,0,0,0,0,0,0,1,1,0,1,1,1,1,0,1,1,1,1,1,1,1,0,1,1,1,0,1,1,1,0,0,0,0,1,1,1,1,1,0,0,1,0,1,0,0,1,0,0,1,1,1,1,1
652,652,Drow Arachnomancer,0,0,19,15,162,25d8 + 50,C E,humanoid,Elf,,M,11,17,14,19,14,16,8,9,-1,7,-1,-1,9,-1,-1,7,-1,8,-1,-1,-1,-1,-1,-1,-1,9,-1,-1,-1,-1,0,17,"B, SD",30,,-1,,30,,-1,,-1,True,"[""Fey Ancestry"",""Spider Climb"",""Sunlight Sensitivity"",""Web Walker""]",Cha,"F,I,L,N,O,P","CL,I","[""charmed"",""frightened"",""invisible"",""paralyzed"",""restrained"",""unconscious""]","[""constitution"",""dexterity"",""wisdom""]",True,"[""Multiattack""]",False,False,"[""paralyzed"",""poisoned"",""restrained""]","I,P","[""constitution""]",-1,0,,,,False,"[""poison""]",,,,"[""Elvish"",""Undercommon"",""can speak with spiders""]","E,U",,underdark,"MW, RW",MTF,False,,,-1,,,True,-1,0,0,0,0,0,0,0,0,1,0,0,0,0,0,0,0,0,0,1,0,1,1,0,1,1,0,1,0,1,1,1,1,1,1,1,0,1,1,1,1,0,0,0,0,1,0,1,1,0,0,0,1,0,1,0,0,0,0,0,1,1,1,0,1
506,506,Warlock of the Archfey,0,0,10,14,49,11d8,A,humanoid,any,,M,9,13,11,11,12,18,6,-1,3,-1,-1,-1,2,-1,-1,-1,-1,-1,-1,-1,-1,-1,6,-1,-1,2,6,-1,-1,-1,0,11,,30,,-1,,-1,,-1,,-1,False,,Cha,"O,Y","CL,I","[""charmed"",""frightened"",""paralyzed"",""unconscious""]","[""charisma"",""dexterity"",""intelligence"",""wisdom""]",True,,False,True,,P,,-1,0,,,,False,,,,"[""charmed""]","[""any two languages (usually Sylvan)""]","S,X",dagger,"arctic, forest, mountain, swamp, urban","MLW,MW, RW, THW",VGM,False,,,-1,,,True,-1,0,0,0,0,0,0,0,0,1,0,0,0,0,0,0,0,0,1,0,1,1,1,0,1,1,1,1,1,1,1,1,1,0,1,1,0,0,1,1,1,0,0,1,0,1,1,1,1,1,0,1,1,0,1,0,0,0,0,0,1,1,1,0,1
848,848,Skull Lord,0,0,21,18,105,14d8 + 42,L E,undead,,,M,14,16,17,16,15,21,-1,-1,-1,-1,-1,-1,-1,8,-1,12,-1,8,-1,-1,-1,7,-1,-1,-1,-1,-1,-1,-1,-1,0,22,D,30,,-1,,-1,,-1,,-1,True,"[""Legendary Resistances""]",Cha,"B, C,F,I,L,N,O,T",CS,,"[""constitution"",""dexterity"",""wisdom""]",True,"[""Multiattack""]",False,False,,"B, N",,-1,0,,,,False,"[""cold"",""necrotic"",{""cond"":true,""note"":""from nonmagical attacks"",""resist"":[""bludgeoning"",""piercing"",""slashing""]}]",,"[""poison""]","[""blinded"",""charmed"",""deafened"",""exhaustion"",""frightened"",""poisoned"",""stunned"",""unconscious""]","[""all the languages it knew in life""]",LF,,"desert, swamp, underdark",MW,MTF,False,,,-1,,,True,-1,0,0,0,0,0,0,0,0,1,0,0,0,0,0,0,0,1,1,1,1,1,1,1,0,1,0,1,0,1,1,1,0,1,1,1,1,1,1,1,1,0,0,0,0,1,1,1,1,1,0,1,1,0,1,0,0,0,0,0,1,1,1,0,1
565,565,Mordakhesh,0,1,21,18,170,20d8 + 80,L E,fiend,,,M,20,16,18,15,17,20,10,-1,8,9,-1,10,-1,-1,8,8,-1,-1,-1,-1,-1,10,-1,-1,-1,-1,10,-1,-1,-1,0,18,D,40,,-1,,-1,,-1,,-1,True,,Cha,"A, C,F,I,L,N,O,R,T, Y",I,,"[""constitution"",""wisdom""]",True,"[""Multiattack""]",False,False,,"O,S",,-1,0,,,,False,"[{""cond"":true,""note"":""from nonmagical attacks that aren't silvered"",""resist"":[""bludgeoning"",""piercing"",""slashing""]}]","[{""cond"":true,""note"":""from magic weapons wielded by good creatures"",""vulnerable"":[""piercing""]}]",,,"[""Common"",""Infernal""]","C,I",greatsword,,"MLW,MW",ERLW,False,,,-1,,,,-1,0,0,0,0,0,0,0,0,1,0,0,0,0,0,0,0,0,1,0,0,1,0,1,1,0,0,1,1,1,1,1,0,1,1,1,1,0,1,1,1,0,0,0,0,1,1,1,1,1,0,1,1,0,0,0,0,1,0,0,1,1,1,1,1
1158,1158,Witherbloom Professor of Growth,0,0,13,13,112,15d8 + 45,A,humanoid,druid,,S M,11,13,16,16,19,13,4,6,7,6,-1,-1,6,-1,-1,-1,-1,-1,-1,-1,-1,-1,-1,-1,7,6,-1,-1,-1,7,0,14,,30,,-1,,-1,,-1,,-1,False,,Wis,,O,,,True,"[""Multiattack""]",False,False,,"I,P","[""strength""]",-1,0,,,,False,"[""poison""]",,,"[""poisoned""]","[""Common plus any four languages""]","C,X",,,RCH,SCC,False,,,-1,,,,-1,0,0,0,0,0,0,0,0,1,0,0,0,0,0,0,0,0,0,0,0,1,1,0,1,1,1,1,1,1,1,1,1,1,1,0,0,1,1,1,0,0,0,1,0,1,1,1,1,1,0,0,1,0,1,0,0,1,0,0,1,1,1,1,1
1911,1911,Valkyrie,0,0,17,18,150,20d8 + 60,N,celestial,,,M,18,18,16,12,19,18,8,5,8,7,-1,-1,-1,-1,-1,8,-1,-1,-1,-1,-1,-1,-1,-1,-1,-1,-1,-1,-1,-1,0,18,U,30,,-1,,-1,,60,,-1,True,"[""Magic Resistance""]",,,,,,True,"[""Multiattack""]",False,True,"[""frightened""]","P,R,S","[""wisdom""]",-1,0,,,,False,"[""acid"",""cold"",""fire"",""lightning"",""thunder""]",,"[""poison"",{""cond"":true,""immune"":[""bludgeoning"",""piercing"",""slashing""],""note"":""from nonmagical attacks""}]","[""frightened"",""poisoned""]","[""all"",""telepathy 60 ft.""]","TP,XX","longsword, spear","any, planar","MLW,MW, RW, THW",ToB1-2023,False,,,-1,,,,-1,0,0,0,0,0,0,0,0,1,0,0,0,0,0,0,0,0,0,0,0,1,1,1,1,1,0,1,1,1,1,1,1,1,1,1,1,1,1,1,1,0,0,0,0,1,1,0,1,0,0,0,1,0,1,0,0,0,0,0,1,1,1,1,1
2051,2051,Oozasis,0,0,15,7,217,14d20 + 70,U,ooze,,,G,18,5,20,8,20,13,5,3,9,-1,-1,-1,-1,3,9,9,-1,-1,-1,-1,-1,-1,5,-1,-1,-1,-1,-1,-1,-1,0,19,B,20,,20,,-1,,-1,,20,True,"[""Amorphous""]",,,,,,True,"[""Multiattack""]",False,False,"[""grappled"",""restrained""]","A, B, Y","[""constitution"",""wisdom""]",-1,0,,,,False,"[""fire"",{""cond"":true,""note"":""from nonmagical attacks"",""resist"":[""bludgeoning"",""piercing"",""slashing""]}]","[""cold""]","[""acid""]","[""blinded"",""charmed"",""deafened"",""exhaustion"",""frightened"",""prone""]","[""telepathy 120 ft. understands all languages but can't speak""]","CS,TP,XX",,desert,"AOE, MW, RCH",ToB1-2023,False,,,-1,,,,-1,0,0,0,0,0,0,0,0,1,0,0,0,0,0,0,0,0,0,0,1,1,1,1,0,0,0,1,1,1,1,1,1,0,1,1,1,1,1,1,1,0,0,0,0,0,1,1,0,0,0,0,1,0,0,0,0,0,0,0,1,1,1,1,1
2697,2697,Veteran,0,0,9,17,58,9d8 + 18,A,humanoid,any,,M,16,13,14,10,11,10,-1,-1,-1,-1,-1,-1,-1,-1,-1,2,-1,-1,-1,-1,-1,5,-1,-1,-1,-1,-1,-1,-1,-1,0,12,,30,,-1,,-1,,-1,,-1,False,,,,,,,True,"[""Multiattack""]",False,False,,"P,S",,-1,0,,,,False,,,,,"[""any one language (usually Common)""]","C,X","heavy crossbow, shortsword","coastal, mountain, grassland, hill, arctic, urban, forest, underdark","MLW,MW, RNG, RW",MM,False,,,-1,,,True,-1,0,0,0,0,0,0,0,0,1,0,0,0,0,0,0,0,1,1,1,1,1,1,1,1,1,0,1,1,1,1,1,0,1,1,1,1,1,1,1,1,0,0,1,0,1,1,1,1,1,0,1,1,0,1,0,0,0,0,0,1,1,1,0,1
1186,1186,Steel Predator,0,0,22,20,207,18d10 + 108,L N,construct,,,L,24,17,22,4,14,6,-1,-1,-1,-1,-1,-1,-1,-1,-1,7,-1,8,-1,-1,-1,-1,-1,-1,-1,-1,-1,-1,-1,7,0,17,"B, D",40,,-1,,-1,,-1,,-1,True,"[""Magic Resistance"",""Unusual Nature""]",Wis,O,O,,"[""charisma""]",True,"[""Multiattack""]",False,False,"[""stunned""]","L,O,T","[""constitution""]",-1,0,,,,False,"[""cold"",""lightning"",""necrotic"",""thunder""]",,"[""poison"",""psychic"",{""cond"":true,""immune"":[""bludgeoning"",""piercing"",""slashing""],""note"":""from nonmagical attacks""}]","[""charmed"",""exhaustion"",""frightened"",""paralyzed"",""petrified"",""poisoned"",""stunned""]","[""understands Modron and the language of its owner but can't speak""]","CS,OTH",,urban,"AOE, MW",MPMM,False,,,-1,,,,-1,0,0,0,0,0,0,0,0,1,0,0,0,0,0,0,0,1,1,1,1,1,1,1,1,1,0,1,0,1,1,1,1,1,1,1,1,1,1,1,0,0,0,0,0,1,1,1,1,0,0,0,1,0,1,0,0,0,0,0,1,1,1,1,1
240,240,Awful Fisher,0,0,24,17,348,24d20 + 96,U,monstrosity,,,G,23,16,18,5,10,8,-1,-1,-1,10,9,-1,-1,-1,-1,6,-1,9,-1,-1,-1,-1,-1,-1,-1,-1,-1,-1,-1,6,0,16,"B, D",30,,-1,,30,,-1,,-1,True,"[""Legendary Resistances"",""Spider Climb""]",,,,,,True,"[""Multiattack""]",True,False,,S,"[""strength""]",-1,0,,,,False,,,,,,,,,"MW, RCH",CoA,False,,,-1,,,,-1,0,0,0,0,0,0,0,0,1,0,0,0,0,0,0,0,1,1,1,0,0,1,1,1,1,0,1,0,1,1,1,1,1,1,1,1,1,1,1,0,0,0,0,0,1,0,1,1,1,0,0,1,0,1,1,1,1,0,0,1,1,1,1,1
2210,2210,Enderman,0,0,12,14,78,12d8 + 24,C N,aberration,,,M,15,18,15,10,18,11,-1,-1,-1,5,-1,5,-1,-1,-1,7,-1,7,-1,-1,-1,-1,-1,-1,-1,-1,-1,-1,-1,7,0,17,D,40,,-1,,-1,,-1,,-1,True,"[""Sunlight Sensitivity""]",,,,,,True,"[""Multiattack""]",False,False,,"B, C,N",,-1,0,,,,False,"[""necrotic""]",,,,"[""Endspeech""]",,,,"MW, RCH",MCV3MC,False,,,-1,,,,-1,0,0,0,0,0,0,0,0,1,0,0,0,0,0,0,0,1,1,1,0,1,0,1,1,1,0,1,0,1,1,1,1,1,1,1,1,1,1,1,0,0,0,0,0,1,1,1,1,1,0,1,1,0,1,0,1,1,0,0,1,1,1,1,1
716,716,Spring Eladrin,0,0,16,19,127,17d8 + 51,C N,fey,Elf,,M,14,16,16,18,11,18,-1,-1,-1,-1,-1,-1,-1,-1,-1,-1,-1,-1,-1,-1,-1,-1,8,-1,-1,-1,8,-1,-1,-1,0,10,D,30,,-1,,-1,,-1,,-1,True,"[""Magic Resistance""]",Cha,,I,"[""charmed"",""incapacitated"",""prone""]","[""wisdom""]",True,"[""Multiattack""]",False,False,"[""charmed""]","P,S,Y","[""wisdom""]",-1,0,,,,False,"[{""cond"":true,""note"":""from nonmagical attacks"",""resist"":[""bludgeoning"",""piercing"",""slashing""]}]",,,,"[""Common"",""Elvish"",""Sylvan""]","C,E,S","longbow, longsword","forest, grassland","MLW,MW, RNG, RW",MTF,False,,,-1,,,True,-1,0,0,0,0,0,0,0,0,1,0,0,0,0,0,0,0,1,1,1,1,1,1,1,1,1,1,1,1,1,1,1,1,0,1,1,1,0,1,1,1,0,0,0,0,1,1,1,1,0,0,0,1,0,1,0,0,0,0,0,1,1,1,0,1
3066,3066,Aldani (Lobsterfolk),0,1,7,14,49,9d8 + 9,L N,monstrosity,,,M,13,8,12,10,14,10,-1,-1,-1,-1,-1,-1,-1,-1,-1,4,-1,-1,-1,-1,-1,-1,-1,-1,-1,-1,-1,-1,-1,4,0,14,D,20,,-1,,-1,,-1,,30,True,"[""Amphibious""]",,,,,,True,"[""Multiattack""]",False,False,"[""grappled""]",S,,-1,0,,,,False,,,,,"[""Common""]",C,,,MW,ToA,False,,,-1,,,,-1,0,0,0,0,0,0,0,0,1,0,0,0,0,0,0,0,1,1,1,1,1,1,1,1,1,0,1,1,1,1,1,1,1,1,1,1,1,1,1,0,0,0,0,0,1,1,1,0,0,0,1,1,0,1,0,0,1,0,0,1,1,1,1,1
76,76,Wastrilith,0,0,19,18,157,15d10 + 75,C E,fiend,demon,,L,19,18,21,19,12,14,-1,-1,-1,10,-1,9,-1,-1,-1,-1,-1,-1,-1,-1,-1,-1,-1,-1,-1,-1,-1,-1,-1,-1,0,11,SD,30,,-1,,-1,,-1,,80,True,"[""Amphibious"",""Magic Resistance""]",,,,,,True,"[""Multiattack""]",True,False,"[""poisoned""]","A, I,P,S","[""constitution"",""strength""]",-1,0,,,,False,"[""cold"",""fire"",""lightning"",{""cond"":true,""note"":""from nonmagical attacks"",""resist"":[""bludgeoning"",""piercing"",""slashing""]}]",,"[""poison""]","[""poisoned""]","[""Abyssal"",""telepathy 120 ft.""]","AB,TP",,"coastal, swamp, underdark, underwater","MW, RCH",MPMM,False,,,-1,,,,-1,0,0,0,0,0,0,0,0,1,0,0,0,0,0,0,0,1,1,1,0,1,0,1,1,1,1,1,1,1,1,1,1,1,1,1,1,1,1,1,1,0,0,0,0,1,1,1,0,0,0,0,1,0,1,0,0,0,0,0,1,1,1,1,1
872,872,Hashalaq Quori,0,1,15,17,99,18d8 + 18,L E,aberration,,,M,12,14,13,18,16,18,8,-1,7,-1,-1,-1,12,12,11,-1,-1,-1,-1,-1,-1,-1,-1,-1,-1,-1,8,-1,-1,-1,0,13,D,40,,-1,,-1,,-1,,-1,False,,Int,Y,"I,P","[""charmed""]","[""wisdom""]",True,"[""Multiattack""]",False,True,"[""incapacitated"",""prone""]","O,Y","[""charisma"",""intelligence"",""wisdom""]",-1,0,,,,False,"[""psychic""]",,,"[""charmed"",""frightened""]","[""Common"",""Quori""]",C,,,,ERLW,False,"[""Quori""]",,-1,,,,-1,0,0,0,0,0,0,0,0,1,0,0,0,0,0,0,0,0,1,0,1,1,1,0,0,0,1,1,1,1,1,1,1,1,1,1,1,0,1,1,1,0,0,0,0,1,1,1,1,0,0,0,1,0,1,0,0,1,1,0,1,1,1,1,1
1061,1061,Taryon Darrington,0,1,15,15,127,15d8 + 30 + 30,,humanoid,Human,,M,12,11,14,18,8,15,-1,9,-1,7,-1,-1,9,9,-1,4,-1,-1,-1,-1,-1,-1,-1,-1,-1,-1,-1,-1,-1,4,0,9,,40,,-1,,-1,with item ,50,,-1,True,,Int,"B, C,F,P,R,S",,"[""incapacitated""]","[""charisma""]",True,,False,True,,"O,S",,-1,0,,,,False,"[""acid"",""poison""]",,,"[""poisoned""]","[""Common"",""Draconic"",""Gnomish"",""Sylvan"",""Undercommon""]","C,DR,G,S,U",,,"AOE, MLW,MW",TDCSR,False,"[""Vox Machina""]",,-1,,,,-1,0,0,0,0,0,0,1,0,1,0,0,0,0,0,0,0,1,0,1,0,1,1,0,0,1,0,1,1,1,1,1,1,1,1,1,1,1,1,1,0,0,0,1,0,1,1,0,1,1,0,1,1,0,1,0,0,1,0,0,1,1,1,1,1
2837,2837,Lady Gondafrey,0,0,8,15,52,7d8 + 21,L G,elemental,,,M,15,11,16,10,11,7,-1,-1,-1,-1,-1,-1,-1,-1,-1,-1,-1,-1,-1,-1,-1,-1,-1,-1,-1,-1,-1,-1,-1,-1,0,10,D,30,,-1,,-1,,60,,-1,True,"[""False Appearance""]",,,,,,True,"[""Multiattack""]",False,False,,"P,S",,-1,0,,,,False,"[{""cond"":true,""note"":""from nonmagical attacks that aren't adamantine"",""resist"":[""bludgeoning"",""piercing"",""slashing""]}]",,"[""poison""]","[""exhaustion"",""petrified"",""poisoned""]","[""Common""]",C,,,MW,WDH,False,,,-1,,,,-1,0,0,0,0,0,0,0,0,1,0,0,0,0,0,0,0,1,1,1,1,1,1,1,1,1,1,1,1,1,1,1,1,1,1,1,1,1,1,1,1,0,0,0,0,1,1,0,1,1,0,1,1,0,1,0,0,1,0,0,1,1,1,1,1
146,146,Bouda,0,0,11,15,93,11d8 + 44,N E,fiend,shapechanger,,M,19,14,18,10,12,15,5,-1,4,7,5,-1,-1,-1,-1,4,-1,5,-1,-1,-1,7,5,5,-1,-1,-1,-1,-1,-1,0,14,,30,,-1,,-1,,-1,,-1,False,,,,,,,True,"[""Multiattack"",""Shapechanger""]",True,False,"[""poisoned""]","I,P,S","[""constitution"",""dexterity""]",-1,0,,,,False,"[""acid"",""lightning"",{""cond"":true,""note"":""from nonmagical attacks that aren't silvered"",""resist"":[""bludgeoning"",""piercing"",""slashing""]}]",,"[""fire"",""poison""]","[""charmed"",""exhaustion"",""poisoned""]","[""Celestial"",""Common"",""Infernal"",""telepathy 100 ft.""]","C,CE,I,TP",,"farmland, urban",MW,ToB1-2023,False,,,-1,,,,-1,0,0,0,0,0,0,0,0,1,0,0,0,0,0,0,0,0,1,0,0,0,1,1,1,1,0,1,0,1,1,1,0,0,0,1,1,1,1,1,1,0,0,1,0,1,1,1,1,0,0,0,1,0,1,0,0,0,0,0,1,1,1,1,1
1393,1393,Rothé,0,1,4,10,15,2d10 + 4,U,beast,cattle,,L,18,10,14,2,10,4,-1,-1,-1,-1,-1,-1,-1,-1,-1,-1,-1,-1,-1,-1,-1,-1,-1,-1,-1,-1,-1,-1,-1,-1,0,10,D,30,,-1,,-1,,-1,,-1,False,,,,,,,True,,False,False,,P,,-1,0,,,,False,,,,,,,,,MW,CoA,False,,,-1,,,,-1,0,0,0,0,0,0,0,0,1,0,0,0,0,0,0,0,1,1,1,1,1,1,1,1,1,1,1,1,1,1,1,1,1,1,1,1,1,1,1,1,0,0,0,0,1,1,1,1,1,0,1,1,0,1,1,1,1,0,0,1,1,1,1,1
1618,1618,Piercer,0,0,5,15,22,3d8 + 9,U,monstrosity,,,M,10,13,16,1,7,3,-1,-1,-1,-1,-1,-1,-1,-1,-1,-1,-1,5,-1,-1,-1,-1,-1,-1,-1,-1,-1,-1,-1,-1,0,8,"B, D",5,,-1,,5,,-1,,-1,True,"[""False Appearance"",""Spider Climb""]",,,,,,True,,False,False,,P,,-1,0,,,,False,,,,,,,,underdark,MW,MM,False,,,-1,,,True,-1,0,0,0,0,0,0,0,0,1,0,0,0,0,0,0,0,1,1,1,1,1,1,1,1,1,1,1,0,1,1,1,1,1,1,1,1,1,1,1,1,0,0,0,0,1,0,1,1,1,0,1,1,0,1,1,1,0,0,0,1,1,1,0,1
2227,2227,Spiked Tomb Guardian,0,1,12,17,93,11d8 + 44,N,construct,,,M,19,9,18,6,10,5,-1,-1,-1,-1,-1,-1,-1,-1,-1,-1,-1,-1,-1,-1,-1,-1,-1,-1,-1,-1,-1,-1,-1,-1,0,10,D,30,,-1,,-1,,-1,,-1,True,"[""Damage Absorption"",""Immutable Form"",""Magic Resistance"",""Magic Weapons""]",,,,,,True,"[""Multiattack""]",False,False,,"B, P",,-1,0,,,,False,,,"[""lightning"",""poison"",{""cond"":true,""immune"":[""bludgeoning"",""piercing"",""slashing""],""note"":""from nonmagical attacks that aren't adamantine""}]","[""charmed"",""exhaustion"",""frightened"",""paralyzed"",""petrified"",""poisoned""]","[""understands the languages of its creator but can't speak""]",CS,,,MW,ToA,False,,,-1,,,,-1,0,0,0,0,0,0,0,0,1,0,0,0,0,0,0,0,1,1,1,1,1,1,1,1,1,1,1,1,1,1,1,1,1,1,1,1,1,1,1,1,0,0,0,0,1,1,1,1,1,0,1,1,0,1,0,0,1,0,0,1,1,1,1,1
364,364,Ramag,0,0,4,13,27,6d8,N,humanoid,,,M,9,14,10,16,12,11,-1,-1,-1,-1,-1,-1,5,-1,-1,-1,-1,-1,5,-1,-1,-1,-1,-1,-1,-1,-1,-1,-1,-1,0,11,,30,,-1,,-1,,-1,,-1,True,"[""Magic Resistance""]",,,,,,True,,True,False,,"P,S","[""intelligence""]",-1,0,,,,False,,,,,"[""Common""]",C,"scimitar, shortbow","desert, urban","MLW,MW, RW",ToB1-2023,False,,,-1,,,,-1,0,0,0,0,0,0,0,0,1,0,0,0,0,0,0,0,1,1,1,1,1,1,0,1,1,1,1,1,0,1,1,1,1,1,1,1,1,1,1,1,0,0,1,0,1,1,1,1,1,0,0,1,0,1,0,0,0,0,0,1,1,1,1,1
2595,2595,Ankylosaurus,0,0,9,15,68,8d12 + 16,U,beast,,,H,19,11,15,2,12,5,-1,-1,-1,-1,-1,-1,-1,-1,-1,-1,-1,-1,-1,-1,-1,-1,-1,-1,-1,-1,-1,-1,-1,-1,0,11,,30,,-1,,-1,,-1,,-1,False,,,,,,,True,,False,False,"[""prone""]",B,"[""strength""]",-1,0,,,,False,,,,,,,,grassland,"MW, RCH",MM,False,"[""Dinosaurs""]",,-1,,,True,-1,0,0,0,0,0,0,0,0,1,0,0,0,0,0,0,0,1,1,1,1,1,1,1,1,1,1,1,1,1,1,1,1,1,1,1,1,1,1,1,1,0,0,1,0,1,1,1,1,0,0,0,1,0,1,1,1,0,0,0,1,1,1,0,1
3091,3091,Spore Servant Octopus,0,1,7,11,52,8d10 + 8,U,plant,,,L,17,13,13,2,6,1,-1,-1,-1,-1,-1,-1,-1,-1,-1,-1,-1,-1,-1,-1,-1,-1,-1,-1,-1,-1,-1,-1,-1,-1,0,8,B,5,,-1,,-1,,-1,,50,True,"[""Hold Breath"",""Water Breathing""]",,,,,,True,"[""Tentacles""]",False,False,,B,,-1,0,,,,False,,,,"[""blinded"",""charmed"",""frightened"",""paralyzed""]",,,,,"MW, RCH",DoSI,False,,,-1,,,,-1,0,0,0,0,0,0,0,0,1,0,0,0,0,0,0,0,1,1,1,1,1,1,1,1,1,1,1,1,1,1,1,1,1,1,1,1,1,1,1,1,0,0,0,0,1,1,1,0,1,0,1,1,0,1,1,1,1,0,0,1,1,1,1,1
106,106,Rain,0,0,11,15,60,11d6 + 22,L G,celestial,,,S,10,11,14,14,18,15,-1,-1,7,5,3,-1,-1,-1,7,-1,-1,3,-1,3,-1,-1,-1,-1,-1,-1,-1,-1,-1,-1,0,14,,30,,-1,,-1,,120,,-1,True,"[""Magic Resistance""]",,,,,,True,"[""Multiattack""]",True,False,,"B, F,R","[""dexterity""]",-1,0,,,,False,"[{""cond"":true,""note"":""from nonmagical attacks"",""resist"":[""bludgeoning"",""piercing"",""slashing""]}]",,"[""fire"",""poison"",""radiant""]","[""charmed"",""paralyzed"",""poisoned""]","[""Celestial"",""Common""]","C,CE",,,"AOE, MW",MisMV1,False,,,-1,,,,-1,0,0,0,0,0,0,0,0,1,0,0,0,0,0,0,0,1,1,0,0,0,1,1,1,0,1,1,0,1,0,1,1,1,1,1,1,1,1,1,1,0,0,1,0,1,1,0,1,1,0,0,1,0,1,0,0,1,0,0,1,1,1,1,1
1641,1641,Skeleton Rifler,0,0,5,12,26,4d8 + 8,L E,undead,,,M,10,15,15,7,10,5,-1,-1,-1,-1,-1,-1,-1,-1,-1,2,-1,-1,-1,-1,-1,-1,-1,-1,-1,-1,-1,-1,-1,-1,0,12,D,30,,-1,,-1,,-1,,-1,True,,,,,,,True,,False,False,,"N,P",,-1,0,,,,False,,"[""bludgeoning""]","[""poison""]","[""exhaustion"",""poisoned""]","[""understands languages it knew in life but can't speak""]","CS,LF",,,"MW, RW",GHLoE,False,,,-1,,,,-1,0,0,0,0,0,0,0,0,1,0,0,0,0,0,0,0,1,1,1,1,1,1,1,1,1,0,1,1,1,1,1,1,1,1,1,1,1,1,1,1,0,0,0,0,1,1,1,1,1,0,1,1,0,0,0,0,1,0,0,1,1,1,1,1
1484,1484,Treacle,0,0,4,12,22,4d4 + 12,U,ooze,,,T,4,15,17,1,1,10,-1,-1,-1,-1,-1,-1,-1,-1,-1,-1,-1,-1,-1,-1,-1,-1,4,-1,-1,-1,-1,-1,-1,-1,0,5,B,15,,-1,,10,,-1,,-1,True,"[""Amorphous"",""Mimicry""]",,,,,,True,,False,True,,,,-1,0,,,,False,,,,,,,,"farmland, urban",MW,ToB1-2023,False,,,-1,,,,-1,0,0,0,0,0,0,0,0,1,0,0,0,0,0,0,0,1,1,1,1,1,1,1,1,1,1,1,1,1,1,1,1,0,1,1,1,1,1,1,1,0,0,0,0,1,0,1,1,1,1,1,1,0,1,1,1,0,0,0,1,1,1,1,1
1336,1336,Tribal Warrior,0,0,3,12,11,2d8 + 2,A,humanoid,any,,M,13,11,12,8,11,8,-1,-1,-1,-1,-1,-1,-1,-1,-1,-1,-1,-1,-1,-1,-1,-1,-1,-1,-1,-1,-1,-1,-1,-1,0,10,,30,,-1,,-1,,-1,,-1,True,"[""Pack Tactics""]",,,,,,True,,False,False,,P,,-1,0,,,,False,,,,,"[""any one language""]",X,spear,"coastal, mountain, grassland, hill, arctic, forest, swamp, underdark, desert","MLW,MW, RW, THW",MM,False,,,-1,,,True,-1,0,0,0,0,0,0,0,0,1,0,0,0,0,0,0,0,1,1,1,1,1,1,1,1,1,1,1,1,1,1,1,1,1,1,1,1,1,1,1,1,0,0,1,0,1,1,1,1,1,0,1,1,0,1,0,0,0,0,0,1,1,1,0,1
706,706,Moloch,0,0,27,19,253,22d10 + 132,L E,fiend,devil,,L,26,19,22,21,18,23,13,-1,11,13,11,-1,-1,-1,-1,11,-1,-1,-1,-1,-1,-1,13,13,-1,-1,-1,-1,-1,-1,0,21,SD,30,,-1,,-1,,-1,,-1,True,"[""Legendary Resistances"",""Magic Resistance"",""Magic Weapons"",""Regeneration""]",Cha,"B, F,N,P,R,S,Y",I,"[""charmed"",""frightened"",""incapacitated"",""stunned"",""unconscious""]","[""charisma"",""constitution"",""dexterity"",""intelligence"",""wisdom""]",True,"[""Breath Weapon"",""Multiattack"",""Teleport""]",False,False,"[""frightened""]","L,P,S,Y","[""strength"",""wisdom""]",-1,0,,,,False,"[""cold"",{""cond"":true,""note"":""from nonmagical attacks that aren't silvered"",""resist"":[""bludgeoning"",""piercing"",""slashing""]}]",,"[""fire"",""poison""]","[""charmed"",""exhaustion"",""frightened"",""poisoned""]","[""all"",""telepathy 120 ft.""]","TP,XX",,,"AOE, MLW,MW, RCH",MTF,False,,,-1,,,True,-1,0,0,0,0,0,0,0,0,1,0,0,0,0,0,0,0,0,1,0,0,0,1,1,1,1,0,1,1,1,1,1,1,0,0,1,1,1,1,1,1,0,0,0,0,1,1,1,1,0,0,0,1,0,1,0,0,1,0,0,1,1,1,0,1
3034,3034,Dragonclaw,0,1,7,14,16,3d8 + 3,L E,humanoid,Human,,M,9,16,13,11,10,12,-1,-1,2,-1,-1,-1,-1,-1,-1,-1,-1,5,-1,-1,-1,-1,3,-1,-1,-1,-1,-1,-1,-1,0,10,,30,,-1,,-1,,-1,,-1,True,"[""Pack Tactics""]",,,,,,True,"[""Multiattack""]",False,False,,S,,-1,0,,,,False,,,,,"[""Common"",""Draconic""]","C,DR",scimitar,,"MLW,MW",HotDQ,False,,,-1,,,,-1,0,0,0,0,0,0,0,0,1,0,0,0,0,0,0,0,1,1,0,1,1,1,1,1,1,1,1,0,1,1,1,1,0,1,1,1,1,1,1,1,0,0,1,0,1,1,1,1,1,0,1,1,0,1,0,0,1,0,0,1,1,1,1,1
283,283,Space Hamster,0,0,4,15,10,4d4,N G,monstrosity,,,T,1,20,10,6,12,6,-1,-1,-1,-1,-1,-1,-1,-1,-1,3,-1,7,-1,-1,-1,-1,-1,-1,-1,-1,-1,-1,-1,-1,0,13,,20,,5,,-1,,-1,,-1,False,,,,,,,True,,True,False,"[""blinded""]",P,"[""dexterity""]",-1,0,,,,False,,,,,"[""telepathy 5 ft.""]",TP,,,MW,BAM,False,,,-1,,,,-1,0,0,0,0,0,0,0,0,1,0,0,0,0,0,0,0,1,1,1,1,1,1,1,1,1,0,1,0,1,1,1,1,1,1,1,1,1,1,1,1,0,0,1,0,0,1,1,1,0,0,0,1,0,1,0,0,1,0,0,1,1,1,1,1
2807,2807,Duergar Hammerer,0,0,8,17,33,6d8 + 6,L E,construct,,,M,17,7,12,5,5,5,-1,-1,-1,-1,-1,-1,-1,-1,-1,-1,-1,-1,-1,-1,-1,-1,-1,-1,-1,-1,-1,-1,-1,-1,0,7,D,20,,-1,,-1,,-1,,-1,True,"[""Siege Monster""]",,,,,,True,"[""Multiattack""]",False,False,,B,,-1,0,,,,False,,,"[""poison""]","[""charmed"",""exhaustion"",""frightened"",""paralyzed"",""petrified"",""poisoned""]","[""understands Dwarvish but can't speak""]","CS,D",,"mountain, underdark",MW,MTF,False,,,-1,,,True,-1,0,0,0,0,0,0,0,0,1,0,0,0,0,0,0,0,1,1,1,1,1,1,1,1,1,1,1,1,1,1,1,1,1,1,1,1,1,1,1,1,0,0,0,0,1,1,1,1,1,0,1,1,0,1,0,0,0,0,0,1,1,1,0,1
2527,2527,Jalester Silvermane,0,0,10,18,71,13d8 + 13,L G,humanoid,Human,,M,14,14,13,12,14,13,-1,-1,-1,3,-1,4,-1,-1,-1,-1,-1,-1,-1,-1,-1,4,-1,-1,-1,-1,-1,-1,-1,4,0,12,,30,,-1,,-1,,-1,,-1,True,,,,,,,True,"[""Multiattack""]",False,True,,"P,S",,-1,0,,,,False,,,,,"[""Common"",""Elvish""]",C E,"dagger, longsword",,"MLW,MW",WDH,False,,,-1,,,,-1,0,0,0,0,0,0,0,0,1,0,0,0,0,0,0,0,1,1,1,0,1,0,1,1,1,1,1,1,1,1,1,0,1,1,1,1,1,1,1,0,0,0,1,0,1,1,1,1,1,0,1,1,0,1,0,0,1,0,0,1,1,1,1,1
337,337,Nihilethic Zombie,0,0,7,8,37,5d8 + 15,N E,undead,,,M,13,6,16,3,6,5,-1,-1,0,-1,-1,-1,-1,-1,-1,-1,-1,-1,-1,-1,-1,-1,-1,-1,-1,-1,-1,-1,-1,-1,0,8,D,20,,-1,,-1,,-1,,30,True,"[""Undead Fortitude""]",,,,,,True,,True,True,,"B, N,O",,-1,0,,,,False,,,"[""cold"",""necrotic"",""poison""]","[""poisoned""]","[""understands Void Speech and the languages it knew in life but can't speak""]","CS,LF",,"coastal, underdark, underwater",MW,ToB1-2023,False,,,-1,,,,-1,0,0,0,0,0,0,0,0,1,0,0,0,0,0,0,0,1,1,0,1,1,1,1,1,1,1,1,1,1,1,1,1,1,1,1,1,1,1,1,1,0,0,0,0,1,1,1,0,1,0,1,1,0,1,0,0,0,0,0,1,1,1,1,1
1009,1009,Draconic Shard,0,0,23,17,168,16d12 + 64,N,undead,,,H,1,12,18,22,18,22,12,12,10,-1,7,-1,12,12,-1,16,-1,7,-1,-1,-1,-1,-1,-1,-1,-1,-1,-1,-1,-1,0,26,"B, SD",0,,-1,,-1,hover,80,,-1,True,"[""Incorporeal Movement"",""Legendary Resistances"",""Rejuvenation"",""Unusual Nature""]",Int,,P,"[""invisible"",""restrained""]","[""wisdom""]",True,"[""Multiattack""]",False,False,"[""charmed"",""stunned""]","O,Y","[""intelligence"",""wisdom""]",-1,0,,,,False,"[""acid"",""fire"",{""cond"":true,""note"":""from nonmagical attacks"",""resist"":[""bludgeoning"",""piercing"",""slashing""]}]",,"[""cold"",""necrotic"",""poison"",""psychic""]","[""charmed"",""exhaustion"",""frightened"",""grappled"",""paralyzed"",""petrified"",""poisoned"",""prone""]","[""Common"",""Draconic"",""telepathy 120 ft.""]","C,DR,TP",,,"AOE, RCH",FTD,False,,,-1,,,,-1,0,0,0,0,0,0,0,0,1,0,0,0,0,0,0,0,0,0,0,1,0,1,0,0,1,0,1,0,1,1,1,1,1,1,1,1,1,1,1,1,0,0,0,0,1,1,0,1,0,0,0,1,0,1,0,0,1,0,0,1,1,1,1,1
2121,2121,Corrupted Avatar of Lurue,0,1,14,14,90,12d10 + 24,,monstrosity,,,L,18,14,15,11,17,16,6,3,6,-1,-1,-1,-1,-1,-1,-1,-1,-1,-1,-1,-1,-1,-1,-1,-1,-1,-1,-1,-1,-1,0,13,D,50,,-1,,-1,hover,50,,-1,False,,,,,,,True,"[""Multiattack""]",False,False,,N,"[""wisdom""]",-1,0,,,,False,,,"[""poison""]","[""charmed"",""paralyzed"",""poisoned""]","[""Celestial"",""Elvish"",""Sylvan"",""telepathy 60 ft.""]","CE,E,S,TP",,,MW,CM,False,,,-1,,,,-1,0,0,0,0,0,0,1,0,1,0,0,0,0,0,0,0,0,0,0,1,1,1,1,1,1,1,1,1,1,1,1,1,1,1,1,1,1,1,1,1,0,0,0,0,1,1,0,1,1,0,0,1,0,1,0,0,1,0,0,1,1,1,1,1
1621,1621,Ssurran Poisoner,0,0,5,16,22,4d8 + 4,A,monstrosity,lizardfolk,,M,13,12,13,12,12,7,-1,-1,-1,-1,-1,-1,-1,-1,-1,3,-1,3,-1,-1,-1,-1,-1,-1,-1,-1,-1,-1,-1,3,0,13,,30,,-1,,-1,,-1,,30,True,"[""Hold Breath""]",,,,,,True,"[""Multiattack""]",False,False,,"I,P,S","[""constitution""]",-1,0,,,,False,,,,,"[""Draconic""]",DR,javelin,,"AOE, MLW,MW, RW, THW",BAM,False,,,-1,,,,-1,0,0,0,0,0,0,0,0,1,0,0,0,0,0,0,0,1,1,1,1,1,1,1,1,1,0,1,0,1,1,1,1,1,1,1,1,1,1,1,0,0,0,1,0,1,1,1,0,1,0,0,1,0,1,0,0,1,0,0,1,1,1,1,1
2857,2857,Berserker,0,0,8,13,67,9d8 + 27,C G NY E,humanoid,any,,M,16,12,17,9,11,9,-1,-1,-1,-1,-1,-1,-1,-1,-1,-1,-1,-1,-1,-1,-1,-1,-1,-1,-1,-1,-1,-1,-1,-1,0,10,,30,,-1,,-1,,-1,,-1,True,"[""Reckless""]",,,,,,True,,False,False,,S,,-1,0,,,,False,,,,,"[""any one language (usually Common)""]","C,X",greataxe,"coastal, mountain, hill, arctic, forest, desert","MLW,MW",MM,False,,,-1,,,True,-1,0,0,0,0,0,0,0,0,1,0,0,0,0,0,0,0,1,1,1,1,1,1,1,1,1,1,1,1,1,1,1,1,1,1,1,1,1,1,1,1,0,0,1,0,1,1,1,1,1,0,1,1,0,1,0,0,0,0,0,1,1,1,0,1
280,280,Strixhaven Campus Guide,0,0,7,17,31,7d6 + 7,L G,construct,,,S,15,14,13,10,12,12,-1,-1,-1,-1,4,-1,-1,-1,3,-1,-1,-1,-1,-1,-1,-1,-1,-1,-1,-1,3,-1,-1,-1,0,11,B,30,,-1,,-1,,-1,,-1,True,"[""Unusual Nature""]",,,,,,True,"[""Multiattack""]",True,False,"[""charmed""]",B,"[""wisdom""]",-1,0,,,,False,,,"[""poison""]","[""blinded"",""deafened"",""exhaustion"",""paralyzed"",""petrified"",""poisoned""]","[""Common plus any three languages""]","C,X",,,MW,SCC,False,,,-1,,,,-1,0,0,0,0,0,0,0,0,1,0,0,0,0,0,0,0,1,1,1,1,0,1,1,1,0,1,1,1,1,1,1,1,1,1,1,1,0,1,1,1,0,0,0,0,1,1,1,1,0,0,0,1,0,1,0,0,1,0,0,1,1,1,1,1
1436,1436,Albino Dwarf Warrior,0,1,4,13,30,4d8 + 12,A,humanoid,dwarf,,M,13,13,17,12,14,11,-1,-1,-1,-1,-1,-1,-1,-1,-1,4,-1,3,-1,-1,-1,-1,-1,-1,-1,-1,-1,-1,-1,4,0,14,D,25,,-1,,-1,,-1,,-1,True,,,,,,,True,,False,False,,S,,-1,0,,,,False,"[""poison""]",,,,"[""Common"",""Dwarvish""]","C,D",handaxe,,"MLW,MW, RW, THW",ToA,False,,,-1,,,,-1,0,0,0,0,0,0,0,0,1,0,0,0,0,0,0,0,1,1,1,1,1,1,1,1,1,0,1,0,1,1,1,1,1,1,1,1,1,1,1,0,0,0,0,0,1,1,1,1,1,0,1,1,0,1,0,0,1,0,0,1,1,1,1,1
194,194,Ancient Flame Dragon,0,0,29,22,518,28d20 + 224,C E,dragon,,,G,23,14,27,19,16,22,13,-1,10,15,9,-1,-1,-1,-1,17,-1,9,-1,-1,-1,-1,13,-1,-1,-1,13,-1,-1,-1,0,27,"B, SD",40,,-1,,40,,80,,-1,True,"[""Legendary Resistances""]",,,,,,True,"[""Breath Weapon"",""Frightful Presence"",""Multiattack""]",True,False,"[""frightened"",""prone""]","B, F,P,S","[""dexterity"",""wisdom""]",-1,0,,"[""constitution"",""dexterity""]",,False,,,"[""fire""]",,"[""Common"",""Draconic"",""Ignan""]","C,DR,IG",,"mountain, underdark","AOE, MW, RCH",ToB1-2023,False,,,-1,,,,-1,0,0,0,0,0,0,0,0,1,0,0,0,0,0,0,0,0,1,0,0,0,1,1,1,1,0,1,0,1,1,1,1,0,1,1,1,0,1,1,1,0,0,0,0,1,0,0,1,0,0,0,1,0,1,0,0,0,0,0,1,1,1,1,1
19,19,Brother Adramalech,0,0,27,19,212,25d8 + 100,L E,fiend,devil,,M,14,16,18,25,25,25,14,14,14,-1,-1,-1,14,-1,14,-1,-1,-1,-1,-1,-1,-1,21,14,-1,-1,21,14,-1,-1,0,17,SD,30,,-1,,-1,,-1,,-1,True,"[""Devil's Sight"",""Magic Resistance""]",,,,,,True,"[""Multiattack""]",True,False,"[""exhaustion""]",Y,"[""intelligence"",""wisdom""]",-1,0,,,,False,"[""cold"",{""cond"":true,""note"":""from nonmagical attacks that aren't silvered"",""resist"":[""bludgeoning"",""piercing"",""slashing""]}]",,"[""fire"",""poison""]","[""charmed"",""poisoned""]","[""Celestial"",""Common"",""Draconic"",""Infernal"",""telepathy 120 ft.""]","C,CE,DR,I,TP",,,"AOE, MW, RW",CoA,False,,,-1,,,,-1,0,0,0,0,0,0,0,0,1,0,0,0,0,0,0,0,0,0,0,1,1,1,0,1,0,1,1,1,1,1,1,1,0,0,1,1,0,0,1,1,0,0,0,0,1,1,1,1,0,0,0,1,0,1,0,0,1,0,0,1,1,1,1,1
3173,3173,Juvenile Mimic,0,0,6,11,7,2d4 + 2,U,monstrosity,shapechanger,,T,1,12,13,10,13,10,-1,-1,-1,-1,-1,-1,-1,-1,-1,-1,-1,3,-1,-1,-1,-1,-1,-1,-1,-1,-1,-1,-1,-1,0,11,D,10,,-1,,10,,-1,,-1,True,"[""False Appearance"",""Spider Climb""]",,,,,,True,,False,False,,"A, P",,-1,0,,,,False,,,"[""acid""]","[""prone""]","[""Common"",""Undercommon"",""telepathy 120 ft.""]","C,TP,U",,,MW,TCE,False,,,-1,,,,-1,0,0,0,0,0,0,0,0,1,0,0,0,0,0,0,0,1,1,1,1,1,1,1,1,1,1,1,0,1,1,1,1,1,1,1,1,1,1,1,1,0,0,0,0,1,0,1,1,1,0,1,1,0,1,0,0,1,0,0,1,1,1,1,1
933,933,Fensir Skirmisher,0,0,12,15,94,9d10 + 45,A,giant,,,L,18,15,20,14,11,12,-1,5,3,-1,-1,-1,-1,-1,-1,6,-1,-1,-1,-1,-1,-1,-1,-1,-1,-1,-1,-1,-1,-1,0,16,D,30,,-1,,-1,,-1,,-1,True,"[""Regeneration"",""Sunlight Sensitivity""]",Int,,O,,,True,"[""Multiattack""]",False,False,"[""petrified""]","B, S","[""constitution"",""dexterity"",""strength""]",-1,0,,,,False,,,,,"[""Common"",""Giant""]","C,GI",battleaxe,,"AOE, MLW,MW",BGG,False,,,-1,,,,-1,0,0,0,0,0,0,0,0,1,0,0,0,0,0,0,0,1,0,0,1,1,1,1,1,1,0,1,1,1,1,1,1,1,1,1,1,1,1,1,1,0,0,0,0,1,1,1,1,0,0,0,1,0,1,0,0,1,0,0,1,1,1,1,1
987,987,Adult Sapphire Dragon,0,0,21,19,207,18d12 + 60,L N,dragon,,,H,23,16,21,18,17,18,9,-1,8,10,8,-1,-1,9,-1,13,-1,8,-1,-1,-1,-1,-1,-1,-1,-1,14,-1,-1,-1,0,23,"B, SD",40,,40,,40,,80,,-1,True,"[""Legendary Resistances"",""Spider Climb"",""Tunneler""]",Int,,"I,P","[""restrained""]","[""wisdom""]",True,"[""Breath Weapon"",""Frightful Presence"",""Multiattack""]",False,False,"[""frightened"",""incapacitated""]","B, P,S,T","[""constitution"",""dexterity"",""wisdom""]",-1,0,,"[""wisdom""]","[""charmed""]",False,,,"[""thunder""]","[""frightened""]","[""telepathy 120 ft."",""Common"",""Draconic""]","C,DR,TP",,,"AOE, MW, RCH",SADS,False,,,-1,,True,,-1,0,0,0,0,0,0,0,0,1,0,0,0,0,0,0,0,0,1,0,0,0,1,1,0,1,0,1,0,1,1,1,1,1,1,1,1,0,1,1,1,0,0,0,0,0,0,0,1,0,0,0,1,0,1,0,0,1,0,0,1,1,0,1,1
2860,2860,Bullywug Croaker,0,1,8,15,33,6d8 + 6,N E,humanoid,bullywug,,M,14,12,12,7,15,10,-1,-1,-1,3,-1,-1,-1,-1,-1,4,-1,3,-1,-1,-1,-1,-1,-1,-1,-1,-1,-1,-1,-1,0,14,,20,,-1,,-1,,-1,,40,True,"[""Amphibious"",""Camouflage""]",,,,,,True,,False,False,,"P,Y","[""wisdom""]",-1,0,,,,False,,,,,bullywug,OTH,spear,,"MLW,MW, RW, THW",GoS,False,,,-1,,,,-1,0,0,0,0,0,0,0,0,1,0,0,0,0,0,0,0,1,1,1,0,1,1,1,1,1,0,1,0,1,1,1,1,1,1,1,1,1,1,1,1,0,0,1,0,1,1,1,0,1,0,0,1,0,1,0,0,1,0,0,1,1,1,1,1
407,407,Sunfly,0,0,6,13,2,1d4,C G,celestial,,,T,4,17,10,4,10,6,-1,-1,-1,-1,-1,-1,-1,-1,-1,-1,-1,-1,-1,-1,-1,-1,-1,-1,-1,-1,-1,-1,-1,-1,0,10,,10,,-1,,-1,,40,,-1,False,,,,,,,True,,True,False,,P,,-1,0,,,,False,,,,,"[""understands Celestial but can't speak""]","CE,CS",,,"AOE, MW",MPP,False,,,-1,,,,-1,0,0,0,0,0,0,0,0,1,0,0,0,0,0,0,0,1,1,1,1,1,1,1,1,1,1,1,1,1,1,1,1,1,1,1,1,1,1,1,1,0,0,1,0,1,1,0,1,1,0,1,1,0,1,0,0,1,0,0,1,1,1,1,1
2143,2143,Deep Spider,0,0,13,15,95,10d12 + 30,U,beast,,,H,20,14,16,6,12,4,-1,-1,-1,-1,-1,-1,-1,-1,-1,-1,-1,8,-1,-1,-1,-1,-1,-1,-1,-1,-1,-1,-1,-1,0,11,T,30,,-1,,30,,-1,,-1,True,"[""Spider Climb"",""Web Sense"",""Web Walker""]",,,,,,True,"[""Multiattack""]",False,False,"[""poisoned""]","I,P,S","[""constitution""]",-1,0,,,,False,,,,,,,,,MW,MaBJoV,False,,,-1,,,,-1,0,0,0,0,0,0,0,0,1,0,0,0,0,0,0,0,1,1,1,1,1,1,1,1,1,1,1,0,1,1,1,1,1,1,1,1,1,1,1,1,0,0,0,0,1,0,1,1,0,0,0,1,0,1,1,1,1,0,0,1,1,1,1,1
2286,2286,Gideon Lightward,0,0,12,11,136,16d8 + 64,L E,undead,,,M,18,13,18,10,18,13,-1,-1,7,7,4,-1,-1,-1,7,-1,-1,-1,-1,-1,-1,-1,-1,-1,-1,-1,-1,6,-1,-1,0,14,D,30,,-1,,-1,,-1,,-1,True,"[""Regeneration""]",,,,,,True,"[""Multiattack""]",False,False,,"B, N","[""constitution""]",-1,0,,,,False,"[{""cond"":true,""note"":""from nonmagical attacks"",""resist"":[""bludgeoning"",""piercing"",""slashing""]}]","[""radiant""]","[""necrotic"",""poison""]","[""exhaustion"",""paralyzed"",""poisoned""]","[""Common""]",C,,,MW,BGDIA,False,,,-1,,,,-1,0,0,0,0,0,0,0,0,1,0,0,0,0,0,0,0,1,1,0,0,0,1,1,1,0,1,1,1,1,1,1,1,1,1,1,1,1,0,1,1,0,0,0,0,1,1,1,1,1,0,0,1,0,0,0,0,1,0,0,1,1,1,1,1
1662,1662,Ancient Time Dragon,0,0,32,22,536,29d20 + 232,N,dragon,,,G,28,14,26,27,18,23,14,-1,12,16,10,-1,16,24,-1,20,-1,18,-1,-1,-1,-1,-1,-1,-1,-1,-1,-1,-1,-1,0,30,"B, SD",40,,-1,,40,,80,,-1,True,"[""Legendary Resistances""]",,,,,,True,"[""Breath Weapon"",""Multiattack""]",False,True,,"O,S","[""constitution""]",-1,0,,"[""wisdom""]",,False,,,,,"[""all""]",XX,,,"AOE, MW, RCH",MPP,False,,,-1,,,,-1,0,0,0,0,0,0,0,0,1,0,0,0,0,0,0,0,0,1,0,0,0,1,0,0,1,0,1,0,1,1,1,1,1,1,1,1,1,1,1,1,0,0,0,0,1,0,0,1,1,0,0,1,0,1,0,0,1,0,0,1,1,1,1,1
910,910,Eblis,0,1,7,13,26,4d10 + 4,N E,monstrosity,,,L,11,16,12,12,14,11,-1,-1,-1,-1,-1,-1,-1,-1,-1,4,-1,-1,-1,-1,-1,-1,-1,-1,-1,-1,-1,-1,-1,-1,0,14,,30,,-1,,-1,,40,,-1,False,,Int,,I,,"[""wisdom""]",True,"[""Multiattack""]",False,False,,P,,-1,0,,,,False,,,,,"[""Auran"",""Common""]","AU,C",,,MW,ToA,False,,,-1,,,,-1,0,0,0,0,0,0,0,0,1,0,0,0,0,0,0,0,1,1,1,1,1,1,1,1,1,0,1,1,1,1,1,1,1,1,1,1,1,1,1,1,0,0,1,0,1,1,0,1,1,0,1,1,0,1,0,0,1,0,0,1,1,1,1,1
219,219,Egg Hunter Hatchling,0,0,8,14,28,8d4 + 8,U,monstrosity,,,T,8,17,13,1,10,5,-1,-1,2,-1,5,-1,-1,-1,-1,2,-1,7,-1,-1,-1,-1,-1,-1,-1,-1,-1,-1,-1,-1,0,12,D,30,,10,,30,,-1,,-1,True,"[""Amphibious""]",,,,,,True,"[""Multiattack""]",True,False,,P,,-1,0,,,,False,,,,"[""frightened""]",,,,,MW,FTD,False,,,-1,,,,-1,0,0,0,0,0,0,0,0,1,0,0,0,0,0,0,0,1,1,0,1,0,1,1,1,1,0,1,0,1,1,1,1,1,1,1,1,1,1,1,1,0,0,0,0,0,0,1,1,1,0,1,1,0,1,1,1,1,0,0,1,1,1,1,1
1704,1704,Ancient Wind Dragon,0,0,27,20,351,19d20 + 152,C N,dragon,,,G,28,16,26,18,17,20,12,-1,10,15,10,-1,-1,-1,-1,17,-1,10,-1,17,-1,-1,-1,12,-1,-1,-1,-1,-1,-1,0,27,"B, SD",30,,-1,,-1,hover,120,,-1,True,"[""Legendary Resistances""]",,,,,,True,"[""Breath Weapon"",""Frightful Presence"",""Multiattack""]",False,False,"[""frightened"",""prone""]","B, L,P,S","[""dexterity"",""strength"",""wisdom""]",-1,0,,"[""dexterity"",""strength""]",,False,"[""cold""]",,"[""lightning""]",,"[""Common"",""Draconic"",""Primordial""]","C,DR,P",,"grassland, mountain","AOE, MW, RCH",ToB1-2023,False,,,-1,,,,-1,0,0,0,0,0,0,0,0,1,0,0,0,0,0,0,0,0,1,0,0,0,1,1,1,1,0,1,0,1,0,1,1,1,0,1,1,1,1,1,1,0,0,0,0,1,1,0,1,0,0,0,1,0,1,0,0,0,0,0,1,1,1,1,1
2546,2546,Demogorgon,0,0,10,15,60,8d8 + 24,U,monstrosity,,,M,16,12,16,3,12,5,-1,-1,-1,-1,-1,-1,-1,-1,-1,3,-1,5,-1,-1,-1,-1,-1,-1,-1,-1,-1,-1,-1,-1,0,13,B,30,,-1,,-1,,-1,,-1,True,"[""Keen Senses"",""Regeneration""]",,,,,,True,"[""Multiattack""]",False,False,,"P,S",,-1,0,,,,False,,,,,,,,,MW,HftT,False,,,-1,,,,-1,0,0,0,0,0,0,0,0,1,0,0,0,0,0,0,0,1,1,1,1,1,1,1,1,1,0,1,0,1,1,1,1,1,1,1,1,1,1,1,1,0,0,0,0,1,1,1,1,1,0,1,1,0,1,1,1,1,0,0,1,1,1,1,1
2339,2339,Air Elemental,0,0,11,15,90,12d10 + 24,N,elemental,,,L,14,20,14,6,10,6,-1,-1,-1,-1,-1,-1,-1,-1,-1,-1,-1,-1,-1,-1,-1,-1,-1,-1,-1,-1,-1,-1,-1,-1,0,10,D,-1,,-1,,-1,hover,90,,-1,True,,,,,,,True,"[""Multiattack""]",False,False,"[""prone""]",B,"[""strength""]",-1,0,,,,False,"[""lightning"",""thunder"",{""cond"":true,""note"":""from nonmagical attacks"",""resist"":[""bludgeoning"",""piercing"",""slashing""]}]",,"[""poison""]","[""exhaustion"",""grappled"",""paralyzed"",""petrified"",""poisoned"",""prone"",""restrained"",""unconscious""]","[""Auran""]",AU,,"mountain, desert",MW,MM,False,,,-1,,,True,-1,0,0,0,0,0,0,0,0,1,0,0,0,0,0,0,0,1,1,1,1,1,1,1,1,1,1,1,1,1,1,1,1,1,1,1,1,1,1,1,1,0,0,0,1,1,1,0,1,0,0,0,1,0,1,0,0,0,0,0,1,1,1,0,1
1841,1841,Star Spawn Seer,0,0,19,17,153,18d8 + 72,L E,aberration,,,M,14,12,18,22,19,16,8,11,9,-1,6,-1,-1,-1,-1,9,-1,-1,-1,-1,-1,-1,-1,-1,-1,-1,-1,-1,-1,-1,0,19,D,30,,-1,,-1,,-1,,-1,True,,,,,,,True,"[""Multiattack""]",False,True,"[""incapacitated""]","B, O,Y","[""constitution"",""wisdom""]",-1,0,,,,False,"[""cold"",{""cond"":true,""note"":""from nonmagical attacks"",""resist"":[""bludgeoning"",""piercing"",""slashing""]}]",,"[""psychic""]","[""charmed"",""frightened""]","[""Common"",""Deep Speech"",""Undercommon""]","C,DS,U",,"mountain, swamp, urban",MW,MTF,False,,,-1,,,True,-1,0,0,0,0,0,0,0,0,1,0,0,0,0,0,0,0,0,0,0,1,0,1,1,1,1,0,1,1,1,1,1,1,1,1,1,1,1,1,1,1,0,0,0,0,1,1,1,1,0,0,0,1,0,1,0,0,0,0,0,1,1,1,0,1
462,462,Drow Shadowblade,0,0,17,17,150,20d8 + 60,A,humanoid,Elf,,M,14,21,16,12,14,13,-1,-1,6,7,9,-1,-1,-1,-1,6,-1,9,-1,-1,-1,-1,-1,-1,-1,-1,-1,-1,-1,-1,0,16,SD,30,,-1,,-1,,-1,,-1,True,"[""Devil's Sight"",""Fey Ancestry"",""Sunlight Sensitivity""]",Cha,,O,,"[""constitution"",""dexterity""]",True,"[""Multiattack""]",True,False,"[""poisoned"",""unconscious""]","N,P,Y","[""constitution""]",-1,0,,,,False,,,,,"[""Elvish"",""Undercommon""]","E,U",hand crossbow,underdark,"MW, RNG, RW",MPMM,False,,,-1,,True,,-1,0,0,0,0,0,0,0,0,1,0,0,0,0,0,0,0,1,1,0,0,0,1,1,1,1,0,1,0,1,1,1,1,1,1,1,1,1,1,1,1,0,0,0,0,1,1,1,1,0,0,0,1,0,1,0,0,0,0,0,1,1,0,1,1
441,441,Tiax,0,0,15,16,110,20d6 + 40,C N,humanoid,,,S,11,16,14,15,19,18,8,-1,8,-1,-1,-1,-1,-1,8,-1,8,-1,-1,-1,-1,-1,8,-1,-1,-1,8,-1,-1,-1,0,14,D,25,,-1,,-1,,-1,,-1,True,,Wis,"N,O",O,"[""blinded"",""charmed"",""deafened"",""paralyzed"",""poisoned"",""stunned""]","[""charisma"",""constitution"",""wisdom""]",True,,True,False,,"I,N","[""dexterity""]",-1,0,,,,False,,,,,"[""Celestial"",""Common"",""Gnomish""]","C,CE,G",,,,CoA,False,,,-1,,,,-1,0,0,0,0,0,0,0,0,1,0,0,0,0,0,0,0,0,1,0,1,1,1,1,1,0,1,0,1,1,1,1,1,0,1,1,1,0,1,1,1,0,0,0,0,1,1,1,1,1,0,0,1,0,1,0,0,1,1,0,1,1,1,1,1
1415,1415,Servitor Thrull,0,0,4,11,22,4d6 + 8,U,construct,,,S,11,13,14,6,6,3,-1,-1,-1,-1,-1,-1,-1,-1,-1,-1,-1,-1,-1,-1,-1,-1,-1,-1,-1,-1,-1,-1,-1,-1,0,8,D,30,,-1,,-1,,-1,,-1,False,,,,,,,True,,False,True,,S,,-1,0,,,,False,,,"[""poison""]","[""exhaustion"",""poisoned""]","[""understands Common but can't speak""]","C,CS",,,MW,GGR,False,,,-1,,,,-1,0,0,0,0,0,0,0,0,1,0,0,0,0,0,0,0,1,1,1,1,1,1,1,1,1,1,1,1,1,1,1,1,1,1,1,1,1,1,1,1,0,0,0,0,1,1,1,1,1,0,1,1,0,1,0,0,1,0,0,1,1,1,1,1
1451,1451,Harengon Sniper,0,1,4,14,9,2d8,A,humanoid,,,M,10,17,11,10,13,10,-1,-1,-1,-1,5,-1,-1,-1,-1,5,-1,5,-1,-1,-1,2,-1,-1,-1,-1,-1,-1,-1,-1,0,15,,30,,-1,,-1,,-1,,-1,True,,,,,,,True,,False,False,,"B, P",,-1,0,,,,False,,,,,"[""Common"",""Sylvan""]","C,S","club, light crossbow",,"MLW,MW, RNG, RW",WBtW,False,,,-1,,,,-1,0,0,0,0,0,0,0,0,1,0,0,0,0,0,0,0,1,1,1,1,0,1,1,1,1,0,1,0,1,1,1,0,1,1,1,1,1,1,1,1,0,0,1,0,1,1,1,1,1,0,1,1,0,1,0,0,1,0,0,1,1,1,1,1
2723,2723,Manticore,0,0,9,14,68,8d10 + 24,L E,monstrosity,,,L,17,16,17,7,12,8,-1,-1,-1,-1,-1,-1,-1,-1,-1,-1,-1,-1,-1,-1,-1,-1,-1,-1,-1,-1,-1,-1,-1,-1,0,11,D,30,,-1,,-1,,50,,-1,True,,,,,,,True,"[""Multiattack""]",False,False,,"P,S",,-1,0,,,,False,,,,,"[""Common""]",C,,"mountain, grassland, hill, coastal, arctic","MW, RW",MM,False,,,-1,,,True,-1,0,0,0,0,0,0,0,0,1,0,0,0,0,0,0,0,1,1,1,1,1,1,1,1,1,1,1,1,1,1,1,1,1,1,1,1,1,1,1,1,0,0,0,0,1,1,0,1,1,0,1,1,0,1,0,0,0,0,0,1,1,1,0,1
1420,1420,Witchlight,0,0,4,12,20,8d4,A,construct,,,T,1,14,10,10,15,7,-1,-1,-1,-1,-1,-1,-1,-1,-1,4,-1,-1,-1,-1,-1,-1,-1,-1,-1,-1,-1,-1,-1,-1,0,14,D,0,,-1,,-1,hover,40,,-1,True,"[""Antimagic Susceptibility""]",,,,,,True,,False,False,"[""blinded""]",R,"[""dexterity""]",-1,0,,,,False,,,"[""poison"",""psychic"",""radiant""]","[""blinded"",""charmed"",""exhaustion"",""frightened"",""paralyzed"",""petrified"",""poisoned"",""prone""]","[""understands the languages of its creator but can't speak""]",CS,,any,AOE,ToB1-2023,False,,,-1,,,,-1,0,0,0,0,0,0,0,0,1,0,0,0,0,0,0,0,1,1,1,1,1,1,1,1,1,0,1,1,1,1,1,1,1,1,1,1,1,1,1,1,0,0,0,0,1,1,0,1,0,0,0,1,0,1,0,0,0,0,0,1,1,1,1,1
2937,2937,Vegepygmy Chief,0,0,8,14,33,6d6 + 12,N,plant,,,S,14,14,14,7,12,9,-1,-1,-1,-1,-1,-1,-1,-1,-1,3,-1,4,-1,-1,-1,-1,-1,-1,-1,-1,-1,-1,-1,-1,0,13,D,30,,-1,,-1,,-1,,-1,True,"[""Camouflage"",""Regeneration""]",,,,,,True,"[""Multiattack""]",False,False,"[""poisoned""]","I,P,S","[""constitution""]",-1,0,,,,False,"[""lightning"",""piercing""]",,,,"[""Vegepygmy""]",OTH,spear,"forest, swamp","AOE, MLW,MW, RW, THW",MPMM,False,,,-1,,,,-1,0,0,0,0,0,0,0,0,1,0,0,0,0,0,0,0,1,1,1,1,1,1,1,1,1,0,1,0,1,1,1,1,1,1,1,1,1,1,1,1,0,0,0,0,1,1,1,1,0,0,0,1,0,1,0,0,0,0,0,1,1,1,1,1
1427,1427,Azza Gremlin,0,0,4,14,7,2d6,N,fey,,,S,5,18,10,12,13,16,-1,-1,-1,-1,-1,-1,-1,-1,-1,-1,-1,-1,-1,-1,-1,-1,-1,-1,-1,-1,-1,-1,-1,-1,0,11,SD,10,,-1,,-1,hover,40,,-1,True,,,,,,,True,,False,True,,L,"[""constitution""]",-1,0,,,,False,,,"[""lightning"",""thunder""]",,"[""Common"",""Primordial""]","C,P",,grassland,,ToB1-2023,False,,,-1,,,,-1,0,0,0,0,0,0,0,0,1,0,0,0,0,0,0,0,1,1,1,1,1,1,1,1,1,1,1,1,1,1,1,1,1,1,1,1,1,1,1,1,0,0,0,0,1,1,0,1,1,0,0,1,0,1,0,0,0,1,0,1,1,1,1,1
2401,2401,Sir Ursas,0,0,11,20,112,15d8 + 45,L E,humanoid,Human,,M,18,15,16,10,12,15,-1,-1,-1,6,5,7,-1,-1,-1,-1,-1,-1,-1,-1,-1,10,-1,5,-1,-1,-1,-1,-1,-1,0,11,,30,,-1,,-1,,-1,,-1,True,"[""Brute""]",,,,,,True,"[""Multiattack"",""Parry""]",False,True,"[""prone""]","B, P,S","[""strength""]",-1,0,,,,False,"[""fire""]",,,,"[""Common"",""Infernal""]","C,I",spear,,"MLW,MW, RW, THW",IMR,False,,,-1,,,,-1,0,0,0,0,0,0,0,0,1,0,0,0,0,0,0,0,1,1,1,0,0,0,1,1,1,1,1,1,1,1,1,0,1,0,1,1,1,1,1,1,0,0,1,0,1,1,1,1,0,0,0,1,0,1,0,0,1,0,0,1,1,1,1,1
532,532,Molydeus,0,0,27,19,216,16d12 + 112,C E,fiend,demon,,H,28,22,25,21,24,24,14,-1,14,14,-1,16,-1,-1,-1,21,-1,-1,-1,-1,-1,-1,-1,-1,-1,-1,-1,-1,-1,-1,0,31,U,40,,-1,,-1,,-1,,-1,True,"[""Legendary Resistances"",""Magic Resistance"",""Magic Weapons""]",Cha,L,I,,"[""dexterity"",""wisdom""]",True,"[""Multiattack""]",False,False,,"P,S","[""constitution""]",-1,0,,,,False,"[""cold"",""fire"",""lightning"",{""cond"":true,""note"":""from nonmagical attacks"",""resist"":[""bludgeoning"",""piercing"",""slashing""]}]",,"[""poison""]","[""blinded"",""charmed"",""deafened"",""frightened"",""poisoned"",""stunned""]","[""Abyssal"",""telepathy 120 ft.""]","AB,TP",,,"HPR, MW, RCH",MTF,False,,,-1,,True,True,-1,0,0,0,0,0,0,0,0,1,0,0,0,0,0,0,0,0,1,0,0,1,0,1,1,1,0,1,1,1,1,1,1,1,1,1,1,1,1,1,1,0,0,0,0,1,1,1,1,1,0,0,1,0,1,0,0,1,0,0,1,1,0,0,1
2755,2755,Mummy,0,0,9,11,58,9d8 + 18,L E,undead,,,M,16,8,15,6,10,12,-1,-1,2,-1,-1,-1,-1,-1,-1,-1,-1,-1,-1,-1,-1,-1,-1,-1,-1,-1,-1,-1,-1,-1,0,10,D,20,,-1,,-1,,-1,,-1,False,,,,,,,True,"[""Multiattack""]",False,False,"[""frightened"",""paralyzed""]","B, N","[""constitution"",""wisdom""]",-1,0,,,,False,"[{""cond"":true,""note"":""from nonmagical attacks"",""resist"":[""bludgeoning"",""piercing"",""slashing""]}]","[""fire""]","[""necrotic"",""poison""]","[""charmed"",""exhaustion"",""frightened"",""paralyzed"",""poisoned""]","[""the languages it knew in life""]",LF,,desert,"CUR, MW",MM,False,,,-1,,,True,-1,0,0,0,0,0,0,0,0,1,0,0,0,0,0,0,0,1,1,0,1,1,1,1,1,1,1,1,1,1,1,1,1,1,1,1,1,1,1,1,1,0,0,0,0,1,1,1,1,0,0,0,1,0,0,0,0,0,0,0,1,1,1,0,1
2961,2961,Dire Wolf,0,0,7,14,37,5d10 + 10,U,beast,,,L,17,15,15,3,12,7,-1,-1,-1,-1,-1,-1,-1,-1,-1,3,-1,4,-1,-1,-1,-1,-1,-1,-1,-1,-1,-1,-1,-1,0,13,,50,,-1,,-1,,-1,,-1,True,"[""Keen Senses"",""Pack Tactics""]",,,,,,True,,False,False,"[""prone""]",P,"[""strength""]",-1,0,,,,False,,,,,,,,"forest, hill",MW,MM,False,,,-1,,,True,-1,0,0,0,0,0,0,0,0,1,0,0,0,0,0,0,0,1,1,1,1,1,1,1,1,1,0,1,0,1,1,1,1,1,1,1,1,1,1,1,1,0,0,1,0,1,1,1,1,0,0,0,1,0,1,1,1,0,0,0,1,1,1,0,1
1028,1028,Aerisi Kalinoth,0,0,13,16,66,12d8 + 12,N E,humanoid,Elf,,M,8,16,12,17,10,16,-1,-1,-1,-1,-1,-1,6,6,-1,3,-1,-1,-1,-1,-1,-1,-1,-1,-1,-1,-1,-1,-1,-1,0,13,D,30,,-1,,-1,,-1,,-1,True,"[""Fey Ancestry"",""Legendary Resistances""]",Int,"B, C,I,L,T",CW,"[""charmed"",""invisible""]","[""charisma"",""constitution"",""dexterity"",""strength"",""wisdom""]",True,,False,False,,"L,P",,-1,0,,,,False,"[""lightning""]",,,,"[""Auran"",""Common"",""Elvish""]","AU,C,E",windvane,,"MW, RW",PotA,False,,,-1,,,,-1,0,0,0,0,0,0,0,0,1,0,0,0,0,0,0,0,1,1,1,1,1,1,0,0,1,0,1,1,1,1,1,1,1,1,1,1,1,1,1,1,0,0,0,0,1,1,1,1,1,0,1,1,0,1,0,0,1,0,0,1,1,1,1,1
2858,2858,Black Earth Guard,0,1,8,18,39,6d8 + 12,N E,humanoid,Human,,M,17,11,14,10,10,9,-1,-1,-1,-1,-1,-1,-1,-1,-1,2,-1,-1,-1,-1,-1,-1,-1,1,-1,-1,-1,-1,-1,-1,0,12,,30,,-1,,-1,,-1,,-1,False,,,,,,,True,"[""Multiattack""]",False,True,,P,,-1,0,,,,False,,,,,"[""Common""]",C,morningstar,,"MLW,MW",PotA,False,,,-1,,,,-1,0,0,0,0,0,0,0,0,1,0,0,0,0,0,0,0,1,1,1,1,1,1,1,1,1,0,1,1,1,1,1,1,1,0,1,1,1,1,1,1,0,0,1,0,1,1,1,1,1,0,1,1,0,1,0,0,1,0,0,1,1,1,1,1
173,173,Cradle of the Fire Scion,0,0,31,20,555,30d20 + 240,L E,elemental,,,G,28,12,27,12,20,17,-1,-1,-1,-1,-1,-1,-1,-1,-1,-1,-1,-1,-1,-1,-1,-1,-1,-1,-1,-1,-1,-1,-1,-1,0,15,SD,40,,-1,,-1,,-1,,-1,True,"[""Legendary Resistances"",""Magic Resistance"",""Siege Monster""]",,,,,,True,"[""Breath Weapon"",""Multiattack""]",True,False,"[""poisoned""]","B, F","[""constitution"",""dexterity""]",-1,0,,,,False,"[""cold"",""lightning"",{""cond"":true,""note"":""from nonmagical attacks"",""resist"":[""bludgeoning"",""piercing"",""slashing""]}]",,"[""fire"",""poison""]","[""exhaustion"",""petrified"",""poisoned""]","[""Giant"",""Primordial""]","GI,P",,,"AOE, MW, RCH, RW",BGG,False,,,-1,,,,-1,0,0,0,0,0,0,0,0,1,0,0,0,0,0,0,0,1,1,1,1,1,1,1,1,1,1,1,1,1,1,1,1,1,1,1,1,1,1,1,1,0,0,0,0,1,1,1,1,0,0,0,1,0,1,0,0,1,0,0,1,1,1,1,1
1302,1302,Pony,0,0,3,10,11,2d8 + 2,U,beast,,,M,15,10,13,2,11,7,-1,-1,-1,-1,-1,-1,-1,-1,-1,-1,-1,-1,-1,-1,-1,-1,-1,-1,-1,-1,-1,-1,-1,-1,0,10,,40,,-1,,-1,,-1,,-1,False,,,,,,,True,,False,False,,B,,-1,0,,,,False,,,,,,,,urban,MW,MM,False,,,-1,,,True,-1,0,0,0,0,0,0,0,0,1,0,0,0,0,0,0,0,1,1,1,1,1,1,1,1,1,1,1,1,1,1,1,1,1,1,1,1,1,1,1,1,0,0,1,0,1,1,1,1,1,0,1,1,0,1,1,1,0,0,0,1,1,1,0,1
853,853,Knight-Captain Theodore Marshal,0,1,21,20,255,30d8 + 120,L G,humanoid,Human,,M,20,10,18,13,15,19,9,-1,7,-1,-1,-1,-1,-1,7,-1,-1,-1,-1,-1,7,10,-1,-1,-1,-1,9,-1,-1,-1,0,12,,30,,-1,,-1,,-1,,-1,True,"[""Legendary Resistances""]",Cha,"F,R",CP,"[""incapacitated"",""prone""]","[""charisma"",""dexterity"",""wisdom""]",True,"[""Multiattack""]",False,False,,"R,S",,-1,0,,,,False,,,,"[""charmed"",""frightened""]","[""Celestial"",""Common""]","C,CE",,,MW,DoDk,False,,,-1,,,,-1,0,0,0,0,0,0,0,0,1,0,0,0,0,0,0,0,0,1,0,1,1,1,1,1,0,1,1,1,1,1,0,0,1,1,1,1,0,1,1,1,0,0,1,0,1,1,1,1,1,0,1,1,0,1,0,0,1,0,0,1,1,1,1,1
1521,1521,Space Eel,0,0,5,14,7,2d6,U,beast,,,S,12,18,11,1,10,1,-1,-1,-1,-1,-1,-1,-1,-1,-1,-1,-1,-1,-1,-1,-1,-1,-1,-1,-1,-1,-1,-1,-1,-1,0,10,D,10,,-1,,-1,,30,,-1,True,"[""Unusual Nature""]",,,,,,True,"[""Multiattack""]",False,False,"[""paralyzed"",""poisoned""]",P,"[""constitution""]",-1,0,,,,False,,,,,,,,,MW,BAM,False,,,-1,,,,-1,0,0,0,0,0,0,0,0,1,0,0,0,0,0,0,0,1,1,1,1,1,1,1,1,1,1,1,1,1,1,1,1,1,1,1,1,1,1,1,1,0,0,0,0,1,1,0,1,0,0,0,1,0,1,1,1,1,0,0,1,1,1,1,1
2466,2466,Chuul,0,0,10,16,93,11d10 + 33,C E,aberration,,,L,19,10,16,5,11,5,-1,-1,-1,-1,-1,-1,-1,-1,-1,4,-1,-1,-1,-1,-1,-1,-1,-1,-1,-1,-1,-1,-1,-1,0,14,D,30,,-1,,-1,,-1,,30,True,"[""Amphibious""]",,,,,,True,"[""Multiattack"",""Tentacles""]",False,False,"[""grappled"",""paralyzed"",""poisoned""]",B,"[""constitution""]",-1,0,,,,False,,,"[""poison""]","[""poisoned""]","[""understands Deep Speech but can't speak""]","CS,DS",,underdark,"MW, RCH",MM,False,,,-1,,,True,-1,0,0,0,0,0,0,0,0,1,0,0,0,0,0,0,0,1,1,1,1,1,1,1,1,1,0,1,1,1,1,1,1,1,1,1,1,1,1,1,1,0,0,0,0,1,1,1,0,0,0,0,1,0,1,0,0,0,0,0,1,1,1,0,1
976,976,Septon Modron,0,0,18,17,204,24d10 + 72,L N,construct,,,L,18,15,17,18,16,14,-1,8,7,-1,-1,-1,-1,-1,-1,11,-1,-1,-1,-1,-1,-1,-1,-1,-1,-1,-1,-1,-1,-1,1,21,U,30,,-1,,-1,hover,30,,30,True,,Int,,O,,"[""charisma""]",True,"[""Multiattack"",""Tentacles""]",False,False,"[""stunned""]","L,P","[""dexterity""]",-1,0,,,,False,"[""lightning"",""psychic""]",,,,"[""all"",""telepathy 120 ft.""]","TP,XX",,,"AOE, MW, RCH",MPP,False,,,-1,,,,-1,0,0,0,0,0,0,0,0,1,0,0,0,0,0,0,0,1,0,0,1,1,1,1,1,1,0,1,1,1,1,1,1,1,1,1,1,1,1,1,1,0,0,0,0,1,1,0,0,0,0,0,1,0,1,0,0,1,0,0,1,1,1,1,1
1582,1582,Olara,0,0,5,13,16,3d8 + 3,N G,humanoid,,,M,11,14,12,11,13,11,-1,-1,-1,-1,-1,-1,-1,-1,-1,5,-1,6,-1,-1,-1,-1,-1,-1,-1,4,-1,-1,-1,5,0,15,D,30,,-1,,-1,,-1,,30,True,"[""Amphibious"",""Fey Ancestry"",""Keen Senses""]",,,,,,True,"[""Multiattack""]",False,False,,P,,-1,0,,,,False,"[""cold""]",,,,"[""Any one language (usually Common)""]",C,"longbow, shortsword",,"MLW,MW, RNG, RW",CRCotN,False,,,-1,,,,-1,0,0,0,0,0,0,0,0,1,0,0,0,0,0,0,0,1,1,1,1,1,1,1,1,1,0,1,0,1,1,1,1,1,1,1,0,1,1,1,0,0,0,0,0,1,1,1,0,1,0,1,1,0,1,0,0,1,0,0,1,1,1,1,1
2680,2680,Lava Child,0,1,9,11,60,8d8 + 24,N,humanoid,lava child,,M,18,13,16,11,10,10,-1,-1,-1,-1,-1,-1,-1,-1,-1,-1,-1,-1,-1,-1,-1,6,-1,-1,-1,-1,-1,-1,-1,2,0,10,D,25,,-1,,20,,-1,,-1,True,,,,,,,True,"[""Multiattack""]",False,False,,"P,S",,-1,0,,,,False,,,"[""fire"",{""cond"":true,""immune"":[""bludgeoning"",""piercing"",""slashing""],""note"":""from metal weapons""}]",,"[""Common"",""Ignan""]","C,IG",,,MW,WDMM,False,,,-1,,,,-1,0,0,0,0,0,0,0,0,1,0,0,0,0,0,0,0,1,1,1,1,1,1,1,1,1,1,1,1,1,1,1,0,1,1,1,1,1,1,1,0,0,0,0,0,1,0,1,1,1,0,1,1,0,1,0,0,1,0,0,1,1,1,1,1
581,581,Dragon Speaker,0,0,8,13,36,8d6 + 8,A,humanoid,,,S,10,14,12,13,11,17,5,-1,-1,-1,4,-1,-1,-1,-1,-1,-1,-1,-1,-1,-1,-1,-1,-1,-1,-1,5,3,-1,-1,0,10,D,30,,-1,,-1,,-1,,-1,False,,Cha,,O,"[""charmed"",""prone""]","[""charisma"",""wisdom""]",True,"[""Multiattack""]",False,True,,T,,-1,0,,,,False,,,,"[""charmed"",""frightened""]","[""Common"",""Draconic"",""and any two languages""]","C,DR,X",,,,FTD,False,,,-1,,,,-1,0,0,0,0,0,0,0,0,1,0,0,0,0,0,0,0,0,1,1,1,0,1,1,1,1,1,1,1,1,1,1,1,1,1,1,1,0,0,1,1,0,0,0,0,1,1,1,1,1,0,1,1,0,1,0,0,1,1,0,1,1,1,1,1
1994,1994,Froghemoth,0,0,16,14,184,16d12 + 80,U,monstrosity,,,H,23,13,20,2,12,5,-1,-1,5,9,-1,-1,-1,-1,-1,9,-1,5,-1,-1,-1,-1,-1,-1,-1,-1,-1,-1,-1,-1,0,19,D,30,,-1,,-1,,-1,,30,True,"[""Amphibious""]",,,,,,True,"[""Multiattack"",""Swallow"",""Tentacles""]",False,False,"[""blinded"",""grappled"",""restrained""]","A, B, P","[""constitution"",""strength""]",-1,0,,,,False,"[""fire"",""lightning""]",,,,,,,"underdark, swamp","MW, RCH",VGM,False,,,-1,,,True,-1,0,0,0,0,0,0,0,0,1,0,0,0,0,0,0,0,1,1,0,0,1,1,1,1,1,0,1,0,1,1,1,1,1,1,1,1,1,1,1,1,0,0,0,0,1,1,1,0,0,0,0,1,0,1,1,1,0,0,0,1,1,1,0,1
1398,1398,Swamp Adder,0,0,4,13,18,4d6 + 4,U,beast,,,S,4,16,12,1,10,4,-1,-1,-1,-1,-1,-1,-1,-1,-1,-1,-1,-1,-1,-1,-1,-1,-1,-1,-1,-1,-1,-1,-1,-1,0,10,B,30,,-1,,-1,,-1,,-1,True,"[""Camouflage""]",,,,,,True,,False,False,"[""paralyzed""]","I,P","[""constitution""]",-1,0,,,,False,,,,,,,,swamp,MW,ToB1-2023,False,,,-1,,,,-1,0,0,0,0,0,0,0,0,1,0,0,0,0,0,0,0,1,1,1,1,1,1,1,1,1,1,1,1,1,1,1,1,1,1,1,1,1,1,1,1,0,0,0,0,1,1,1,1,0,0,0,1,0,1,1,1,0,0,0,1,1,1,1,1
1330,1330,Kobold Underling,0,1,3,13,7,3d6 - 3,L E,humanoid,kobold,,S,7,16,9,8,9,8,-1,-1,-1,-1,-1,-1,-1,-1,-1,-1,-1,-1,-1,-1,-1,-1,-1,-1,-1,-1,-1,-1,-1,-1,0,9,D,30,,-1,,-1,,-1,,-1,True,"[""Pack Tactics"",""Sunlight Sensitivity""]",,,,,,True,,False,False,,"B, P","[""dexterity""]",-1,0,,,,False,,,,,"[""Common"",""Draconic""]","C,DR","hand crossbow, shortsword",,"MLW,MW, RNG, RW",EGW,False,,,-1,,,,-1,0,0,0,0,0,0,0,0,1,0,0,0,0,0,0,0,1,1,1,1,1,1,1,1,1,1,1,1,1,1,1,1,1,1,1,1,1,1,1,1,0,0,0,0,1,1,1,1,1,0,0,1,0,1,0,0,1,0,0,1,1,1,1,1
1071,1071,Engineer,0,1,4,10,7,2d6,N G,humanoid,Gnome,,S,10,10,10,14,10,11,-1,-1,-1,-1,-1,-1,4,4,-1,-1,-1,-1,-1,-1,-1,-1,-1,-1,-1,-1,-1,-1,-1,-1,0,10,D,25,,-1,,-1,,-1,,-1,True,,Int,F,CW,,"[""dexterity""]",True,,False,False,,P,,-1,0,,,,False,,,,,"[""Common"",""Gnomish""]",C G,dagger,,"MLW,MW",WDH,False,,,-1,,,,-1,0,0,0,0,0,0,0,0,1,0,0,0,0,0,0,0,1,1,1,1,1,1,0,0,1,1,1,1,1,1,1,1,1,1,1,1,1,1,1,1,0,0,0,0,1,1,1,1,1,0,1,1,0,1,0,0,1,0,0,1,1,1,1,1
957,957,Mind Flayer Arcanist,0,0,14,15,71,13d8 + 13,L E,aberration,,,M,11,12,12,19,17,17,6,7,6,-1,-1,-1,7,-1,6,6,-1,4,-1,-1,-1,-1,6,-1,-1,-1,6,-1,-1,-1,0,16,SD,30,,-1,,-1,,-1,,-1,True,"[""Magic Resistance""]",Int,L,"CW,I,P","[""charmed"",""invisible"",""restrained"",""unconscious""]","[""charisma"",""constitution"",""dexterity"",""wisdom""]",True,"[""Tentacles""]",False,False,"[""grappled"",""stunned""]","P,Y","[""intelligence""]",-1,0,,,,False,,,,,"[""Deep Speech"",""Undercommon"",""telepathy 120 ft.""]","DS,TP,U",,underdark,"AOE, MW",MM,False,,,-1,,,True,-1,0,0,0,0,0,0,0,0,1,0,0,0,0,0,0,0,0,0,0,1,1,1,0,1,0,0,1,0,1,1,1,1,0,1,1,1,0,1,1,1,0,0,0,0,1,1,1,1,0,0,0,1,0,1,0,0,0,0,0,1,1,1,0,1
1694,1694,Cradle of the Hill Scion,0,0,28,19,402,23d20 + 161,C E,elemental,,,G,25,10,24,9,16,10,7,-1,10,-1,-1,-1,-1,-1,-1,-1,-1,-1,-1,-1,-1,-1,-1,-1,-1,-1,-1,-1,-1,-1,0,13,,40,,-1,,-1,,-1,,-1,True,"[""Legendary Resistances"",""Magic Resistance"",""Siege Monster""]",,,,,,True,"[""Multiattack""]",False,False,"[""prone""]",B,"[""strength""]",-1,0,,,,False,"[""cold"",""fire"",""lightning"",{""cond"":true,""note"":""from nonmagical attacks"",""resist"":[""bludgeoning"",""piercing"",""slashing""]}]",,"[""poison""]","[""exhaustion"",""paralyzed"",""petrified"",""poisoned"",""prone""]","[""Giant"",""Primordial""]","GI,P",,,"MW, RCH, RW",BGG,False,,,-1,,,,-1,0,0,0,0,0,0,0,0,1,0,0,0,0,0,0,0,0,1,0,1,1,1,1,1,1,1,1,1,1,1,1,1,1,1,1,1,1,1,1,1,0,0,1,0,1,1,1,1,0,0,0,1,0,1,0,0,1,0,0,1,1,1,1,1
1879,1879,Dragon Eel,0,0,18,18,195,17d12 + 85,N,dragon,,,H,26,12,20,14,13,14,6,6,5,-1,5,12,-1,-1,5,5,-1,-1,-1,5,-1,12,-1,-1,-1,-1,-1,-1,-1,-1,0,15,D,20,,-1,,-1,,-1,,60,True,,,,,,,True,"[""Breath Weapon"",""Multiattack""]",False,False,"[""paralyzed""]","B, L,P","[""constitution"",""dexterity"",""strength""]",-1,0,,,,False,,,"[""lightning""]","[""paralyzed"",""prone""]","[""Common"",""Draconic"",""Primordial""]","C,DR,P",,"coastal, underwater","AOE, MW, RCH",ToB1-2023,False,,,-1,,,,-1,0,0,0,0,0,0,0,0,1,0,0,0,0,0,0,0,0,0,0,1,0,0,1,1,0,0,1,1,1,0,1,0,1,1,1,1,1,1,1,1,0,0,0,0,1,1,1,0,0,0,0,1,0,1,0,0,0,0,0,1,1,1,1,1
1053,1053,Remallia Haventree,0,0,15,15,66,12d8 + 12,C G,humanoid,Elf,,M,10,14,13,18,15,17,-1,8,6,-1,-1,-1,8,8,-1,-1,-1,-1,-1,-1,-1,-1,7,-1,-1,-1,7,-1,-1,-1,0,12,D,30,,-1,,-1,,-1,,-1,True,"[""Fey Ancestry""]",Int,"C,F,N,O",CW,"[""frightened"",""incapacitated"",""invisible"",""petrified"",""restrained"",""stunned"",""unconscious""]","[""charisma"",""constitution"",""dexterity"",""intelligence"",""wisdom""]",True,,False,False,,P,,-1,0,,,,False,,,,,"[""Common"",""Draconic"",""Dwarvish"",""Elvish"",""Halfling""]","C,D,DR,E,H",dagger,,"MLW,MW",WDH,False,,,-1,,,,-1,0,0,0,0,0,0,0,0,1,0,0,0,0,0,0,0,1,0,0,1,1,1,0,0,1,1,1,1,1,1,1,1,0,1,1,1,0,1,1,1,0,0,0,0,1,1,1,1,1,0,1,1,0,1,0,0,1,0,0,1,1,1,1,1
1846,1846,Steam Golem,0,0,19,18,171,18d10 + 72,U,construct,,,L,26,12,18,3,10,1,-1,-1,-1,-1,-1,-1,-1,-1,-1,-1,-1,-1,-1,-1,-1,-1,-1,-1,-1,-1,-1,-1,-1,-1,0,10,SD,40,,-1,,-1,,-1,,-1,True,"[""Immutable Form"",""Magic Resistance""]",,,,,,True,"[""Multiattack""]",False,True,,"F,S","[""constitution"",""dexterity""]",-1,0,,,,False,,,"[""fire"",""poison"",""psychic"",{""cond"":true,""immune"":[""bludgeoning"",""piercing"",""slashing""],""note"":""from nonmagical attacks that aren't adamantine""}]","[""charmed"",""exhaustion"",""frightened"",""paralyzed"",""petrified"",""poisoned""]","[""understands the languages of its creator but can't speak""]",CS,,urban,"AOE, MW, RCH",ToB1-2023,False,,,-1,,,,-1,0,0,0,0,0,0,0,0,1,0,0,0,0,0,0,0,1,1,1,1,1,1,1,1,1,1,1,1,1,1,1,1,1,1,1,1,1,1,1,1,0,0,0,0,1,1,1,1,1,0,0,1,0,1,0,0,0,0,0,1,1,1,1,1
2716,2716,Goat-Man,0,0,9,14,65,10d8 + 20,C E,monstrosity,,,M,19,14,14,10,13,8,-1,-1,-1,-1,4,-1,-1,-1,-1,-1,-1,6,-1,4,-1,6,-1,-1,-1,-1,-1,-1,-1,-1,0,11,D,40,,-1,,-1,,-1,,-1,True,"[""Charge""]",,,,,,True,"[""Multiattack""]",False,False,"[""prone"",""stunned""]","B, P","[""constitution"",""strength""]",-1,0,,,,False,,,,"[""charmed"",""frightened""]","[""understands Common"",""Giant"",""and Trollkin but can't speak""]","C,CS,GI",,"badlands, grassland",MW,ToB1-2023,False,,,-1,,,,-1,0,0,0,0,0,0,0,0,1,0,0,0,0,0,0,0,1,1,1,1,0,1,1,1,1,1,1,0,1,0,1,0,1,1,1,1,1,1,1,1,0,0,0,0,1,1,1,1,0,0,0,1,0,1,0,0,0,0,0,1,1,1,1,1
1765,1765,Bore Worm,0,1,22,18,247,15d20 + 90,U,construct,,,G,28,7,22,1,8,4,-1,-1,4,11,-1,-1,-1,-1,-1,-1,-1,-1,-1,-1,-1,-1,-1,-1,-1,-1,-1,-1,-1,-1,0,9,"B, T",50,,30,,-1,,-1,,-1,True,"[""Regeneration"",""Tunneler""]",,,,,,True,"[""Multiattack""]",False,False,,"I,P,S","[""constitution""]",-1,0,,,,False,,,"[""poison"",""psychic"",{""cond"":true,""immune"":[""bludgeoning"",""piercing"",""slashing""],""note"":""from nonmagical attacks that aren't adamantine""}]","[""blinded"",""charmed"",""deafened"",""exhaustion"",""frightened"",""paralyzed"",""petrified"",""poisoned"",""prone""]",,,,,"MW, RCH",WDMM,False,,,-1,,,,-1,0,0,0,0,0,0,0,0,1,0,0,0,0,0,0,0,1,1,0,0,1,1,1,1,1,1,1,1,1,1,1,1,1,1,1,1,1,1,1,1,0,0,0,0,0,1,1,1,1,0,0,1,0,1,1,1,1,0,0,1,1,1,1,1
2063,2063,Vine Troll Skeleton,0,0,15,16,153,18d10 + 54,U,undead,,,L,20,12,16,6,8,5,-1,-1,-1,7,-1,-1,-1,-1,-1,-1,-1,-1,-1,-1,-1,-1,-1,-1,-1,-1,-1,-1,-1,-1,0,9,D,30,,-1,,-1,,-1,,-1,True,"[""Regeneration""]",,,,,,True,"[""Multiattack""]",False,False,,"I,P,S",,-1,0,,,,False,"[{""cond"":true,""note"":""from nonmagical attacks"",""resist"":[""bludgeoning"",""piercing"",""slashing""]}]",,"[""poison""]","[""deafened"",""exhaustion"",""poisoned""]","[""understands all languages it knew in life but can't speak""]","CS,LF",,forest,"MW, RW",ToB1-2023,False,,,-1,,,,-1,0,0,0,0,0,0,0,0,1,0,0,0,0,0,0,0,1,1,1,0,1,1,1,1,1,1,1,1,1,1,1,1,1,1,1,1,1,1,1,1,0,0,0,0,1,1,1,1,1,0,1,1,0,1,0,0,0,0,0,1,1,1,1,1
630,630,Dao,0,0,17,18,187,15d10 + 105,N E,elemental,,,L,23,12,24,12,13,14,6,5,5,-1,-1,-1,-1,-1,-1,-1,-1,-1,-1,-1,-1,-1,-1,-1,-1,-1,-1,-1,-1,-1,0,11,SD,30,,30,,-1,,30,,-1,True,,Cha,Y,I,"[""frightened"",""invisible""]","[""charisma"",""dexterity"",""wisdom""]",True,"[""Multiattack""]",False,False,"[""prone""]",B,,-1,0,,,,False,,,,"[""petrified""]","[""Terran""]",T,maul,underdark,"MLW,MW",MM,False,"[""Genies""]",,-1,,True,True,-1,0,0,0,0,0,0,0,0,1,0,0,0,0,0,0,0,0,0,0,1,1,1,1,1,1,1,1,1,1,1,1,1,1,1,1,1,1,1,1,1,0,0,0,0,0,1,0,1,0,0,1,1,0,1,0,0,0,0,0,1,1,0,0,1
2724,2724,Millitaur,0,0,9,14,85,10d10 + 30,N,monstrosity,,,L,17,14,16,8,16,10,-1,-1,-1,-1,-1,-1,-1,-1,-1,-1,-1,-1,-1,4,-1,-1,-1,-1,-1,-1,-1,-1,-1,-1,0,13,"D, T",40,,20,,30,,-1,,-1,False,,,,,,,True,"[""Multiattack""]",False,False,"[""poisoned""]","I,S","[""dexterity""]",-1,0,,,,False,"[""poison"",""slashing""]",,,"[""prone""]","[""Common"",""Millitaur""]",C,handaxe,forest,"AOE, MLW,MW, RW, THW",ToB1-2023,False,,,-1,,,,-1,0,0,0,0,0,0,0,0,1,0,0,0,0,0,0,0,1,1,1,1,1,1,1,1,1,1,1,1,1,0,1,1,1,1,1,1,1,1,1,1,0,0,0,0,0,0,1,1,0,0,0,1,0,1,0,0,0,0,0,1,1,1,1,1
1916,1916,Adult Deep Dragon,0,0,17,17,147,14d12 + 56,N E,dragon,,,H,20,14,18,16,16,18,8,-1,7,8,6,-1,-1,-1,-1,7,-1,10,-1,-1,-1,-1,-1,-1,-1,-1,12,-1,-1,-1,0,17,"B, SD",40,,30,,-1,,80,,40,True,"[""Legendary Resistances""]",,,,,,True,"[""Breath Weapon"",""Multiattack"",""Shapechanger""]",False,False,"[""frightened"",""poisoned"",""prone""]","B, I,P,S,Y","[""constitution"",""strength"",""wisdom""]",-1,0,I,"[""constitution"",""wisdom""]","[""poisoned""]",False,"[""poison"",""psychic""]",,,"[""charmed"",""frightened"",""poisoned""]","[""Common"",""Draconic"",""Undercommon""]","C,DR,U",,,"AOE, MW, RCH",FTD,False,,,-1,,True,,-1,0,0,0,0,0,0,0,0,1,0,0,0,0,0,0,0,0,1,0,0,0,1,1,1,1,0,1,0,1,1,1,1,1,1,1,1,0,1,1,1,0,0,0,0,0,1,0,0,0,0,0,1,0,1,0,0,1,0,0,1,1,0,1,1
1325,1325,Harengon Brigand,0,1,3,14,9,2d8,A,humanoid,,,M,14,17,11,10,11,10,-1,-1,-1,-1,5,-1,-1,-1,-1,4,-1,-1,-1,5,-1,-1,-1,-1,-1,-1,-1,-1,-1,-1,0,14,,30,,-1,,-1,,-1,,-1,True,"[""Pack Tactics""]",,,,,,True,,False,False,,B,,-1,0,,,,False,,,,,"[""Common"",""Sylvan""]","C,S","club, sling",,"MLW,MW, RNG, RW",WBtW,False,,,-1,,,,-1,0,0,0,0,0,0,0,0,1,0,0,0,0,0,0,0,1,1,1,1,0,1,1,1,1,0,1,1,1,0,1,1,1,1,1,1,1,1,1,1,0,0,1,0,1,1,1,1,1,0,1,1,0,1,0,0,1,0,0,1,1,1,1,1
1104,1104,Vajra Safahr,0,0,19,17,126,23d8 + 23,L N,humanoid,Human,,M,10,14,12,20,11,16,5,12,7,3,4,2,10,10,-1,-1,-1,-1,-1,-1,-1,-1,-1,-1,-1,-1,-1,-1,-1,-1,0,10,,30,,-1,,-1,,-1,,-1,True,"[""Magic Resistance""]",Int,"A, B, C, F, I, L, O, T, Y",CW,,"[""charisma"",""constitution"",""dexterity"",""wisdom""]",True,,False,False,,O,,-1,0,,,,False,,,,,"[""Common"",""Dwarvish"",""Elvish"",""Giant"",""Halfling"",""Undercommon""]","C,D,E,GI,H,U",,,MW,WDH,False,,,-1,,,,-1,0,0,0,0,0,0,0,0,1,0,0,0,0,0,0,0,0,0,0,0,0,0,0,0,1,1,1,1,1,1,1,1,1,1,1,1,1,1,1,1,0,0,1,0,1,1,1,1,1,0,1,1,0,1,0,0,1,0,0,1,1,1,1,1
104,104,Pazuzu,0,0,31,21,405,30d10 + 240,C E,fiend,demon,,L,23,30,27,23,18,27,16,-1,-1,16,18,-1,-1,-1,-1,12,-1,-1,-1,-1,-1,-1,-1,-1,-1,-1,16,-1,-1,-1,0,22,U,30,,-1,,-1,,90,,-1,True,"[""Legendary Resistances"",""Magic Resistance"",""Magic Weapons""]",Cha,"N,P",O,"[""charmed"",""incapacitated"",""restrained"",""unconscious""]","[""charisma"",""constitution"",""wisdom""]",True,"[""Breath Weapon"",""Multiattack""]",True,False,,"A, I,N,S","[""dexterity"",""strength"",""wisdom""]",-1,0,,,,False,"[""acid"",""cold"",""fire""]",,"[""lightning"",""poison"",{""cond"":true,""immune"":[""bludgeoning"",""piercing"",""slashing""],""note"":""from nonmagical attacks""}]","[""charmed"",""exhaustion"",""frightened"",""poisoned""]","[""all"",""telepathy 120 ft.""]","TP,XX",greatsword,,"AOE, MLW,MW",MaBJoV,False,,,-1,,,,-1,0,0,0,0,0,0,0,0,1,0,0,0,0,0,0,0,0,1,1,0,0,1,1,1,1,0,1,1,1,1,1,1,1,1,1,1,0,1,1,1,0,0,0,0,1,1,0,1,1,0,0,1,0,1,0,0,1,0,0,1,1,1,1,1
409,409,Swarm of Hoard Scarabs,0,0,8,14,31,7d8,U,monstrosity,,True,M,6,16,11,3,8,6,-1,-1,-1,-1,-1,-1,-1,-1,-1,-1,-1,-1,-1,-1,-1,-1,-1,-1,-1,-1,-1,-1,-1,-1,0,9,"D, T",20,,20,,-1,,20,,-1,True,"[""False Appearance""]",,,,,,True,,True,False,,P,"[""dexterity""]",-1,0,,,,False,"[""bludgeoning"",""piercing"",""slashing""]",,,"[""charmed"",""frightened"",""grappled"",""paralyzed"",""petrified"",""prone"",""restrained"",""stunned""]",,,,,"AOE, MW",FTD,False,,,-1,,,,-1,0,0,0,0,0,0,0,0,0,0,0,0,0,0,0,0,1,1,1,1,1,1,1,1,1,1,1,1,1,1,1,1,1,1,1,1,1,1,1,1,0,0,0,0,0,1,0,1,1,0,0,1,0,1,1,1,1,0,0,1,1,1,1,1
2892,2892,Roachling Lord,0,0,8,15,63,14d6 + 14,C N,humanoid,roachling,,S,10,16,12,10,10,10,-1,-1,-1,3,5,-1,-1,-1,-1,-1,-1,7,-1,5,-1,-1,-1,-1,-1,-1,-1,-1,-1,-1,0,10,"D, T",25,,-1,,-1,,-1,,-1,True,,,,,,,True,"[""Multiattack""]",False,False,,"I,P",,-1,0,,,,False,,,,"[""poisoned""]","[""Common""]",C,,urban,"MLW,MW, RW",ToB1-2023,False,,,-1,,,,-1,0,0,0,0,0,0,0,0,1,0,0,0,0,0,0,0,1,1,1,0,0,1,1,1,1,1,1,0,1,0,1,1,1,1,1,1,1,1,1,1,0,0,0,0,1,1,1,1,1,0,1,1,0,1,0,0,0,0,0,1,1,1,1,1
850,850,Stonemelder,0,1,10,17,75,10d8 + 30,N E,humanoid,Human,,M,15,10,16,12,11,17,-1,-1,-1,-1,-1,-1,-1,-1,-1,2,-1,-1,-1,-1,-1,-1,-1,5,-1,-1,-1,-1,-1,-1,0,12,T,30,,-1,,-1,,-1,,-1,True,"[""Death Burst""]",Cha,"A, B, T",CS,,"[""constitution"",""dexterity"",""strength""]",True,,False,False,,B,"[""dexterity""]",-1,0,,,,False,,,,,"[""Common"",""Terran""]","C,T",,,MW,PotA,False,,,-1,,,,-1,0,0,0,0,0,0,0,0,1,0,0,0,0,0,0,0,1,1,1,1,1,1,1,1,1,0,1,1,1,1,1,1,1,0,1,1,1,1,1,1,0,0,0,0,1,1,1,1,1,0,0,1,0,1,0,0,1,0,0,1,1,1,1,1
614,614,Planetar,0,0,22,19,200,16d10 + 112,L G,celestial,,,L,24,20,24,19,22,25,12,-1,11,12,-1,-1,-1,-1,-1,11,-1,-1,-1,-1,-1,-1,-1,-1,-1,-1,-1,-1,-1,-1,0,21,U,40,,-1,,-1,,120,,-1,True,"[""Magic Resistance""]",Cha,"F,P,R,S",I,"[""invisible""]","[""charisma"",""constitution"",""dexterity""]",True,"[""Multiattack""]",False,False,,"R,S",,-1,0,,,,False,"[""radiant"",{""cond"":true,""note"":""from nonmagical attacks"",""resist"":[""bludgeoning"",""piercing"",""slashing""]}]",,,"[""charmed"",""exhaustion"",""frightened""]","[""all"",""telepathy 120 ft.""]","TP,XX",greatsword,,"MLW,MW",MM,False,"[""Angels""]",,-1,,,True,-1,0,0,0,0,0,0,0,0,1,0,0,0,0,0,0,0,0,1,0,0,1,1,1,1,1,0,1,1,1,1,1,1,1,1,1,1,1,1,1,1,0,0,0,0,1,1,0,1,1,0,1,1,0,1,0,0,1,0,0,1,1,1,0,1
618,618,Deva,0,0,16,17,136,16d8 + 64,L G,celestial,,,M,18,18,18,17,20,20,9,-1,9,-1,-1,-1,-1,-1,9,9,-1,-1,-1,-1,-1,-1,-1,-1,-1,-1,-1,-1,-1,-1,0,19,SD,30,,-1,,-1,,90,,-1,True,"[""Magic Resistance""]",Cha,,I,,,True,"[""Multiattack"",""Shapechanger""]",False,False,,"B, R",,-1,0,,,,False,"[""radiant"",{""cond"":true,""note"":""from nonmagical attacks"",""resist"":[""bludgeoning"",""piercing"",""slashing""]}]",,,"[""charmed"",""exhaustion"",""frightened""]","[""all"",""telepathy 120 ft.""]","TP,XX",mace,,"MLW,MW",MM,False,"[""Angels""]",,-1,,,True,-1,0,0,0,0,0,0,0,0,1,0,0,0,0,0,0,0,0,1,0,1,1,1,1,1,0,0,1,1,1,1,1,1,1,1,1,1,1,1,1,1,0,0,0,0,1,1,0,1,1,0,1,1,0,1,0,0,1,0,0,1,1,1,0,1
770,770,Yuan-ti Malison (Type 2),0,0,9,12,66,12d8 + 12,N E,monstrosity,"shapechanger, yuan-ti",,M,16,14,13,14,12,16,-1,-1,-1,-1,-1,-1,-1,-1,-1,-1,-1,4,-1,-1,-1,-1,5,-1,-1,-1,-1,-1,-1,-1,0,11,D,30,,-1,,-1,,-1,,-1,True,"[""Magic Resistance"",""Shapechanger""]",Cha,,"F,I",,"[""wisdom""]",True,"[""Multiattack""]",False,False,,"I,P",,-1,0,,,,False,,,"[""poison""]","[""poisoned""]","[""Abyssal"",""Common"",""Draconic""]","AB,C,DR",,"forest, swamp, desert",MW,MM,False,,,-1,,,True,-1,0,0,0,0,0,0,0,0,1,0,0,0,0,0,0,0,1,1,1,1,1,1,1,1,1,1,1,0,1,1,1,1,0,1,1,1,1,1,1,1,0,0,0,0,1,1,1,1,1,0,1,1,0,1,0,0,0,0,0,1,1,1,0,1
936,936,Young Emerald Dragon,0,0,14,17,142,15d10 + 60,L N,dragon,gem,,L,21,12,19,16,14,16,6,-1,5,7,4,-1,6,-1,-1,8,-1,4,-1,-1,-1,-1,6,-1,-1,-1,-1,-1,-1,-1,0,18,"B, SD",40,,30,,-1,,60,,-1,True,"[""Tunneler""]",Int,,P,"[""invisible""]","[""wisdom""]",True,"[""Breath Weapon"",""Multiattack""]",False,False,,"P,S,Y","[""intelligence""]",-1,0,,,,False,"[""fire"",""psychic""]",,,,"[""Common"",""Draconic"",""telepathy 120 ft.""]","C,DR,TP",,,"AOE, MW, RCH",FTD,False,"[""Gem Dragon""]",,-1,,True,,-1,0,0,0,0,0,0,0,0,1,0,0,0,0,0,0,0,0,1,0,0,0,1,0,1,1,0,1,0,1,1,1,1,0,1,1,1,1,1,1,1,0,0,0,0,0,1,0,1,1,0,0,1,0,1,0,0,1,0,0,1,1,0,1,1
3163,3163,Gibberling,0,1,6,12,7,2d6,C E,fiend,demon,,S,13,14,11,5,7,5,-1,-1,-1,-1,-1,-1,-1,-1,-1,-1,-1,-1,-1,-1,-1,-1,-1,-1,-1,-1,-1,-1,-1,-1,0,8,SD,30,,-1,,-1,,-1,,-1,True,,,,,,,True,,False,False,,P,,-1,0,,,,False,,,,"[""charmed""]","[""Gibberling""]",,,,MW,QftIS,False,,,-1,,,,-1,0,0,0,0,0,0,0,0,1,0,0,0,0,0,0,0,1,1,1,1,1,1,1,1,1,1,1,1,1,1,1,1,1,1,1,1,1,1,1,1,0,0,0,0,1,1,1,1,1,0,1,1,0,1,0,1,1,0,0,1,1,1,1,1
1011,1011,"Tyreus, Illusionist",0,0,19,13,156,24d8 + 48,N E,humanoid,Human,,M,10,16,14,20,15,16,-1,10,7,-1,-1,-1,12,10,-1,7,-1,-1,-1,-1,-1,-1,8,-1,-1,-1,-1,-1,-1,-1,0,17,,30,,-1,,-1,,-1,,-1,True,"[""Legendary Resistances""]",Int,"F,L,O,T, Y",CW,"[""blinded"",""deafened"",""frightened"",""incapacitated"",""invisible"",""restrained""]","[""charisma"",""constitution"",""dexterity"",""intelligence"",""wisdom""]",True,,False,False,,P,,-1,0,,,,False,"[{""special"":""damage from spells""},{""cond"":true,""note"":""(from stoneskin)"",""preNote"":""nonmagical"",""resist"":[""bludgeoning"",""piercing"",""slashing""]}]",,,,"[""Common"",""Deep Speech"",""Draconic"",""Primordial"",""Sylvan""]","C,DR,DS,P,S",dagger,,"MLW,MW, RW, THW",AitFR-FCD,False,,,-1,,,,-1,0,0,0,0,0,0,0,0,1,0,0,0,0,0,0,0,1,0,0,1,1,1,0,0,1,0,1,1,1,1,1,1,0,1,1,1,1,1,1,1,0,0,1,0,1,1,1,1,1,0,1,1,0,1,0,0,1,0,0,1,1,1,1,1
226,226,Astral Elf Star Priest,0,0,11,13,90,20d8,A,humanoid,cleric,,M,11,11,10,16,20,17,6,6,8,-1,-1,-1,-1,-1,-1,-1,-1,-1,-1,-1,-1,-1,-1,-1,8,-1,-1,6,-1,-1,0,15,D,30,,-1,,-1,,-1,,-1,True,"[""Fey Ancestry"",""Unusual Nature""]",Wis,,O,"[""paralyzed""]","[""wisdom""]",True,"[""Multiattack""]",True,False,,"P,R","[""dexterity""]",-1,0,,,,False,,,,,"[""Celestial"",""Common"",""Elvish""]","C,CE,E",morningstar,,"MLW,MW",BAM,False,,,-1,,,,-1,0,0,0,0,0,0,0,0,1,0,0,0,0,0,0,0,0,0,0,1,1,1,1,1,1,1,1,1,1,1,1,1,1,1,0,1,1,0,1,1,0,0,0,0,1,1,1,1,1,0,0,1,0,1,0,0,1,0,0,1,1,1,1,1
2613,2613,Young Horizonback Tortoise,0,1,9,15,68,8d12 + 16,U,beast,,,H,19,11,15,2,12,5,-1,-1,-1,-1,-1,-1,-1,-1,-1,-1,-1,-1,-1,-1,-1,-1,-1,-1,-1,-1,-1,-1,-1,-1,0,11,,30,,-1,,-1,,-1,,-1,True,"[""Amphibious""]",,,,,,True,,False,False,"[""prone""]",P,"[""strength""]",-1,0,,,,False,,,,,"[""understands Goblin but can't speak""]","CS,GO",,,"MW, RCH",CRCotN,False,,,-1,,,,-1,0,0,0,0,0,0,0,0,1,0,0,0,0,0,0,0,1,1,1,1,1,1,1,1,1,1,1,1,1,1,1,1,1,1,1,1,1,1,1,1,0,0,1,0,1,1,1,1,0,0,0,1,0,1,0,0,1,0,0,1,1,1,1,1
2069,2069,Savager,0,0,14,17,105,10d10 + 50,N E,beast,,,L,22,14,21,2,10,13,-1,-1,-1,8,5,-1,-1,-1,-1,3,-1,-1,-1,-1,-1,-1,-1,-1,-1,-1,-1,-1,-1,-1,0,13,D,40,,-1,,20,,-1,,-1,True,,,,,,,True,"[""Multiattack""]",False,False,,"P,S","[""strength""]",-1,0,,,,False,"[{""cond"":true,""note"":""from nonmagical attacks"",""resist"":[""bludgeoning"",""piercing"",""slashing""]}]",,,"[""charmed"",""frightened""]",,,,forest,MW,ToB1-2023,False,,,-1,,,,-1,0,0,0,0,0,0,0,0,1,0,0,0,0,0,0,0,1,1,1,0,0,1,1,1,1,0,1,1,1,1,1,1,1,1,1,1,1,1,1,1,0,0,0,0,1,0,1,1,1,0,0,1,0,1,1,1,0,0,0,1,1,1,1,1
2107,2107,Guardian Giant,0,0,14,19,137,11d12 + 66,L N,giant,,,H,24,17,22,10,18,12,-1,-1,7,-1,6,-1,-1,-1,7,10,-1,-1,-1,-1,-1,-1,-1,-1,-1,-1,-1,-1,-1,-1,0,20,,40,,-1,,-1,,-1,,-1,True,,,,,,,True,"[""Multiattack""]",False,True,,P,,-1,0,,,,False,,,,,"[""Common"",""Giant""]","C,GI",spear,,"MLW,MW, RCH, RW, THW",GGR,False,,,-1,,,,-1,0,0,0,0,0,0,0,0,1,0,0,0,0,0,0,0,1,1,0,1,0,1,1,1,0,0,1,1,1,1,1,1,1,1,1,1,1,1,1,1,0,0,1,0,1,1,1,1,1,0,1,1,0,1,0,0,1,0,0,1,1,1,1,1
2459,2459,Spawn of Kyuss,0,0,11,10,76,9d8 + 36,C E,undead,,,M,16,11,18,5,7,3,-1,-1,1,-1,-1,-1,-1,-1,-1,-1,-1,-1,-1,-1,-1,-1,-1,-1,-1,-1,-1,-1,-1,-1,0,8,D,30,,-1,,-1,,-1,,-1,True,"[""Regeneration"",""Unusual Nature""]",,,,,,True,"[""Multiattack""]",False,False,,"N,P,S","[""dexterity""]",-1,0,,,,False,,,"[""poison""]","[""exhaustion"",""poisoned""]","[""understands the languages it knew in life but can't speak""]","CS,LF",,"desert, underdark","DIS, MW",MPMM,False,,,-1,,,,-1,0,0,0,0,0,0,0,0,1,0,0,0,0,0,0,0,1,1,0,1,1,1,1,1,1,1,1,1,1,1,1,1,1,1,1,1,1,1,1,1,0,0,0,0,1,1,1,1,1,0,0,1,0,1,0,0,0,0,0,1,1,1,1,1
785,785,Fog Giant,0,0,17,16,200,16d12 + 96,N E,giant,,,H,27,10,22,12,16,16,7,-1,7,10,-1,-1,-1,-1,7,7,-1,-1,-1,-1,-1,-1,-1,-1,-1,-1,7,-1,-1,-1,0,17,,40,,-1,,-1,,-1,,-1,True,"[""Keen Senses""]",Cha,,I,,"[""dexterity""]",True,"[""Multiattack""]",False,False,,"B, S",,-1,0,,,,False,,,,,"[""Common"",""Giant""]","C,GI",greatsword,,"MLW,MW, RCH, RW",MFF,False,,,-1,,,,-1,0,0,0,0,0,0,0,0,1,0,0,0,0,0,0,0,0,1,0,0,1,1,1,1,0,0,1,1,1,1,1,1,1,1,1,1,0,1,1,1,0,0,1,0,1,1,1,1,1,0,1,1,0,1,0,0,1,0,0,1,1,1,1,1
1172,1172,Obzedat Ghost,0,0,14,14,110,20d8 + 20,L E,undead,,,M,10,10,13,18,20,17,-1,7,8,-1,-1,-1,-1,-1,8,8,-1,-1,-1,-1,-1,-1,-1,-1,-1,-1,-1,-1,-1,-1,0,18,D,0,,-1,,-1,hover,30,,-1,True,"[""Incorporeal Movement"",""Legendary Resistances""]",Wis,"N,R",I,,"[""wisdom""]",True,,False,False,,"N,O","[""constitution"",""wisdom""]",-1,0,,,,False,"[""acid"",""cold"",""fire"",""lightning"",""thunder"",{""cond"":true,""note"":""from nonmagical attacks"",""resist"":[""bludgeoning"",""piercing"",""slashing""]}]",,"[""necrotic"",""poison""]","[""charmed"",""exhaustion"",""grappled"",""paralyzed"",""petrified"",""poisoned"",""prone"",""restrained""]","[""Common""]",C,,,"HPR, MW",GGR,False,,,-1,,,,-1,0,0,0,0,0,0,0,0,1,0,0,0,0,0,0,0,1,0,0,1,1,1,1,1,0,0,1,1,1,1,1,1,1,1,1,1,1,1,1,1,0,0,0,0,1,1,0,1,1,0,0,1,0,1,0,0,1,0,0,1,1,1,1,1
1044,1044,Manshoon Simulacrum,0,0,14,12,126,23d8 + 23,L E,humanoid,Human,,M,10,14,12,23,15,16,-1,11,7,-1,-1,-1,12,12,-1,-1,-1,-1,-1,-1,-1,-1,-1,-1,-1,-1,-1,-1,-1,-1,0,12,D,30,,-1,,-1,,-1,,-1,False,,Int,"B, C,F,L,O",CW,,"[""dexterity"",""wisdom""]",True,,False,False,,B,,-1,0,,,,False,,,,,"[""Common"",""Draconic"",""Goblin"",""Infernal"",""Orc"",""Undercommon""]","C,DR,GO,I,O,U",,,MW,WDH,False,,,-1,,,,-1,0,0,0,0,0,0,0,0,1,0,0,0,0,0,0,0,1,0,0,1,1,1,0,0,1,1,1,1,1,1,1,1,1,1,1,1,1,1,1,1,0,0,0,0,1,1,1,1,1,0,1,1,0,1,0,0,1,0,0,1,1,1,1,1
2873,2873,Griffon Cavalry Rider,0,1,8,17,58,9d8 + 18,A,humanoid,any,,M,14,15,14,10,12,10,-1,-1,-1,-1,-1,-1,-1,-1,-1,3,-1,-1,-1,-1,3,4,-1,-1,-1,-1,-1,-1,-1,-1,0,13,,30,,-1,,-1,,-1,,-1,False,,,,,,,True,,False,False,,P,,-1,0,,,,False,,,,,"[""any one language (usually Common)""]","C,X","dagger, lance",,"MLW,MW, RCH",WDH,False,,,-1,,,,-1,0,0,0,0,0,0,0,0,1,0,0,0,0,0,0,0,1,1,1,1,1,1,1,1,1,0,1,1,1,1,0,0,1,1,1,1,1,1,1,1,0,0,1,0,1,1,1,1,1,0,1,1,0,1,0,0,1,0,0,1,1,1,1,1
2886,2886,Nevermind Gnome Inventor,0,0,8,14,36,8d6 + 8,A,humanoid,,,S,8,17,13,18,11,14,-1,6,-1,-1,5,-1,6,-1,-1,2,-1,-1,6,-1,-1,-1,-1,-1,-1,-1,-1,-1,-1,-1,1,12,D,30,,-1,,-1,,-1,,-1,True,,,,,,,True,"[""Multiattack""]",False,True,"[""blinded""]","P,T","[""constitution"",""dexterity""]",-1,0,,,,False,,,,,"[""Common"",""Gnomish""]",C G,,,"AOE, MW, RW",MCV2DC,False,,,-1,,,,-1,0,0,0,0,0,0,0,0,1,0,0,0,0,0,0,0,1,0,1,1,0,1,0,1,1,0,1,1,0,1,1,1,1,1,1,1,1,1,1,1,0,0,0,0,1,1,1,1,0,0,0,1,0,1,0,0,1,0,0,1,1,1,1,1
2134,2134,Gloamwing,0,0,14,16,136,16d10 + 48,N E,undead,,,L,20,16,17,2,11,6,-1,-1,-1,-1,6,8,-1,-1,-1,3,-1,6,-1,-1,-1,-1,-1,-1,-1,-1,-1,-1,-1,-1,0,13,SD,30,,-1,,-1,,60,,-1,True,"[""Flyby"",""Sunlight Sensitivity""]",,,,,,True,"[""Multiattack""]",False,False,,"P,S",,-1,0,,,,False,"[""necrotic"",{""cond"":true,""note"":""from nonmagical attacks"",""resist"":[""bludgeoning"",""piercing"",""slashing""]}]",,"[""poison""]","[""charmed"",""exhaustion"",""frightened"",""poisoned""]","[""understands Common""]",C,,,MW,GGR,False,,,-1,,,,-1,0,0,0,0,0,0,0,0,1,0,0,0,0,0,0,0,1,1,1,1,0,0,1,1,1,0,1,0,1,1,1,1,1,1,1,1,1,1,1,1,0,0,0,0,1,1,0,1,1,0,1,1,0,1,0,0,1,0,0,1,1,1,1,1
1237,1237,Eldritch Priest,0,0,8,13,22,4d8 + 4,L NX C NY E,humanoid,any,,M,12,11,13,10,15,10,-1,-1,-1,-1,-1,-1,-1,-1,-1,4,-1,-1,-1,-1,-1,-1,-1,-1,-1,-1,-1,2,-1,-1,0,14,,30,,-1,,-1,,-1,,-1,False,,Wis,"N,O,R",CC,"[""incapacitated"",""prone"",""unconscious""]","[""charisma"",""dexterity"",""wisdom""]",True,,False,False,,B,"[""wisdom""]",-1,0,,,,False,,,,,"[""any two languages""]",X,greatclub,,"AOE, MLW,MW",GHLoE,False,,,-1,,,,-1,0,0,0,0,0,0,0,0,1,0,0,0,0,0,0,0,1,1,1,1,1,1,1,1,1,0,1,1,1,1,1,1,1,1,1,1,1,0,1,1,0,0,1,0,1,1,1,1,1,0,0,1,0,1,0,0,1,0,0,1,1,1,1,1
3024,3024,Maw Demon,0,0,7,13,33,6d8 + 6,C E,fiend,demon,,M,14,8,13,5,8,5,-1,-1,-1,-1,-1,-1,-1,-1,-1,-1,-1,-1,-1,-1,-1,-1,-1,-1,-1,-1,-1,-1,-1,-1,0,9,D,30,,-1,,-1,,-1,,-1,False,,,,,,,True,,False,False,"[""prone""]","A, P","[""dexterity""]",-1,0,,,,False,"[""cold"",""fire"",""lightning""]",,"[""poison""]","[""charmed"",""frightened"",""poisoned""]","[""understands Abyssal but can't speak""]","AB,CS",,underdark,"AOE, MW",MPMM,False,,,-1,,,,-1,0,0,0,0,0,0,0,0,1,0,0,0,0,0,0,0,1,1,1,1,1,1,1,1,1,1,1,1,1,1,1,1,1,1,1,1,1,1,1,1,0,0,0,0,1,1,1,1,0,0,0,1,0,1,0,0,0,0,0,1,1,1,1,1
111,111,Skabatha Nightshade,0,0,14,16,150,20d8 + 60,N E,fey,hag,,M,18,9,16,12,16,15,5,4,6,6,-1,-1,7,-1,-1,6,-1,2,-1,-1,-1,-1,5,-1,-1,-1,-1,-1,-1,-1,0,16,U,30,,-1,,-1,,-1,,-1,True,,Wis,,O,"[""charmed""]","[""charisma"",""wisdom""]",True,"[""Multiattack""]",True,False,"[""invisible""]",I,,-1,0,,,,False,,,,,"[""Common"",""Elvish"",""Infernal"",""Sylvan""]","C,E,I,S",,,MW,WBtW,False,,,-1,,,,-1,0,0,0,0,0,0,0,0,1,0,0,0,0,0,0,0,0,0,0,0,1,1,0,1,1,0,1,0,1,1,1,1,0,1,1,1,1,1,1,1,0,0,0,0,1,1,1,1,0,0,1,1,0,1,0,0,1,0,0,1,1,1,1,1
2615,2615,Animated Stove,0,1,9,17,50,50d1,U,construct,,,L,14,10,10,3,3,1,-1,-1,-1,-1,-1,-1,-1,-1,-1,-1,-1,-1,-1,-1,-1,-1,-1,-1,-1,-1,-1,-1,-1,-1,0,6,B,30,,-1,,-1,,-1,,-1,False,,,,,,,True,,False,False,,"B, F","[""dexterity""]",-1,0,,,,False,,,,,,,,,"AOE, MW",WDMM,False,,,-1,,,,-1,0,0,0,0,0,0,0,0,1,0,0,0,0,0,0,0,1,1,1,1,1,1,1,1,1,1,1,1,1,1,1,1,1,1,1,1,1,1,1,1,0,0,0,0,1,1,1,1,1,0,0,1,0,1,1,1,1,0,0,1,1,1,1,1
2252,2252,B'rohg,0,0,12,14,92,8d12 + 40,A,giant,,,H,21,14,21,5,10,7,-1,-1,-1,-1,-1,-1,-1,-1,-1,-1,-1,-1,-1,-1,-1,8,-1,-1,-1,-1,-1,-1,-1,6,0,10,,40,,-1,,-1,,-1,,-1,False,,,,,,,True,"[""Multiattack""]",False,False,"[""grappled""]",B,"[""dexterity""]",-1,0,,,,False,,,,,,,,,"MW, RCH, RW",BAM,False,,,-1,,,,-1,0,0,0,0,0,0,0,0,1,0,0,0,0,0,0,0,1,1,1,1,1,1,1,1,1,1,1,1,1,1,1,0,1,1,1,1,1,1,1,0,0,0,1,0,1,1,1,1,0,0,0,1,0,1,1,1,1,0,0,1,1,1,1,1
2540,2540,Wolfwere,0,0,10,13,55,10d8 + 10,C E,humanoid,,,M,18,14,12,10,8,15,-1,-1,-1,-1,-1,-1,-1,-1,-1,4,-1,-1,-1,-1,-1,-1,-1,-1,-1,-1,-1,-1,-1,-1,0,13,,30,,-1,,-1,,-1,,-1,True,"[""Keen Senses"",""Pack Tactics""]",,,,,,True,"[""Multiattack"",""Shapechanger""]",False,False,"[""prone""]","P,S","[""strength"",""wisdom""]",-1,0,,,,False,,,"[{""cond"":true,""immune"":[""bludgeoning"",""piercing"",""slashing""],""note"":""damage from nonmagical weapons that aren't iron""}]",,"[""Common (can't speak in wolf form)""]","C,CS",longsword,,"MLW,MW",MaBJoV,False,,,-1,,,,-1,0,0,0,0,0,0,0,0,1,0,0,0,0,0,0,0,1,1,1,1,1,1,1,1,1,0,1,1,1,1,1,1,1,1,1,1,1,1,1,1,0,0,1,0,1,1,1,1,0,0,0,1,0,1,0,0,1,0,0,1,1,1,1,1
811,811,Rakdos,0,0,30,20,300,24d12 + 144,C E,fiend,demon,,H,26,15,22,14,18,30,17,-1,11,13,-1,15,-1,-1,-1,-1,17,-1,-1,-1,-1,-1,-1,17,-1,-1,17,-1,-1,-1,0,14,U,40,,-1,,-1,,80,,-1,True,"[""Legendary Resistances"",""Magic Resistance"",""Magic Weapons""]",Cha,F,I,,"[""dexterity""]",True,"[""Multiattack""]",False,False,"[""charmed"",""poisoned""]","F,S","[""constitution"",""wisdom""]",-1,0,,,,False,"[""necrotic"",{""cond"":true,""note"":""from nonmagical attacks"",""resist"":[""bludgeoning"",""piercing"",""slashing""]}]",,"[""fire"",""poison""]","[""charmed"",""exhaustion"",""frightened"",""poisoned""]","[""Abyssal"",""Common""]","AB,C",,,"MW, RCH",GGR,False,,,-1,,,,-1,0,0,0,0,0,0,0,0,1,0,0,0,0,0,0,0,0,1,0,0,1,0,1,1,1,1,0,1,1,1,1,1,1,0,1,1,0,1,1,1,0,0,0,0,1,1,0,1,0,0,0,1,0,1,0,0,1,0,0,1,1,1,1,1
1442,1442,Dust Goblin,0,0,4,14,16,3d6 + 6,N E,humanoid,goblinoid,,S,8,16,14,10,8,8,-1,-1,-1,-1,-1,-1,-1,-1,-1,-1,-1,7,-1,-1,-1,-1,-1,-1,-1,-1,-1,-1,-1,-1,0,9,D,30,,-1,,-1,,-1,,-1,True,,,,,,,True,,False,False,"[""frightened""]",P,"[""wisdom""]",-1,0,,,,False,,,,"[""charmed"",""frightened""]","[""Common"",""Goblin""]","C,GO","light crossbow, shortsword","badlands, desert","MLW,MW, RW",ToB1-2023,False,,,-1,,,,-1,0,0,0,0,0,0,0,0,1,0,0,0,0,0,0,0,1,1,1,1,1,1,1,1,1,1,1,0,1,1,1,1,1,1,1,1,1,1,1,1,0,0,0,0,1,1,1,1,0,0,0,1,0,1,0,0,0,0,0,1,1,1,1,1
1950,1950,Aboleth,0,0,16,17,135,18d10 + 36,L E,aberration,,,L,21,9,15,18,15,18,-1,8,6,6,-1,-1,-1,12,-1,10,-1,-1,-1,-1,-1,-1,-1,-1,-1,-1,-1,-1,-1,-1,0,20,SD,10,,-1,,-1,,-1,,40,True,"[""Amphibious""]",,,,,,True,"[""Multiattack"",""Tentacles""]",False,False,"[""charmed""]","A, B, Y","[""constitution"",""wisdom""]",-1,0,Y,"[""intelligence"",""strength"",""wisdom""]","[""prone""]",False,,,,,"[""Deep Speech"",""telepathy 120 ft.""]","DS,TP",,underdark,"DIS, MW, RCH",MM,False,,,-1,,,True,-1,0,0,0,0,0,0,0,0,1,0,0,0,0,0,0,0,1,0,0,0,1,1,1,0,1,0,1,1,1,1,1,1,1,1,1,1,1,1,1,1,0,0,0,0,1,1,1,0,0,0,0,1,0,1,0,0,0,0,0,1,1,1,0,1
358,358,Prismari Professor of Expression,0,0,13,13,97,15d8 + 30,A,humanoid,sorcerer,,S M,14,16,15,15,13,19,7,5,4,-1,6,-1,5,-1,-1,4,10,-1,-1,6,-1,5,-1,-1,-1,-1,-1,-1,-1,-1,0,14,,40,,-1,,-1,,-1,,-1,False,,Cha,,O,,"[""strength""]",True,"[""Multiattack""]",True,False,,"F,L","[""dexterity""]",-1,0,,,,False,"[""fire"",""lightning""]",,,,"[""Common plus any four languages""]","C,X",,,"AOE, RCH",SCC,False,,,-1,,,,-1,0,0,0,0,0,0,0,0,1,0,0,0,0,0,0,0,0,0,0,1,0,1,0,1,1,0,0,1,1,0,1,0,1,1,1,1,1,1,1,1,0,0,1,0,1,1,1,1,1,0,0,1,0,1,0,0,1,0,0,1,1,1,1,1
1386,1386,Maxeene,0,0,4,10,19,3d10 + 3,U,beast,,,L,18,10,12,10,11,7,-1,-1,-1,-1,-1,-1,-1,-1,-1,-1,-1,-1,-1,-1,-1,-1,-1,-1,-1,-1,-1,-1,-1,-1,0,10,,40,,-1,,-1,,-1,,-1,False,,,,,,,True,,False,False,,B,,-1,0,,,,False,,,,,"[""Common""]",C,,,MW,WDH,False,,,-1,,,,-1,0,0,0,0,0,0,0,0,1,0,0,0,0,0,0,0,1,1,1,1,1,1,1,1,1,1,1,1,1,1,1,1,1,1,1,1,1,1,1,1,0,0,1,0,1,1,1,1,1,0,1,1,0,1,0,0,1,0,0,1,1,1,1,1
1431,1431,Sprite,0,0,4,15,2,1d4,N G,fey,,,T,3,18,10,14,13,11,-1,-1,-1,-1,-1,-1,-1,-1,-1,3,-1,8,-1,-1,-1,-1,-1,-1,-1,-1,-1,-1,-1,-1,0,13,,10,,-1,,-1,,40,,-1,False,,,,,,,True,,False,False,"[""invisible"",""poisoned""]","P,S","[""charisma"",""constitution""]",-1,0,,,,False,,,,,"[""Common"",""Elvish"",""Sylvan""]","C,E,S","longsword, shortbow",forest,"MLW,MW, RNG, RW",MM,True,,True,1,"wizard, warlock",,True,-1,0,0,0,0,0,0,0,0,1,0,0,0,0,0,0,0,1,1,1,1,1,1,1,1,1,0,1,0,1,1,1,1,1,1,1,1,1,1,1,1,0,0,1,0,1,1,0,1,0,0,0,1,0,1,0,0,0,0,0,0,0,1,0,1
1494,1494,Gnoll Witherling,0,0,4,12,11,2d8 + 2,C E,undead,,,M,14,8,12,5,5,5,-1,-1,-1,-1,-1,-1,-1,-1,-1,-1,-1,-1,-1,-1,-1,-1,-1,-1,-1,-1,-1,-1,-1,-1,0,7,D,30,,-1,,-1,,-1,,-1,True,"[""Rampage""]",,,,,,True,"[""Multiattack""]",False,True,,"B, P",,-1,0,,,,False,,,"[""poison""]","[""exhaustion"",""poisoned""]","[""understands Gnoll but can't speak""]","CS,OTH",club,"grassland, forest, hill, arctic","MLW,MW",VGM,False,,,-1,,,True,-1,0,0,0,0,0,0,0,0,1,0,0,0,0,0,0,0,1,1,1,1,1,1,1,1,1,1,1,1,1,1,1,1,1,1,1,1,1,1,1,1,0,0,0,0,1,1,1,1,1,0,1,1,0,1,0,0,0,0,0,1,1,1,0,1
1151,1151,Naes Inuus,0,0,19,18,187,25d8 + 75,L G,humanoid,Human,,M,14,14,16,13,20,14,-1,-1,10,8,-1,-1,-1,-1,10,-1,-1,-1,-1,-1,-1,-1,-1,-1,15,-1,7,11,-1,-1,0,15,D,30,,-1,,-1,,-1,,-1,False,,Wis,S,O,"[""blinded"",""deafened"",""stunned""]","[""charisma"",""dexterity"",""wisdom""]",True,,False,True,,"B, R","[""constitution""]",-1,0,,,,False,"[""necrotic""]",,,,"[""Celestial"",""Common"",""Elvish""]","C,CE,E",mace,,"AOE, MLW,MW",MaBJoV,False,,,-1,,,,-1,0,0,0,0,0,0,0,0,1,0,0,0,0,0,0,0,1,1,0,0,1,1,1,1,0,1,1,1,1,1,1,1,1,1,0,1,0,0,1,1,0,0,0,0,1,1,1,1,1,0,0,1,0,1,0,0,1,0,0,1,1,1,1,1
3039,3039,Goblin Boss,0,0,7,17,21,6d6,N E,humanoid,goblinoid,,S,10,14,10,10,8,10,-1,-1,-1,-1,-1,-1,-1,-1,-1,-1,-1,6,-1,-1,-1,-1,-1,-1,-1,-1,-1,-1,-1,-1,0,9,D,30,,-1,,-1,,-1,,-1,True,,,,,,,True,"[""Multiattack""]",False,True,,"P,S",,-1,0,,,,False,,,,,"[""Common"",""Goblin""]","C,GO","javelin, scimitar","underdark, grassland, forest, hill","MLW,MW, RW, THW",MM,False,,,-1,,,True,-1,0,0,0,0,0,0,0,0,1,0,0,0,0,0,0,0,1,1,1,1,1,1,1,1,1,1,1,0,1,1,1,1,1,1,1,1,1,1,1,1,0,0,0,0,1,1,1,1,1,0,1,1,0,1,0,0,0,0,0,1,1,1,0,1
3015,3015,Giant Ram,0,0,7,13,28,3d10 + 12,U,fey,,,L,19,12,18,3,14,10,-1,-1,-1,-1,-1,-1,-1,-1,-1,-1,-1,-1,-1,-1,-1,-1,-1,-1,-1,-1,-1,-1,-1,-1,0,12,,50,,-1,,-1,,-1,,-1,True,"[""Magic Resistance""]",,,,,,True,,False,True,"[""prone""]","B, O","[""strength""]",-1,0,,,,False,"[""cold"",""fire"",""lightning""]",,,,,,,,MW,BGG,False,,,-1,,,,-1,0,0,0,0,0,0,0,0,1,0,0,0,0,0,0,0,1,1,1,1,1,1,1,1,1,1,1,1,1,1,1,1,1,1,1,1,1,1,1,1,0,0,1,0,1,1,1,1,0,0,0,1,0,1,1,1,1,0,0,1,1,1,1,1
1260,1260,Priest,0,0,8,13,27,5d8 + 5,A,humanoid,any,,M,10,10,12,13,16,13,-1,-1,-1,-1,-1,-1,-1,-1,-1,-1,-1,-1,-1,-1,-1,-1,-1,-1,7,-1,3,5,-1,-1,0,13,,30,,-1,,-1,,-1,,-1,True,,Wis,"N,O,R",CC,,"[""dexterity"",""wisdom""]",True,,False,False,,"B, R",,-1,0,,,,False,,,,,"[""any two languages""]",X,mace,urban,"MLW,MW",MM,False,,,-1,,,True,-1,0,0,0,0,0,0,0,0,1,0,0,0,0,0,0,0,1,1,1,1,1,1,1,1,1,1,1,1,1,1,1,1,1,1,0,1,0,0,1,1,0,0,1,0,1,1,1,1,1,0,1,1,0,1,0,0,0,0,0,1,1,1,0,1
196,196,Ancient Topaz Dragon,0,0,26,20,280,17d20 + 102,C N,dragon,gem,,G,23,12,23,20,19,20,11,-1,10,12,7,-1,-1,-1,-1,16,-1,7,-1,-1,-1,-1,-1,17,-1,-1,-1,-1,-1,-1,0,26,"B, SD",40,,-1,,-1,,80,,40,True,"[""Amphibious"",""Legendary Resistances""]",Int,B,P,,"[""charisma"",""strength""]",True,"[""Breath Weapon"",""Multiattack"",""Shapechanger""]",True,False,,"N,P,S","[""constitution""]",-1,0,N,"[""constitution"",""wisdom""]",,False,"[""cold"",""necrotic""]",,,,"[""Common"",""Draconic"",""telepathy 120 ft.""]","C,DR,TP",,,"AOE, MW, RCH",FTD,False,"[""Gem Dragon""]",,-1,,True,,-1,0,0,0,0,0,0,0,0,1,0,0,0,0,0,0,0,0,1,0,0,0,1,1,1,1,0,1,0,1,1,1,1,1,0,1,1,1,1,1,1,0,0,0,0,1,1,0,0,1,0,0,1,0,1,0,0,1,0,0,1,1,0,1,1
408,408,Swarm of Manabane Scarabs,0,0,10,15,82,11d8 + 33,U,beast,,True,M,3,16,16,1,13,2,-1,-1,-1,-1,-1,-1,-1,-1,-1,3,-1,5,-1,-1,-1,-1,-1,-1,-1,-1,-1,-1,-1,-1,0,13,"B, D, T",20,,10,,20,,10,,-1,True,,,,,,,True,,True,False,,P,,-1,0,,,,False,"[""bludgeoning"",""piercing"",""slashing""]",,,"[""charmed"",""frightened"",""grappled"",""paralyzed"",""petrified"",""prone"",""restrained"",""stunned""]",,,,desert,MW,ToB1-2023,False,,,-1,,,,-1,0,0,0,0,0,0,0,0,0,0,0,0,0,0,0,0,1,1,1,1,1,1,1,1,1,0,1,0,1,1,1,1,1,1,1,1,1,1,1,1,0,0,0,0,0,0,0,1,1,0,1,1,0,1,1,1,0,0,0,1,1,1,1,1
58,58,Duergar Warlord,0,0,12,20,75,10d8 + 30,A,humanoid,dwarf,,M,18,11,17,12,12,14,-1,-1,-1,-1,-1,-1,-1,-1,-1,-1,-1,-1,-1,-1,-1,-1,-1,-1,-1,-1,-1,-1,-1,-1,0,11,SD,25,,-1,,-1,,-1,,-1,True,"[""Sunlight Sensitivity""]",,,,,,True,"[""Multiattack""]",True,True,"[""invisible""]","B, P,Y",,-1,0,,,,False,"[""poison""]",,,,"[""Dwarvish"",""Undercommon""]","D, U",javelin,"mountain, underdark","MLW,MW, RW, THW",MPMM,False,,,-1,,,,-1,0,0,0,0,0,0,0,0,1,0,0,0,0,0,0,0,1,1,1,1,1,1,1,1,1,1,1,1,1,1,1,1,1,1,1,1,1,1,1,1,0,0,0,0,1,1,1,1,0,0,1,1,0,1,0,0,0,0,0,1,1,1,1,1
1402,1402,Velociraptor,0,0,4,13,10,3d4 + 3,U,beast,,,T,6,14,13,4,12,6,-1,-1,-1,-1,-1,-1,-1,-1,-1,3,-1,-1,-1,-1,-1,-1,-1,-1,-1,-1,-1,-1,-1,-1,0,13,,30,,-1,,-1,,-1,,-1,True,"[""Pack Tactics""]",,,,,,True,"[""Multiattack""]",False,False,,"P,S",,-1,0,,,,False,,,,,,,,"grassland, forest",MW,VGM,False,"[""Dinosaurs""]",,-1,,,True,-1,0,0,0,0,0,0,0,0,1,0,0,0,0,0,0,0,1,1,1,1,1,1,1,1,1,0,1,1,1,1,1,1,1,1,1,1,1,1,1,1,0,0,1,0,1,1,1,1,1,0,1,1,0,1,1,1,0,0,0,1,1,1,0,1
2300,2300,Red Slaad,0,0,11,14,93,11d10 + 33,C N,aberration,,,L,16,12,16,6,6,7,-1,-1,-1,-1,-1,-1,-1,-1,-1,1,-1,-1,-1,-1,-1,-1,-1,-1,-1,-1,-1,-1,-1,-1,0,11,D,30,,-1,,-1,,-1,,-1,True,"[""Magic Resistance"",""Regeneration""]",,,,,,True,"[""Multiattack""]",False,False,,"P,Y","[""constitution""]",-1,0,,,,False,"[""acid"",""cold"",""fire"",""lightning"",""thunder""]",,,,"[""Slaad"",""telepathy 60 ft.""]","OTH,TP",,,"DIS, MW",MM,False,,,-1,,True,True,-1,0,0,0,0,0,0,0,0,1,0,0,0,0,0,0,0,1,1,1,1,1,1,1,1,1,0,1,1,1,1,1,1,1,1,1,1,1,1,1,1,0,0,0,0,1,1,1,1,1,0,0,1,0,1,0,0,1,0,0,1,1,0,0,1
378,378,Scion of Skoraeus,0,0,29,19,444,24d20 + 192,N,giant,titan,,G,29,20,26,19,24,14,-1,-1,14,-1,12,-1,-1,-1,-1,14,-1,-1,-1,12,-1,-1,-1,-1,-1,-1,-1,-1,-1,-1,0,24,U,60,,-1,,-1,,-1,,-1,True,"[""Legendary Resistances"",""Magic Resistance"",""Siege Monster""]",,,,,,True,"[""Multiattack""]",True,False,"[""blinded"",""grappled"",""prone""]","B, O,R","[""constitution"",""dexterity""]",-1,0,,,,False,"[""cold"",""fire"",""lightning"",{""cond"":true,""note"":""from nonmagical attacks"",""resist"":[""bludgeoning"",""piercing"",""slashing""]}]",,"[""acid""]","[""charmed"",""frightened"",""paralyzed"",""petrified""]","[""Giant"",""Primordial""]","GI,P",,,"AOE, MLW,MW, RCH, RW",BGG,False,,,-1,,,,-1,0,0,0,0,0,0,0,0,1,0,0,0,0,0,0,0,1,1,0,1,0,1,1,1,1,0,1,1,1,0,1,1,1,1,1,1,1,1,1,1,0,0,0,0,1,1,1,1,0,0,0,1,0,1,0,0,1,0,0,1,1,1,1,1
389,389,Fated Shaker,0,0,11,16,76,17d8,A,humanoid,,,S M,10,16,10,15,16,15,-1,5,6,-1,-1,-1,-1,-1,6,6,-1,-1,5,-1,-1,-1,-1,-1,-1,-1,-1,-1,-1,-1,0,16,,30,,-1,,-1,,-1,,-1,False,,Wis,,O,,"[""constitution"",""wisdom""]",True,"[""Multiattack""]",True,False,"[""frightened"",""prone""]","B, R,Y","[""wisdom""]",-1,0,,,,False,,,,,"[""Common plus two more languages""]","C,X",,,MW,MPP,False,,,-1,,,,-1,0,0,0,0,0,0,0,0,1,0,0,0,0,0,0,0,1,0,0,1,1,1,1,1,0,0,1,1,0,1,1,1,1,1,1,1,1,1,1,1,0,0,1,0,1,1,1,1,0,0,0,1,0,1,0,0,1,0,0,1,1,1,1,1
2029,2029,Rot Troll,0,0,15,16,138,12d10 + 72,C E,giant,,,L,18,13,22,5,8,4,-1,-1,-1,-1,-1,-1,-1,-1,-1,3,-1,-1,-1,-1,-1,-1,-1,-1,-1,-1,-1,-1,-1,-1,0,13,D,30,,-1,,-1,,-1,,-1,True,,,,,,,True,"[""Multiattack""]",False,False,,"N,P,S",,-1,0,,,,False,,,"[""necrotic""]",,"[""Giant""]",GI,,"desert, forest, swamp, underdark","AOE, MW",MPMM,False,,,-1,,,,-1,0,0,0,0,0,0,0,0,1,0,0,0,0,0,0,0,1,1,1,1,1,1,1,1,1,0,1,1,1,1,1,1,1,1,1,1,1,1,1,1,0,0,0,0,1,1,1,1,1,0,1,1,0,1,0,0,0,0,0,1,1,1,1,1
157,157,Chelicerae,0,0,13,16,153,18d10 + 54,N E,aberration,,,L,22,17,17,18,15,14,5,-1,5,-1,6,-1,-1,-1,-1,5,-1,6,-1,6,-1,9,-1,-1,-1,-1,-1,-1,-1,-1,0,15,D,40,,-1,,30,,-1,,-1,True,"[""Magic Resistance"",""Spider Climb""]",Int,Y,O,"[""frightened"",""invisible"",""paralyzed""]","[""wisdom""]",True,"[""Multiattack""]",True,False,"[""grappled"",""poisoned"",""unconscious""]","O,P,S","[""constitution"",""dexterity"",""intelligence""]",-1,0,,,,False,,,"[""poison""]","[""charmed"",""poisoned""]","[""understands Common but can't speak""]","C,CS",,"badlands, forest","AOE, MW, RCH",ToB1-2023,False,,,-1,,,,-1,0,0,0,0,0,0,0,0,1,0,0,0,0,0,0,0,0,1,0,1,0,1,1,1,1,0,1,0,1,0,1,0,1,1,1,1,1,1,1,1,0,0,0,0,1,0,1,1,0,0,0,1,0,1,0,0,0,0,0,1,1,1,1,1
2320,2320,Starlight Apparition,0,0,11,10,72,16d8,N G,celestial,,,M,1,11,10,18,16,16,-1,-1,-1,-1,-1,-1,-1,-1,-1,-1,-1,-1,-1,-1,-1,-1,-1,-1,-1,-1,-1,-1,-1,-1,0,13,SD,0,,-1,,-1,hover,30,,-1,True,"[""Illumination"",""Incorporeal Movement"",""Unusual Nature""]",,,,,,True,,False,False,"[""blinded"",""incapacitated""]","O,R","[""charisma"",""wisdom""]",-1,0,,,,False,"[""acid"",""cold"",""fire"",{""cond"":true,""note"":""from nonmagical attacks"",""resist"":[""bludgeoning"",""piercing"",""slashing""]}]",,"[""poison"",""radiant""]","[""blinded"",""charmed"",""exhaustion"",""frightened"",""grappled"",""paralyzed"",""petrified"",""poisoned"",""prone"",""restrained""]","[""the languages it knew in life""]",LF,,,AOE,BAM,False,,,-1,,,,-1,0,0,0,0,0,0,0,0,1,0,0,0,0,0,0,0,1,1,1,1,1,1,1,1,1,1,1,1,1,1,1,1,1,1,1,1,1,1,1,1,0,0,0,0,1,1,0,1,0,0,0,1,0,1,0,0,1,0,0,1,1,1,1,1
1690,1690,Ancient Bronze Dragon,0,0,28,22,444,24d20 + 192,L G,dragon,,,G,29,10,27,18,17,21,12,-1,10,15,7,-1,-1,-1,10,17,-1,7,-1,-1,-1,-1,-1,-1,-1,-1,-1,-1,-1,-1,0,27,"B, SD",40,,-1,,-1,,80,,40,True,"[""Amphibious"",""Legendary Resistances""]",,,,,,True,"[""Breath Weapon"",""Frightful Presence"",""Multiattack"",""Shapechanger""]",False,False,"[""frightened"",""prone""]","B, L,P,S","[""dexterity"",""strength"",""wisdom""]",-1,0,"S,T","[""constitution"",""dexterity"",""strength""]","[""deafened"",""prone""]",False,,,"[""lightning""]",,"[""Common"",""Draconic""]","C,DR",,coastal,"AOE, MW, RCH",MM,False,"[""Metallic Dragon""]",,-1,,True,True,-1,0,0,0,0,0,0,0,0,1,0,0,0,0,0,0,0,0,1,0,0,0,1,1,1,0,0,1,0,1,1,1,1,1,1,1,1,1,1,1,1,0,0,0,0,1,1,0,0,0,0,0,1,0,1,0,0,0,0,0,1,1,0,0,1
2651,2651,Swarm of Gibberlings,0,1,9,12,38,7d10,C E,fiend,,True,L,18,14,11,5,7,5,-1,-1,-1,-1,-1,-1,-1,-1,-1,-1,-1,-1,-1,-1,-1,-1,-1,-1,-1,-1,-1,-1,-1,-1,0,8,SD,30,,-1,,-1,,-1,,-1,True,,,,,,,True,"[""Multiattack""]",False,False,,P,,-1,0,,,,False,"[""bludgeoning"",""piercing"",""slashing""]",,,"[""charmed"",""frightened"",""grappled"",""paralyzed"",""petrified"",""prone"",""restrained"",""stunned""]","[""Gibberling""]",,,,MW,QftIS,False,,,-1,,,,-1,0,0,0,0,0,0,0,0,0,0,0,0,0,0,0,0,1,1,1,1,1,1,1,1,1,1,1,1,1,1,1,1,1,1,1,1,1,1,1,1,0,0,0,0,1,1,1,1,1,0,1,1,0,1,0,1,1,0,0,1,1,1,1,1
1665,1665,Tromokratis,0,0,32,22,409,21d20 + 189,A,monstrosity,titan,,G,30,11,29,22,11,10,-1,14,8,-1,-1,-1,-1,-1,-1,-1,-1,-1,-1,-1,-1,-1,-1,-1,-1,-1,-1,-1,-1,-1,0,10,B,30,,-1,,-1,,-1,,80,True,"[""Amphibious"",""Legendary Resistances"",""Magic Weapons"",""Siege Monster""]",,,,,,True,"[""Multiattack"",""Swallow""]",False,False,"[""blinded"",""grappled"",""prone"",""restrained""]","A, B, P,S","[""constitution"",""dexterity""]",-1,0,,,,True,"[""cold"",""lightning"",""thunder""]",,"[""fire"",{""cond"":true,""immune"":[""bludgeoning"",""piercing"",""slashing""],""note"":""from nonmagical attacks""}]","[""charmed"",""frightened"",""paralyzed"",""restrained""]",,,,,"MW, RCH",MOT,False,,,-1,,,,-1,0,0,0,0,0,0,0,0,1,0,0,0,0,0,0,0,1,0,0,1,1,1,1,1,1,1,1,1,1,1,1,1,1,1,1,1,1,1,1,1,0,0,0,0,1,1,1,0,0,0,0,1,0,1,1,1,1,0,0,1,1,1,1,1
2784,2784,Hunter Shark,0,0,8,12,45,6d10 + 12,U,beast,,,L,18,13,15,1,10,4,-1,-1,-1,-1,-1,-1,-1,-1,-1,2,-1,-1,-1,-1,-1,-1,-1,-1,-1,-1,-1,-1,-1,-1,0,12,B,-1,,-1,,-1,,-1,,40,True,"[""Water Breathing""]",,,,,,True,,False,False,,P,,-1,0,,,,False,,,,,,,,underwater,MW,MM,False,,,-1,,,True,-1,0,0,0,0,0,0,0,0,1,0,0,0,0,0,0,0,1,1,1,1,1,1,1,1,1,0,1,1,1,1,1,1,1,1,1,1,1,1,1,1,0,0,0,1,1,1,1,0,1,0,1,1,0,1,1,1,0,0,0,1,1,1,0,1
140,140,Berbalang,0,0,8,14,49,14d8 - 14,N E,aberration,,,M,9,16,9,17,11,10,-1,5,-1,-1,5,-1,5,5,2,2,-1,-1,-1,-1,-1,-1,-1,-1,-1,-1,-1,5,-1,-1,0,12,U,30,,-1,,-1,,40,,-1,False,,Int,,O,,"[""charisma""]",True,"[""Multiattack""]",True,False,,"P,S,Y",,-1,0,,,,False,,,,,"[""all""]",XX,,desert,MW,MPMM,False,,,-1,,,,-1,0,0,0,0,0,0,0,0,1,0,0,0,0,0,0,0,1,0,1,1,0,1,0,0,0,0,1,1,1,1,1,1,1,1,1,1,1,0,1,1,0,0,0,0,1,1,0,1,1,0,1,1,0,1,0,0,0,0,0,1,1,1,1,1
2439,2439,Wood Woad,0,0,11,18,75,10d8 + 30,L N,plant,,,M,18,12,16,10,13,8,-1,-1,-1,-1,-1,-1,-1,-1,-1,4,-1,4,-1,-1,-1,7,-1,-1,-1,-1,-1,-1,-1,-1,0,14,D,30,,-1,,30,,-1,,-1,True,"[""Camouflage"",""Regeneration"",""Tree Stride""]",,,,,,True,"[""Multiattack""]",False,False,,B,,-1,0,,,,False,"[""bludgeoning"",""piercing""]","[""fire""]",,"[""charmed"",""frightened""]","[""Sylvan""]",S,club,forest,"MLW,MW",VGM,False,,,-1,,,True,-1,0,0,0,0,0,0,0,0,1,0,0,0,0,0,0,0,1,1,1,1,1,1,1,1,1,0,1,0,1,1,1,0,1,1,1,1,1,1,1,1,0,0,0,0,1,0,1,1,1,0,1,1,0,0,0,0,0,0,0,1,1,1,0,1
2549,2549,Guardian Wolf,0,1,10,14,66,7d12 + 21,U,monstrosity,,,H,22,14,16,5,12,8,-1,-1,-1,-1,-1,-1,-1,-1,-1,5,-1,4,-1,-1,-1,-1,-1,-1,-1,-1,-1,-1,-1,-1,0,15,,60,,-1,,-1,,-1,,-1,True,"[""Keen Senses"",""Pack Tactics""]",,,,,,True,"[""Multiattack""]",False,False,"[""prone""]",P,"[""strength""]",-1,0,,,,False,,,,,"[""Common"",""Elvish""]",C E,,,MW,EGW,False,,,-1,,,,-1,0,0,0,0,0,0,0,0,1,0,0,0,0,0,0,0,1,1,1,1,1,1,1,1,1,0,1,0,1,1,1,1,1,1,1,1,1,1,1,1,0,0,1,0,1,1,1,1,0,0,0,1,0,1,0,0,1,0,0,1,1,1,1,1
479,479,Shadow Fey Enchantress,0,0,13,16,123,19d8 + 38,L E,humanoid,Elf,,M,10,15,14,12,17,18,7,-1,6,-1,5,-1,4,-1,-1,6,-1,5,-1,-1,-1,-1,7,-1,-1,-1,7,-1,-1,-1,0,16,D,30,,-1,,-1,,-1,,-1,True,"[""Fey Ancestry"",""Sunlight Sensitivity""]",Cha,Y,O,"[""charmed"",""frightened"",""incapacitated"",""invisible"",""paralyzed"",""prone""]","[""wisdom""]",True,"[""Multiattack""]",True,False,"[""charmed""]","C,N,P,Y","[""charisma""]",-1,0,,,,False,,,,,"[""Common"",""Elvish"",""Umbral""]",C E,rapier,"any, urban","MLW,MW",ToB1-2023,False,,,-1,,,,-1,0,0,0,0,0,0,0,0,1,0,0,0,0,0,0,0,0,1,0,1,0,1,0,1,1,0,1,0,1,1,1,1,0,1,1,1,0,1,1,1,0,0,0,0,1,1,1,1,0,0,0,1,0,1,0,0,0,0,0,1,1,1,1,1
1847,1847,Adult Brass Dragon,0,0,19,18,172,15d12 + 75,C G,dragon,,,H,23,10,21,14,13,17,8,-1,6,10,5,-1,-1,7,-1,11,-1,5,-1,-1,-1,-1,-1,-1,-1,-1,8,-1,-1,-1,0,21,"B, SD",40,,40,,-1,,80,,-1,True,"[""Legendary Resistances""]",,,,,,True,"[""Breath Weapon"",""Frightful Presence"",""Multiattack""]",False,False,"[""frightened"",""prone"",""unconscious""]","B, F,P,S","[""constitution"",""dexterity"",""wisdom""]",-1,0,B,"[""constitution"",""strength""]","[""blinded"",""prone""]",False,,,"[""fire""]",,"[""Common"",""Draconic""]","C,DR",,desert,"AOE, MW, RCH",MM,False,"[""Metallic Dragon""]",,-1,,True,True,-1,0,0,0,0,0,0,0,0,1,0,0,0,0,0,0,0,0,1,0,0,0,1,1,0,1,0,1,0,1,1,1,1,1,1,1,1,0,1,1,1,0,0,0,0,0,1,0,1,0,0,0,1,0,1,0,0,0,0,0,1,1,0,0,1
1479,1479,The Wretched,0,0,4,15,10,4d6 - 4,L E,monstrosity,,,S,7,12,9,5,6,5,-1,-1,-1,-1,-1,-1,-1,-1,-1,-1,-1,-1,-1,-1,-1,-1,-1,-1,-1,-1,-1,-1,-1,-1,0,8,D,40,,-1,,-1,,-1,,-1,True,,,,,,,True,,False,False,,"N,P",,-1,0,,,,False,"[{""cond"":true,""note"":""while in dim light or darkness"",""resist"":[""bludgeoning"",""piercing"",""slashing""]}]",,,,,,,"swamp, underdark, urban",MW,MTF,False,,,-1,,,True,-1,0,0,0,0,0,0,0,0,1,0,0,0,0,0,0,0,1,1,1,1,1,1,1,1,1,1,1,1,1,1,1,1,1,1,1,1,1,1,1,1,0,0,0,0,1,1,1,1,1,0,1,1,0,1,1,1,0,0,0,1,1,1,0,1
1913,1913,Chardalyn Dragon,0,1,17,17,147,14d12 + 56,C E,construct,,,H,24,11,19,10,10,3,-1,-1,-1,8,-1,11,-1,-1,-1,-1,-1,-1,-1,-1,-1,-1,-1,-1,-1,-1,-1,-1,-1,-1,0,10,SD,30,,-1,,-1,,90,,-1,True,"[""Immutable Form"",""Magic Resistance"",""Siege Monster"",""Unusual Nature""]",,,,,,True,"[""Breath Weapon"",""Multiattack""]",False,False,"[""charmed""]","B, R,S","[""dexterity"",""wisdom""]",-1,0,,,,False,"[""radiant"",{""cond"":true,""note"":""from nonmagical attacks"",""resist"":[""bludgeoning"",""piercing"",""slashing""]}]",,"[""cold"",""poison""]","[""charmed"",""exhaustion"",""frightened"",""paralyzed"",""petrified"",""poisoned""]","[""the languages known by its creator""]",,,,"AOE, MW, RCH",IDRotF,False,,,-1,,,,-1,0,0,0,0,0,0,0,0,1,0,0,0,0,0,0,0,1,1,1,0,1,0,1,1,1,1,1,1,1,1,1,1,1,1,1,1,1,1,1,1,0,0,0,0,1,1,0,1,0,0,0,1,0,1,0,1,1,0,0,1,1,1,1,1
1616,1616,Draconian Foot Soldier,0,0,5,14,22,4d8 + 4,A,monstrosity,,,M,13,11,13,8,8,10,-1,-1,-1,-1,-1,-1,-1,-1,-1,-1,-1,-1,-1,-1,-1,-1,-1,-1,-1,-1,-1,-1,-1,-1,0,9,D,30,,-1,,-1,,-1,,-1,True,"[""Death Burst""]",,,,,,True,"[""Multiattack""]",False,False,"[""petrified"",""restrained""]",P,"[""constitution""]",-1,0,,,,False,,,,,"[""Common"",""Draconic""]","C,DR",shortsword,,"AOE, MLW,MW",FTD,False,,,-1,,,,-1,0,0,0,0,0,0,0,0,1,0,0,0,0,0,0,0,1,1,1,1,1,1,1,1,1,1,1,1,1,1,1,1,1,1,1,1,1,1,1,1,0,0,0,0,1,1,1,1,0,0,0,1,0,1,0,0,1,0,0,1,1,1,1,1
972,972,Gypsosphinx,0,0,20,17,190,20d10 + 80,N E,monstrosity,,,L,20,14,18,18,18,18,-1,-1,-1,-1,-1,-1,9,9,-1,9,-1,-1,-1,-1,-1,-1,-1,-1,-1,-1,-1,9,-1,-1,0,19,U,40,,-1,,-1,,70,,-1,True,"[""Magic Weapons""]",Int,,O,"[""invisible""]",,True,"[""Breath Weapon"",""Multiattack""]",False,False,"[""poisoned"",""prone""]","I,N,P,S","[""constitution"",""strength""]",-1,0,,,,False,"[""necrotic"",{""cond"":true,""note"":""from nonmagical attacks"",""resist"":[""bludgeoning"",""piercing"",""slashing""]}]",,"[""poison"",""psychic""]","[""poisoned""]","[""Abyssal"",""Common"",""Darakhul"",""Sphinx""]","AB,C,OTH",,"desert, underdark, urban","AOE, MW, RCH",ToB1-2023,False,,,-1,,,,-1,0,0,0,0,0,0,0,0,1,0,0,0,0,0,0,0,1,1,1,1,1,1,0,0,1,0,1,1,1,1,1,1,1,1,1,1,1,0,1,1,0,0,0,0,1,1,0,1,0,0,0,1,0,1,0,0,0,0,0,1,1,1,1,1
2848,2848,Spined Devil,0,0,8,13,22,5d6 + 5,L E,fiend,devil,,S,10,15,12,11,14,8,-1,-1,-1,-1,-1,-1,-1,-1,-1,-1,-1,-1,-1,-1,-1,-1,-1,-1,-1,-1,-1,-1,-1,-1,0,12,SD,20,,-1,,-1,,40,,-1,True,"[""Devil's Sight"",""Flyby"",""Magic Resistance""]",,,,,,True,"[""Multiattack""]",False,False,,"F,P,S",,-1,0,,,,False,"[""cold"",{""cond"":true,""note"":""from nonmagical attacks that aren't silvered"",""resist"":[""bludgeoning"",""piercing"",""slashing""]}]",,"[""fire"",""poison""]","[""poisoned""]","[""Infernal"",""telepathy 120 ft.""]","I,TP",,,"MW, RW",MM,False,,,-1,,,True,-1,0,0,0,0,0,0,0,0,1,0,0,0,0,0,0,0,1,1,1,1,1,1,1,1,1,1,1,1,1,1,1,1,1,1,1,1,1,1,1,1,0,0,0,0,1,1,0,1,1,0,1,1,0,1,0,0,1,0,0,1,1,1,0,1
112,112,Sofina,0,0,21,14,161,19d8 + 76,N E,humanoid,wizard,,M,12,14,18,20,14,8,-1,10,7,-1,-1,-1,10,10,7,-1,-1,-1,-1,-1,-1,-1,-1,-1,-1,-1,-1,-1,-1,-1,0,12,,30,,-1,,-1,,-1,,-1,True,,Int,"B, N,O,T",O,"[""restrained""]","[""constitution"",""dexterity"",""wisdom""]",True,"[""Multiattack""]",True,False,,"B, F,N","[""dexterity""]",-1,0,,,,False,"[""necrotic""]",,,,"[""Abyssal"",""Common"",""Draconic"",""Infernal"",""Thayan""]","AB,C,DR,I,OTH",,,AOE,HAT-TG,False,,,-1,,,,-1,0,0,0,0,0,0,0,0,1,0,0,0,0,0,0,0,1,0,0,1,1,1,0,0,0,1,1,1,1,1,1,1,1,1,1,1,1,1,1,1,0,0,1,0,1,1,1,1,1,0,0,1,0,1,0,0,1,0,0,1,1,1,1,1
560,560,Sahuagin Warlock of Uk'otoa,0,1,9,14,22,5d8,N E,humanoid,sahuagin,,M,14,10,11,8,8,16,-1,-1,-1,-1,-1,-1,1,-1,-1,-1,-1,-1,-1,-1,-1,-1,-1,-1,-1,-1,5,-1,-1,-1,0,9,SD,30,,-1,,-1,,-1,,40,True,,Cha,"A, C,N,O","CL,I","[""blinded"",""charmed"",""invisible""]","[""dexterity"",""strength"",""wisdom""]",True,"[""Multiattack""]",False,False,"[""incapacitated""]","L,O,P,S","[""constitution"",""dexterity""]",-1,0,,,,False,,,,,"[""Common"",""Sahuagin""]","C,OTH",,,MW,EGW,False,,,-1,,True,,-1,0,0,0,0,0,0,0,0,1,0,0,0,0,0,0,0,1,1,1,1,1,1,0,1,1,1,1,1,1,1,1,1,1,1,1,1,0,1,1,1,0,0,0,0,1,1,1,0,0,0,0,1,0,1,0,0,1,0,0,1,1,0,1,1
2056,2056,Drowned Master,0,1,15,14,157,21d8 + 63,C E,undead,,,M,17,12,16,9,14,12,-1,-1,6,7,-1,-1,-1,-1,-1,10,-1,-1,-1,-1,-1,-1,-1,-1,-1,-1,-1,-1,-1,-1,0,20,D,30,,-1,,-1,,-1,,-1,True,"[""Undead Fortitude""]",,,,,,True,"[""Multiattack""]",False,False,"[""blinded""]","C,N,S","[""constitution""]",-1,0,,,,False,,,"[""poison""]","[""poisoned""]","[""understands the languages it knew in life but can't speak""]","CS,LF",greatsword,,"AOE, MLW,MW, RCH",GoS,False,,,-1,,,,-1,0,0,0,0,0,0,0,0,1,0,0,0,0,0,0,0,1,1,0,0,1,1,1,1,1,0,1,1,1,1,1,1,1,1,1,1,1,1,1,1,0,0,0,0,1,1,1,1,0,0,0,1,0,1,0,0,1,0,0,1,1,1,1,1
1772,1772,Adult Void Dragon,0,0,22,19,229,17d12 + 119,C N,dragon,,,H,24,10,25,16,13,21,10,-1,6,12,5,-1,13,13,-1,11,-1,5,-1,-1,-1,-1,-1,-1,-1,-1,-1,-1,-1,-1,0,21,"B, SD",40,,-1,,-1,hover,80,,-1,True,"[""Legendary Resistances""]",,,,,,True,"[""Breath Weapon"",""Multiattack""]",False,True,"[""prone"",""restrained""]","B, C,F,P,R,S","[""constitution"",""dexterity"",""wisdom""]",-1,0,,"[""constitution"",""strength""]",,False,,,"[""cold""]","[""charmed"",""frightened""]","[""Common"",""Draconic"",""Void Speech""]","C,DR",,planar,"AOE, MW, RCH",ToB1-2023,False,,,-1,,,,-1,0,0,0,0,0,0,0,0,1,0,0,0,0,0,0,0,0,1,0,0,0,1,0,0,1,0,1,0,1,1,1,1,1,1,1,1,1,1,1,1,0,0,0,0,1,1,0,1,0,0,0,1,0,1,0,0,0,0,0,1,1,1,1,1
250,250,Gargantua,0,0,27,17,388,21d20 + 168,C N,aberration,,,G,27,10,26,9,16,18,-1,6,10,-1,7,-1,-1,-1,-1,-1,-1,-1,-1,-1,-1,-1,-1,-1,-1,-1,-1,-1,-1,-1,0,13,SD,60,,-1,,-1,,-1,,-1,True,,,,,,,True,"[""Multiattack""]",True,True,"[""frightened"",""incapacitated"",""prone""]","B, Y","[""charisma"",""strength"",""wisdom""]",-1,0,,,,False,"[""force"",""psychic""]",,,"[""frightened""]","[""Giant""]",GI,,,"MW, RCH, RW",BGG,False,,,-1,,,,-1,0,0,0,0,0,0,0,0,1,0,0,0,0,0,0,0,1,0,0,1,0,1,1,1,1,1,1,1,1,1,1,1,1,1,1,1,1,1,1,1,0,0,0,0,1,1,1,1,0,0,0,1,0,1,0,0,1,0,0,1,1,1,1,1
1557,1557,Aspirant of the Comet,0,0,5,11,27,5d8 + 5,A,humanoid,,,M,13,12,12,11,10,13,-1,-1,-1,-1,-1,-1,-1,-1,-1,-1,-1,-1,-1,-1,-1,-1,-1,-1,-1,-1,-1,-1,-1,-1,0,10,,30,,-1,,-1,,-1,,-1,True,,,,,,,True,,False,False,,"N,P","[""strength""]",-1,0,,,,False,,,,,"[""Common plus any one language""]","C,X",spear,,"AOE, MLW,MW, RW, THW",BMT,False,,,-1,,,,-1,0,0,0,0,0,0,0,0,1,0,0,0,0,0,0,0,1,1,1,1,1,1,1,1,1,1,1,1,1,1,1,1,1,1,1,1,1,1,1,1,0,0,1,0,1,1,1,1,1,0,0,1,0,1,0,0,1,0,0,1,1,1,1,1
820,820,Deathlock,0,0,10,15,36,8d8,L E,undead,,,M,11,15,10,14,12,16,5,4,-1,-1,-1,-1,4,4,-1,-1,-1,-1,-1,-1,-1,-1,-1,-1,-1,-1,-1,-1,-1,-1,0,11,D,30,,-1,,-1,,-1,,-1,True,"[""Turn Resistance""]",Cha,"A, C,N,O","CL,I",,"[""dexterity"",""strength"",""wisdom""]",True,,False,False,,N,,-1,0,,,,False,"[""necrotic"",{""cond"":true,""note"":""from nonmagical attacks that aren't silvered"",""resist"":[""bludgeoning"",""piercing"",""slashing""]}]",,"[""poison""]","[""exhaustion"",""poisoned""]","[""the languages it knew in life""]",LF,,urban,MW,MTF,False,,,-1,,True,True,-1,0,0,0,0,0,0,0,0,1,0,0,0,0,0,0,0,0,0,1,1,1,1,0,0,1,1,1,1,1,1,1,1,1,1,1,1,1,1,1,1,0,0,0,0,1,1,1,1,1,0,1,1,0,1,0,0,0,0,0,1,1,0,0,1
1105,1105,Valindra Shadowmantle,0,0,27,17,135,18d8 + 54,N E,undead,,,M,11,16,16,20,14,16,-1,12,9,10,-1,-1,19,12,9,9,-1,-1,-1,-1,-1,-1,-1,-1,-1,-1,-1,-1,-1,-1,0,19,U,30,,-1,,-1,,-1,,-1,True,"[""Legendary Resistances"",""Rejuvenation"",""Turn Resistance""]",Int,"A, C,F,I,N,O,T",CW,"[""charmed"",""invisible"",""stunned""]","[""charisma"",""constitution"",""dexterity"",""wisdom""]",True,,False,False,"[""frightened"",""paralyzed""]",C N,"[""constitution"",""wisdom""]",-1,0,,,,False,"[""cold"",""lightning"",""necrotic""]",,"[""poison"",{""cond"":true,""immune"":[""bludgeoning"",""piercing"",""slashing""],""note"":""from nonmagical attacks""}]","[""charmed"",""exhaustion"",""frightened"",""paralyzed"",""poisoned""]","[""Common"",""Abyssal"",""Draconic"",""Dwarvish"",""Elvish"",""Infernal""]","AB,C,D,DR,E,I",,,,ToA,False,,,-1,,,,-1,0,0,0,0,0,0,0,0,1,0,0,0,0,0,0,0,1,0,0,0,1,1,0,0,0,0,1,1,1,1,1,1,1,1,1,1,1,1,1,1,0,0,0,0,1,1,1,1,0,0,0,1,0,1,0,0,1,1,0,1,1,1,1,1
3182,3182,Blind Artist,0,0,6,8,22,3d8 + 9,N E,undead,,,M,13,6,16,3,6,5,-1,-1,0,-1,-1,-1,-1,-1,-1,-1,-1,-1,-1,-1,-1,-1,-1,-1,-1,-1,-1,-1,-1,-1,0,8,B,20,,-1,,-1,,-1,,-1,True,"[""Undead Fortitude""]",,,,,,True,,False,False,,B,,-1,0,,,,False,,,"[""poison""]","[""blinded"",""poisoned""]","[""understands all languages it spoke in life but can't speak""]","CS,LF",,urban,MW,ToA,False,,,-1,,,,-1,0,0,0,0,0,0,0,0,1,0,0,0,0,0,0,0,1,1,0,1,1,1,1,1,1,1,1,1,1,1,1,1,1,1,1,1,1,1,1,1,0,0,0,0,1,1,1,1,1,0,1,1,0,1,0,0,0,0,0,1,1,1,1,1
3042,3042,Kobold Dragonshield,0,0,7,15,44,8d6 + 16,L E,humanoid,kobold,,S,12,15,14,8,9,10,-1,-1,-1,-1,-1,-1,-1,-1,-1,1,-1,-1,-1,-1,-1,-1,-1,-1,-1,-1,-1,-1,-1,-1,0,11,D,20,,-1,,-1,,-1,,-1,True,"[""Pack Tactics"",""Sunlight Sensitivity""]",,,,,,True,"[""Multiattack""]",False,False,,P,,-1,0,,,,False,,,,,"[""Common"",""Draconic""]","C,DR",spear,"underdark, mountain, forest, hill","MLW,MW, RW, THW",VGM,False,,,-1,,,True,-1,0,0,0,0,0,0,0,0,1,0,0,0,0,0,0,0,1,1,1,1,1,1,1,1,1,0,1,1,1,1,1,1,1,1,1,1,1,1,1,1,0,0,0,0,1,1,1,1,1,0,1,1,0,1,0,0,0,0,0,1,1,1,0,1
2042,2042,Tiberius Inuus,0,0,15,18,170,20d8 + 80,L G,humanoid,Human,,M,18,12,18,11,11,16,-1,-1,4,8,-1,-1,-1,-1,-1,-1,-1,-1,-1,-1,-1,-1,-1,-1,-1,-1,7,4,-1,-1,0,10,,30,,-1,,-1,,-1,,-1,True,,,,,,,True,"[""Multiattack""]",False,True,,"F,P,S",,-1,0,,,,False,,,,,"[""Celestial"",""Common""]","C,CE",heavy crossbow,,"MW, RW",MaBJoV,False,,,-1,,,,-1,0,0,0,0,0,0,0,0,1,0,0,0,0,0,0,0,1,1,0,0,1,1,1,1,1,1,1,1,1,1,1,1,1,1,1,1,0,0,1,1,0,0,1,0,1,1,1,1,1,0,1,1,0,1,0,0,1,0,0,1,1,1,1,1
360,360,Quavilithku Spyder-Fiend,0,1,23,19,256,27d10 + 108,C E,fiend,demon,,L,18,16,19,17,14,12,-1,-1,8,10,9,-1,-1,-1,-1,8,-1,9,9,-1,-1,-1,-1,-1,-1,-1,-1,-1,-1,-1,0,18,U,40,,-1,,40,,-1,,-1,True,"[""Magic Resistance"",""Spider Climb"",""Web Sense"",""Web Walker""]",,,,,,True,"[""Multiattack""]",True,False,,"A, I,P","[""constitution""]",-1,0,,,,False,"[""cold"",""fire"",""lightning""]",,"[""acid"",""poison""]","[""poisoned""]","[""Abyssal"",""Common"",""telepathy 120 ft.""]","AB,C,TP",,,"AOE, MW",VEoR,False,,,-1,,,,-1,0,0,0,0,0,0,0,0,1,0,0,0,0,0,0,0,1,1,0,0,0,1,1,1,1,0,1,0,0,1,1,1,1,1,1,1,1,1,1,1,0,0,0,0,1,0,1,1,1,0,0,1,0,1,0,0,1,0,0,1,1,1,1,1
2054,2054,Anhkolox,0,1,15,15,157,15d12 + 60,N E,undead,,,H,22,11,18,4,14,2,-1,-1,6,-1,-1,-1,-1,-1,-1,6,-1,-1,-1,-1,-1,-1,-1,-1,-1,-1,-1,-1,-1,-1,0,16,D,50,,-1,,-1,,-1,,-1,True,"[""Unusual Nature""]",,,,,,True,"[""Multiattack""]",False,False,"[""grappled"",""restrained""]",P,"[""strength""]",-1,0,,,,False,,,"[""poison""]","[""charmed"",""exhaustion"",""frightened"",""poisoned""]",,,,,MW,DSotDQ,False,,,-1,,,,-1,0,0,0,0,0,0,0,0,1,0,0,0,0,0,0,0,1,1,0,1,1,1,1,1,1,0,1,1,1,1,1,1,1,1,1,1,1,1,1,1,0,0,0,0,1,1,1,1,0,0,0,1,0,1,1,1,1,0,0,1,1,1,1,1
1239,1239,Laurin Ophidas,0,0,8,13,33,6d8 + 6,C E,humanoid,half-elf,,M,11,14,12,10,13,14,-1,-1,-1,-1,-1,-1,-1,-1,-1,-1,-1,-1,-1,-1,-1,-1,4,-1,-1,-1,4,2,-1,-1,0,11,,30,,-1,,-1,,-1,,-1,True,,Wis,"N,O,R",CC,"[""paralyzed"",""prone""]","[""dexterity"",""wisdom""]",True,"[""Multiattack""]",False,False,,P,,-1,0,,,,False,,,"[""poison""]","[""poisoned""]","[""Any one language (usually Common)""]",C,dagger,,"MLW,MW, RW, THW",CRCotN,False,,,-1,,,,-1,0,0,0,0,0,0,0,0,1,0,0,0,0,0,0,0,1,1,1,1,1,1,1,1,1,1,1,1,1,1,1,1,0,1,1,1,0,0,1,1,0,0,1,0,1,1,1,1,1,0,1,1,0,1,0,0,1,0,0,1,1,1,1,1
822,822,Deep Rothé,0,0,4,10,13,2d8 + 4,U,beast,,,M,18,10,14,2,10,4,-1,-1,-1,-1,-1,-1,-1,-1,-1,-1,-1,-1,-1,-1,-1,-1,-1,-1,-1,-1,-1,-1,-1,-1,0,10,D,30,,-1,,-1,,-1,,-1,True,"[""Charge""]",Cha,,I,,,True,,False,False,,P,,-1,0,,,,False,,,,,,,,underdark,MW,VGM,False,,,-1,,,True,-1,0,0,0,0,0,0,0,0,1,0,0,0,0,0,0,0,1,1,1,1,1,1,1,1,1,1,1,1,1,1,1,1,1,1,1,1,1,1,1,1,0,0,0,0,1,1,1,1,1,0,1,1,0,1,1,1,0,0,0,1,1,1,0,1
223,223,Summer Eladrin,0,0,16,19,165,22d8 + 66,C N,fey,Elf,,M,19,21,16,14,12,18,-1,-1,-1,-1,-1,-1,-1,-1,-1,-1,-1,-1,-1,-1,-1,8,-1,8,-1,-1,-1,-1,-1,-1,0,11,D,50,,-1,,-1,,-1,,-1,True,"[""Magic Resistance""]",,,,,,True,"[""Multiattack"",""Parry""]",True,True,"[""frightened""]","F,P,S","[""wisdom""]",-1,0,,,,False,"[""fire""]",,,,"[""Common"",""Elvish"",""Sylvan""]","C,E,S","longbow, longsword","desert, forest","MLW,MW, RNG, RW",MPMM,False,,,-1,,,,-1,0,0,0,0,0,0,0,0,1,0,0,0,0,0,0,0,1,1,1,1,1,1,1,1,1,1,1,1,1,1,1,0,1,0,1,1,1,1,1,1,0,0,0,0,1,1,1,1,0,0,0,1,0,1,0,0,0,0,0,1,1,1,1,1
2627,2627,Jaculus,0,0,9,15,65,10d6 + 30,N E,dragon,,,S,14,18,17,13,13,13,3,-1,-1,-1,6,-1,-1,-1,-1,3,-1,6,-1,6,-1,-1,-1,-1,-1,-1,-1,-1,-1,-1,0,13,"B, D",20,,-1,,20,,10,,-1,True,,,,,,,True,"[""Multiattack""]",False,False,"[""prone""]","P,S","[""strength""]",-1,0,,,,False,"[""acid"",""lightning""]",,,,"[""Common"",""Draconic""]","C,DR",,forest,MW,ToB1-2023,False,,,-1,,,,-1,0,0,0,0,0,0,0,0,1,0,0,0,0,0,0,0,0,1,1,1,0,1,1,1,1,0,1,0,1,0,1,1,1,1,1,1,1,1,1,1,0,0,0,0,1,0,0,1,0,0,0,1,0,1,0,0,0,0,0,1,1,1,1,1
2608,2608,Stygian Fat-Tailed Scorpion,0,0,9,14,63,14d4 + 28,U,beast,,,T,3,14,15,1,10,2,-1,-1,-1,-1,-1,-1,-1,-1,-1,-1,-1,-1,-1,-1,-1,-1,-1,-1,-1,-1,-1,-1,-1,-1,0,10,D,30,,-1,,20,,-1,,-1,False,,,,,,,True,"[""Multiattack""]",False,False,"[""poisoned""]","B, I,P","[""constitution""]",-1,0,,,,False,,,,,,,,"desert, underdark",MW,ToB1-2023,False,,,-1,,,,-1,0,0,0,0,0,0,0,0,1,0,0,0,0,0,0,0,1,1,1,1,1,1,1,1,1,1,1,1,1,1,1,1,1,1,1,1,1,1,1,1,0,0,0,0,1,0,1,1,0,0,0,1,0,1,1,1,0,0,0,1,1,1,1,1
2070,2070,Sperm Whale,0,1,14,13,189,14d20 + 42,U,beast,,,G,26,8,17,3,12,5,-1,-1,-1,-1,-1,-1,-1,-1,-1,-1,-1,-1,-1,-1,-1,-1,-1,-1,-1,-1,-1,-1,-1,-1,0,11,B,0,,-1,,-1,,-1,,60,True,"[""Hold Breath"",""Keen Senses""]",,,,,,True,"[""Multiattack"",""Swallow""]",False,False,,"A, B, P","[""dexterity""]",-1,0,,,,False,,,,,,,,,"MW, RCH",IDRotF,False,,,-1,,,,-1,0,0,0,0,0,0,0,0,1,0,0,0,0,0,0,0,1,1,1,1,1,1,1,1,1,1,1,1,1,1,1,1,1,1,1,1,1,1,1,1,0,0,0,0,1,1,1,0,1,0,0,1,0,1,1,1,1,0,0,1,1,1,1,1
2614,2614,Animated Coffin,0,0,9,16,60,8d10 + 16,U,construct,,,L,16,12,15,3,11,3,-1,-1,-1,-1,-1,-1,-1,-1,-1,-1,-1,-1,-1,-1,-1,-1,-1,-1,-1,-1,-1,-1,-1,-1,0,10,B,30,,-1,,30,,-1,,-1,True,"[""False Appearance"",""Spider Climb""]",,,,,,True,"[""Multiattack""]",False,False,,"B, P",,-1,0,,,,False,,,"[""poison"",""psychic""]","[""blinded"",""charmed"",""deafened"",""exhaustion"",""frightened"",""paralyzed"",""petrified"",""poisoned""]","[""understands the languages of its creator but can't speak""]",CS,,,MW,AATM,False,,,-1,,,,-1,0,0,0,0,0,0,0,0,1,0,0,0,0,0,0,0,1,1,1,1,1,1,1,1,1,1,1,1,1,1,1,1,1,1,1,1,1,1,1,1,0,0,0,0,1,0,1,1,1,0,1,1,0,1,0,0,1,0,0,1,1,1,1,1
2352,2352,Water Elemental,0,0,11,14,114,12d10 + 48,N,elemental,,,L,18,14,18,5,10,8,-1,-1,-1,-1,-1,-1,-1,-1,-1,-1,-1,-1,-1,-1,-1,-1,-1,-1,-1,-1,-1,-1,-1,-1,0,10,D,30,,-1,,-1,,-1,,90,True,,,,,,,True,"[""Multiattack""]",False,False,"[""grappled"",""restrained""]",B,"[""strength""]",-1,0,,,,False,"[""acid"",{""cond"":true,""note"":""from nonmagical attacks"",""resist"":[""bludgeoning"",""piercing"",""slashing""]}]",,"[""poison""]","[""exhaustion"",""grappled"",""paralyzed"",""petrified"",""poisoned"",""prone"",""restrained"",""unconscious""]","[""Aquan""]",AQ,,"underwater, swamp, coastal",MW,MM,False,,,-1,,,True,-1,0,0,0,0,0,0,0,0,1,0,0,0,0,0,0,0,1,1,1,1,1,1,1,1,1,1,1,1,1,1,1,1,1,1,1,1,1,1,1,1,0,0,0,0,1,1,1,0,0,0,0,1,0,1,0,0,0,0,0,1,1,1,0,1
394,394,Ravager Slaughter Lord,0,1,15,17,157,15d10 + 75,C E,humanoid,any,,L,22,14,20,12,16,16,-1,-1,7,9,-1,10,-1,-1,-1,-1,-1,-1,-1,-1,-1,-1,-1,11,-1,-1,-1,5,-1,-1,0,13,D,30,,-1,,-1,,-1,,-1,True,"[""Legendary Resistances""]",Wis,"F,N,R",I,"[""blinded"",""deafened"",""stunned""]","[""charisma"",""dexterity"",""wisdom""]",True,"[""Multiattack""]",True,False,,"F,P",,-1,0,,,,False,,,,,"[""Abyssal"",""Common"",""one other language""]","AB,C,X",spear,grassland,"MLW,MW, RW, THW",TDCSR,False,"[""Ravagers""]",,-1,,,,-1,0,0,0,0,0,0,0,0,1,0,0,0,0,0,0,0,1,1,0,0,1,0,1,1,1,1,1,1,1,1,1,1,1,0,1,1,1,0,1,1,0,0,0,0,1,1,1,1,1,0,1,1,0,1,0,0,0,0,0,1,1,1,1,1
357,357,Prismari Professor of Perfection,0,0,13,13,97,15d8 + 30,A,humanoid,sorcerer,,S M,14,16,15,15,13,19,7,5,4,-1,6,-1,5,-1,-1,4,10,-1,-1,6,-1,5,-1,-1,-1,-1,-1,-1,-1,-1,0,14,,30,,-1,,-1,,-1,,-1,True,,Cha,"B, C",O,,"[""constitution"",""dexterity"",""strength""]",True,"[""Multiattack""]",True,False,"[""prone""]",C,"[""strength""]",-1,0,,,,False,"[""cold""]",,,,"[""Common plus any four languages""]","C,X",,,,SCC,False,,,-1,,,,-1,0,0,0,0,0,0,0,0,1,0,0,0,0,0,0,0,0,0,0,1,0,1,0,1,1,0,0,1,1,0,1,0,1,1,1,1,1,1,1,1,0,0,1,0,1,1,1,1,0,0,0,1,0,1,0,0,1,1,0,1,1,1,1,1
2574,2574,Ghost,0,0,10,11,45,10d8,A,undead,,,M,7,13,10,10,12,17,-1,-1,-1,-1,-1,-1,-1,-1,-1,-1,-1,-1,-1,-1,-1,-1,-1,-1,-1,-1,-1,-1,-1,-1,0,11,D,0,,-1,,-1,hover,40,,-1,True,"[""Incorporeal Movement""]",,,,,,True,,False,False,"[""frightened"",""incapacitated""]","N,O","[""charisma"",""wisdom""]",-1,0,,,,False,"[""acid"",""fire"",""lightning"",""thunder"",{""cond"":true,""note"":""from nonmagical attacks"",""resist"":[""bludgeoning"",""piercing"",""slashing""]}]",,"[""cold"",""necrotic"",""poison""]","[""charmed"",""exhaustion"",""frightened"",""grappled"",""paralyzed"",""petrified"",""poisoned"",""prone"",""restrained""]","[""any languages it knew in life""]",LF,,"underdark, urban",MW,MM,False,,,-1,,,True,-1,0,0,0,0,0,0,0,0,1,0,0,0,0,0,0,0,1,1,1,1,1,1,1,1,1,1,1,1,1,1,1,1,1,1,1,1,1,1,1,1,0,0,0,0,1,1,0,1,0,0,0,1,0,1,0,0,0,0,0,1,1,1,0,1
1504,1504,Dolgrim,0,1,5,15,13,3d6 + 3,C E,aberration,,,S,15,14,12,8,10,8,-1,-1,-1,-1,-1,-1,-1,-1,-1,-1,-1,-1,-1,-1,-1,-1,-1,-1,-1,-1,-1,-1,-1,-1,0,10,D,30,,-1,,-1,,-1,,-1,True,,,,,,,True,"[""Multiattack""]",False,False,,P,,-1,0,,,,False,,,,,"[""Deep Speech"",""Goblin""]","DS,GO","hand crossbow, morningstar, spear",,"MLW,MW, RNG, RW, THW",ERLW,False,,,-1,,,,-1,0,0,0,0,0,0,0,0,1,0,0,0,0,0,0,0,1,1,1,1,1,1,1,1,1,1,1,1,1,1,1,1,1,1,1,1,1,1,1,1,0,0,0,0,1,1,1,1,1,0,1,1,0,1,0,0,1,0,0,1,1,1,1,1
366,366,Ratfolk Rogue,0,0,7,15,31,7d6 + 7,N,humanoid,ratfolk,,S,7,16,12,14,10,10,-1,-1,-1,-1,-1,-1,-1,-1,-1,2,-1,7,-1,5,-1,-1,-1,-1,-1,-1,-1,-1,-1,-1,0,12,D,25,,-1,,-1,,-1,,10,True,"[""Pack Tactics""]",,,,,,True,,True,False,,"I,P",,-1,0,,,,False,,,,,"[""Common"",""Thieves' cant""]","C,TC","dagger, light crossbow",urban,"MLW,MW, RW, THW",ToB1-2023,False,,,-1,,,,-1,0,0,0,0,0,0,0,0,1,0,0,0,0,0,0,0,1,1,1,1,1,1,1,1,1,0,1,0,1,0,1,1,1,1,1,1,1,1,1,1,0,0,0,0,1,1,1,0,1,0,1,1,0,1,0,0,0,0,0,1,1,1,1,1
317,317,Mind's Eye Matter Smith,0,0,10,15,78,12d8 + 24,A,humanoid,,,S M,10,14,14,14,14,16,5,4,-1,-1,-1,-1,-1,-1,-1,6,-1,-1,4,-1,-1,-1,-1,-1,-1,-1,-1,-1,-1,-1,0,16,,30,,-1,,-1,,-1,,-1,False,,Cha,,O,,,True,"[""Multiattack""]",True,False,"[""restrained""]",O,"[""dexterity""]",-1,0,,,,False,,,,,"[""Common plus two more languages""]","C,X",,,,MPP,False,,,-1,,,,-1,0,0,0,0,0,0,0,0,1,0,0,0,0,0,0,0,0,0,1,1,1,1,1,1,1,0,1,1,0,1,1,1,1,1,1,1,1,1,1,1,0,0,1,0,1,1,1,1,0,0,0,1,0,1,0,0,1,1,0,1,1,1,1,1
2559,2559,Plasmoid Boss,0,0,10,11,82,11d10 + 22,A,ooze,,,L,18,12,14,14,13,15,-1,-1,3,4,-1,-1,-1,-1,-1,-1,-1,-1,-1,-1,-1,-1,4,4,-1,-1,4,-1,-1,-1,0,13,D,30,,-1,,-1,,-1,,-1,True,"[""Amorphous"",""Hold Breath""]",,,,,,True,"[""Multiattack""]",False,True,,B,,-1,0,,,,False,"[""acid"",""poison""]",,,,"[""Common""]",C,,,"MW, RCH",BAM,False,,,-1,,,,-1,0,0,0,0,0,0,0,0,1,0,0,0,0,0,0,0,1,1,0,0,1,1,1,1,1,1,1,1,1,1,1,1,0,0,1,1,0,1,1,1,0,0,0,0,1,1,1,1,1,0,1,1,0,1,0,0,1,0,0,1,1,1,1,1
1340,1340,Xvart Speaker,0,0,3,13,7,2d6,C E,humanoid,xvart,,S,8,14,10,13,7,7,-1,-1,-1,-1,-1,-1,-1,-1,-1,-1,-1,4,-1,-1,-1,-1,-1,-1,-1,-1,-1,-1,-1,-1,0,8,D,30,,-1,,-1,,-1,,-1,True,,,,,,,True,,False,False,,"B, P",,-1,0,,,,False,,,,,"[""Abyssal and one additional language (usually Common or Goblin)""]","AB,C,GO,X","shortsword, sling","underdark, hill","MLW,MW, RNG, RW",VGM,False,,,-1,,,,-1,0,0,0,0,0,0,0,0,1,0,0,0,0,0,0,0,1,1,1,1,1,1,1,1,1,1,1,0,1,1,1,1,1,1,1,1,1,1,1,1,0,0,0,0,1,1,1,1,1,0,1,1,0,1,0,0,0,0,0,1,1,1,1,1
567,567,Klauth,0,0,31,22,546,28d20 + 252,C E,dragon,,,G,30,10,29,18,15,23,14,-1,10,17,8,-1,-1,-1,-1,16,-1,8,-1,-1,-1,-1,-1,-1,-1,-1,-1,-1,-1,-1,0,26,"B, SD",40,,-1,,40,,80,,-1,True,"[""Legendary Resistances""]",Cha,"A, B, C, F, I, L, O",O,"[""blinded"",""charmed"",""incapacitated"",""invisible"",""petrified"",""restrained""]","[""charisma"",""constitution"",""dexterity"",""wisdom""]",True,"[""Breath Weapon"",""Frightful Presence"",""Multiattack""]",False,False,"[""frightened"",""prone""]","B, F,P,S","[""dexterity"",""wisdom""]",-1,0,F,"[""constitution"",""dexterity""]","[""incapacitated"",""poisoned"",""prone""]",False,,,"[""fire""]",,"[""Common"",""Draconic""]","C,DR",,,"AOE, MW, RCH",SKT,False,,,-1,,,,-1,0,0,0,0,0,0,0,0,1,0,0,0,0,0,0,0,0,1,0,0,0,1,1,1,1,0,1,0,1,1,1,1,1,1,1,1,1,1,1,1,0,0,0,0,1,0,0,1,0,0,0,1,0,1,0,0,1,0,0,1,1,1,1,1
2831,2831,White Dragon Wyrmling,0,0,8,16,32,5d8 + 10,C E,dragon,,,M,14,10,14,5,10,11,2,-1,2,4,2,-1,-1,-1,-1,4,-1,2,-1,-1,-1,-1,-1,-1,-1,-1,-1,-1,-1,-1,0,14,"B, D",30,,15,,-1,,60,,30,False,,,,,,,True,"[""Breath Weapon""]",False,False,,"C,P","[""constitution""]",-1,0,,,,False,,,"[""cold""]",,"[""Draconic""]",DR,,,"AOE, MW",MM,False,"[""Chromatic Dragon""]",,-1,,True,True,-1,0,0,0,0,0,0,0,0,1,0,0,0,0,0,0,0,0,1,0,0,0,1,1,1,1,0,1,0,1,1,1,1,1,1,1,1,1,1,1,1,0,0,0,0,0,1,0,0,1,0,0,1,0,1,0,0,1,0,0,1,1,0,0,1
638,638,Cloud Giant,0,0,15,14,200,16d12 + 96,N G E,giant,,,H,27,10,22,12,16,16,7,-1,7,10,-1,-1,-1,-1,7,7,-1,-1,-1,-1,-1,-1,-1,-1,-1,-1,-1,-1,-1,-1,0,17,,40,,-1,,-1,,-1,,-1,True,"[""Keen Senses""]",Cha,,I,"[""restrained""]","[""dexterity""]",True,"[""Multiattack""]",False,False,"[""prone""]","B, P","[""dexterity""]",-1,0,,,,False,,,,,"[""Common"",""Giant""]","C,GI",morningstar,mountain,"MLW,MW, RCH, RW",MM,False,,,-1,,True,True,-1,0,0,0,0,0,0,0,0,1,0,0,0,0,0,0,0,0,1,0,0,1,1,1,1,0,0,1,1,1,1,1,1,1,1,1,1,1,1,1,1,0,0,1,0,1,1,1,1,0,0,0,1,0,1,0,0,0,0,0,1,1,0,0,1
808,808,Mwaxanaré,0,0,3,10,13,3d8,L N,humanoid,Human,,M,6,10,11,13,12,16,-1,-1,-1,-1,-1,-1,-1,-1,-1,-1,-1,-1,-1,-1,-1,-1,5,-1,-1,3,5,3,-1,-1,0,11,,30,,-1,,-1,,-1,,-1,False,,Cha,O,CL,,"[""wisdom""]",True,,False,False,,P,,-1,0,,,,False,,,,,"[""Auran"",""Common"",""telepathy 30 ft.""]","AU,C,TP",dagger,,"MLW,MW, RW, THW",ToA,False,,,-1,,,,-1,0,0,0,0,0,0,0,0,1,0,0,0,0,0,0,0,1,1,1,1,1,1,1,1,1,1,1,1,1,1,1,1,0,1,1,0,0,0,1,1,0,0,1,0,1,1,1,1,1,0,1,1,0,1,0,0,1,0,0,1,1,1,1,1
546,546,Cackler,0,0,5,15,10,3d6,C E,fiend,demon,,S,9,16,11,11,7,12,-1,-1,-1,-1,-1,-1,-1,-1,-1,0,3,-1,-1,-1,-1,-1,3,-1,-1,-1,-1,-1,-1,-1,0,10,SD,30,,-1,,-1,,-1,,-1,True,"[""Mimicry""]",Cha,F,I,,"[""wisdom""]",True,,False,False,,"P,S,Y","[""wisdom""]",-1,0,,,,False,"[""cold"",""fire"",""lightning"",{""cond"":true,""note"":""from nonmagical attacks"",""resist"":[""bludgeoning"",""piercing"",""slashing""]}]",,"[""poison""]","[""poisoned""]","[""Abyssal"",""Common""]","AB,C",,,"MW, RCH",GGR,False,,,-1,,,,-1,0,0,0,0,0,0,0,0,1,0,0,0,0,0,0,0,1,1,1,1,1,1,1,1,1,0,0,1,1,1,1,1,0,1,1,1,1,1,1,1,0,0,0,0,1,1,1,1,1,0,0,1,0,1,0,0,1,0,0,1,1,1,1,1
1254,1254,Mummy Lord,0,0,21,17,97,13d8 + 39,L E,undead,,,M,18,10,17,11,18,16,8,5,9,8,-1,-1,-1,5,-1,-1,-1,-1,-1,-1,-1,-1,-1,-1,-1,-1,-1,5,-1,-1,0,14,D,20,,-1,,-1,,-1,,-1,True,"[""Magic Resistance"",""Rejuvenation""]",Wis,"N,O,P,R",CC,"[""blinded"",""deafened"",""paralyzed"",""poisoned"",""prone"",""stunned""]","[""constitution"",""dexterity"",""wisdom""]",True,"[""Multiattack""]",False,False,"[""blinded"",""frightened"",""paralyzed"",""stunned""]","B, N","[""constitution"",""wisdom""]",-1,0,,"[""constitution""]",,False,,"[""fire""]","[""necrotic"",""poison"",{""cond"":true,""immune"":[""bludgeoning"",""piercing"",""slashing""],""note"":""from nonmagical attacks""}]","[""charmed"",""exhaustion"",""frightened"",""paralyzed"",""poisoned""]","[""the languages it knew in life""]",LF,,desert,"CUR, MW",MM,False,,,-1,,,True,-1,0,0,0,0,0,0,0,0,1,0,0,0,0,0,0,0,0,0,0,0,1,1,1,0,1,1,1,1,1,1,1,1,1,1,1,1,1,0,1,1,0,0,0,0,1,1,1,1,0,0,0,1,0,0,0,0,0,0,0,1,1,1,0,1
2523,2523,Derro Fetal Savant,0,0,10,11,32,13d4,C E,humanoid,derro,,T,5,12,10,8,12,20,7,-1,3,-1,-1,-1,-1,-1,-1,3,-1,-1,-1,-1,-1,-1,-1,-1,-1,-1,-1,-1,-1,-1,0,13,D,10,,-1,,-1,,-1,,-1,True,"[""Sunlight Sensitivity""]",,,,,,True,"[""Multiattack""]",False,False,"[""frightened"",""incapacitated""]","R,Y","[""wisdom""]",-1,0,,,,False,,,"[""psychic""]","[""charmed"",""frightened""]","[""Dwarvish"",""telepathy 60 ft.""]","D,TP",,underdark,,ToB1-2023,False,,,-1,,,,-1,0,0,0,0,0,0,0,0,1,0,0,0,0,0,0,0,0,1,0,1,1,1,1,1,1,0,1,1,1,1,1,1,1,1,1,1,1,1,1,1,0,0,0,0,1,1,1,1,0,0,0,1,0,1,0,0,0,1,0,1,1,1,1,1
1198,1198,Eoghan Ghostweaver,0,0,18,15,99,18d8 + 18,A,humanoid,Elf,,M,10,14,12,15,20,16,-1,6,9,-1,-1,-1,13,13,-1,9,-1,-1,-1,-1,-1,-1,-1,-1,9,6,-1,-1,-1,9,0,12,,30,,-1,,-1,,-1,,-1,True,"[""Magic Resistance""]",Wis,"B, C,F,I,Y",CD,"[""exhaustion"",""paralyzed"",""prone"",""restrained""]","[""constitution"",""dexterity"",""intelligence"",""strength"",""wisdom""]",True,,False,False,,P,,-1,0,,,,False,"[{""special"":""damage from spells""},{""cond"":true,""note"":""(from stoneskin)"",""preNote"":""nonmagical"",""resist"":[""bludgeoning"",""piercing"",""slashing""]}]",,,,"[""Druidic"",""Elvish""]","DU,E",dagger,,"MLW,MW, RW, THW",DoDk,False,,,-1,,,,-1,0,0,0,0,0,0,0,0,1,0,0,0,0,0,0,0,1,0,0,1,1,1,0,0,1,0,1,1,1,1,1,1,1,1,0,0,1,1,1,0,0,0,1,0,1,1,1,1,1,0,1,1,0,1,0,0,1,0,0,1,1,1,1,1
3041,3041,Hybrid Shocker,0,0,7,12,39,6d8 + 12,N G,humanoid,Simic hybrid,,M,13,14,14,10,12,9,-1,-1,-1,-1,-1,-1,-1,-1,-1,-1,-1,-1,-1,-1,-1,-1,-1,-1,-1,-1,-1,-1,-1,-1,0,11,,30,,-1,,-1,,-1,,-1,True,"[""Illumination""]",,,,,,True,"[""Multiattack"",""Tentacles""]",False,False,"[""grappled""]",L,,-1,0,,,,False,,,"[""lightning""]",,"[""Common plus any one language""]","C,X",,,"AOE, MW, RCH",GGR,False,,,-1,,,,-1,0,0,0,0,0,0,0,0,1,0,0,0,0,0,0,0,1,1,1,1,1,1,1,1,1,1,1,1,1,1,1,1,1,1,1,1,1,1,1,1,0,0,1,0,1,1,1,1,0,0,1,1,0,1,0,0,1,0,0,1,1,1,1,1
3006,3006,Kobold Dragonshield,0,0,7,15,44,8d6 + 16,A,dragon,,,S,12,15,14,8,9,10,-1,-1,-1,-1,-1,-1,-1,-1,-1,1,-1,-1,-1,-1,-1,-1,-1,-1,-1,-1,-1,-1,-1,-1,0,11,D,20,,-1,,-1,,-1,,-1,True,"[""Pack Tactics"",""Sunlight Sensitivity""]",,,,,,True,"[""Multiattack""]",False,False,,P,,-1,0,,,,False,"[{""special"":""see Dragon's Resistance below""}]",,,,"[""Common"",""Draconic""]","C,DR",spear,"forest, hill, mountain, underdark","MLW,MW, RW, THW",MPMM,False,,,-1,,,,-1,0,0,0,0,0,0,0,0,1,0,0,0,0,0,0,0,1,1,1,1,1,1,1,1,1,0,1,1,1,1,1,1,1,1,1,1,1,1,1,1,0,0,0,0,1,1,1,1,1,0,1,1,0,1,0,0,0,0,0,1,1,1,1,1
2457,2457,Skeleton Warrior,0,0,11,18,90,12d8 + 36,L E,undead,,,M,16,14,16,16,12,12,-1,-1,-1,-1,-1,-1,-1,-1,-1,-1,-1,-1,-1,-1,-1,-1,-1,-1,-1,-1,-1,-1,-1,-1,0,11,SD,30,,-1,,-1,,-1,,-1,True,"[""Magic Resistance"",""Magic Weapons""]",,,,,,True,"[""Multiattack""]",False,False,,S,,-1,0,,,,False,"[""cold"",""necrotic""]","[{""cond"":true,""note"":""from magical attacks"",""vulnerable"":[""bludgeoning""]}]","[""poison"",{""cond"":true,""immune"":[""bludgeoning"",""piercing"",""slashing""],""note"":""from nonmagical attacks""}]","[""charmed"",""exhaustion"",""frightened"",""poisoned""]","[""all the languages it knew in life""]",LF,greatsword,,"MLW,MW",MaBJoV,False,,,-1,,,,-1,0,0,0,0,0,0,0,0,1,0,0,0,0,0,0,0,1,1,1,1,1,1,1,1,1,1,1,1,1,1,1,1,1,1,1,1,1,1,1,1,0,0,0,0,1,1,1,1,1,0,1,1,0,0,0,0,1,0,0,1,1,1,1,1
136,136,Bear King,0,0,18,18,133,14d8 + 70,L N,fey,shapechanger,,M,21,10,20,12,18,16,-1,-1,8,-1,4,9,-1,-1,-1,8,-1,-1,-1,-1,-1,9,-1,7,-1,-1,-1,-1,-1,-1,0,18,"SD, U",40,,-1,,-1,,-1,,-1,True,"[""Keen Senses"",""Legendary Resistances"",""Regeneration""]",,,,,,True,"[""Multiattack"",""Shapechanger""]",True,False,"[""frightened"",""prone"",""restrained""]","B, P,R,S","[""dexterity"",""strength"",""wisdom""]",-1,0,,"[""constitution"",""strength""]",,False,"[""cold""]",,"[{""cond"":true,""immune"":[""bludgeoning"",""slashing"",""piercing"",""poison""],""note"":""from nonmagical attacks not made with cold iron weapons""}]","[""poisoned""]","[""Common"",""Elvish"",""Giant"",""Sylvan""]","C,E,GI,S",maul,"forest, planar","MLW,MW",ToB1-2023,False,,,-1,,,,-1,0,0,0,0,0,0,0,0,1,0,0,0,0,0,0,0,1,1,0,1,0,0,1,1,1,0,1,1,1,1,1,0,1,0,1,1,1,1,1,1,0,0,0,0,1,1,1,1,0,0,0,1,0,1,0,0,0,0,0,1,1,1,1,1
2468,2468,Haze Hulk,0,1,10,15,95,10d10 + 40,U,aberration,,,L,21,10,18,7,10,6,-1,-1,-1,-1,-1,-1,-1,-1,-1,-1,-1,-1,-1,-1,-1,-1,-1,-1,-1,-1,-1,-1,-1,-1,0,10,D,40,,-1,,-1,,-1,,-1,False,,,,,,,True,"[""Multiattack""]",False,False,,B,"[""constitution"",""strength""]",-1,0,,,,False,,,,,"[""Common""]",C,,,MW,DoDk,False,,,-1,,True,,-1,0,0,0,0,0,0,0,0,1,0,0,0,0,0,0,0,1,1,1,1,1,1,1,1,1,1,1,1,1,1,1,1,1,1,1,1,1,1,1,1,0,0,0,0,1,1,1,1,1,0,0,1,0,1,0,0,1,0,0,1,1,0,1,1
2920,2920,Purple Wormling,0,1,8,12,42,5d10 + 15,U,monstrosity,,,L,16,7,16,1,6,2,-1,-1,-1,-1,-1,-1,-1,-1,-1,-1,-1,-1,-1,-1,-1,-1,-1,-1,-1,-1,-1,-1,-1,-1,0,8,"B, T",20,,-1,,-1,,-1,,-1,False,,,,,,,True,"[""Multiattack"",""Swallow""]",False,False,"[""blinded"",""restrained""]","A, I,P","[""constitution"",""dexterity""]",-1,0,,,,False,,,,,,,,,MW,SKT,False,,,-1,,,,-1,0,0,0,0,0,0,0,0,1,0,0,0,0,0,0,0,1,1,1,1,1,1,1,1,1,1,1,1,1,1,1,1,1,1,1,1,1,1,1,1,0,0,0,0,1,1,1,1,0,0,0,1,0,1,1,1,1,0,0,1,1,1,1,1
257,257,Death Giant Shrouded One,0,0,21,15,195,17d12 + 85,A,giant,wizard,,H,27,14,20,23,16,16,8,11,8,10,-1,-1,11,-1,-1,8,-1,7,-1,-1,-1,-1,-1,-1,-1,-1,-1,-1,-1,-1,0,18,SD,40,,-1,,-1,,-1,,-1,True,,Int,,O,,,True,"[""Multiattack""]",True,False,,N,"[""wisdom""]",-1,0,,,,False,,,"[""necrotic""]","[""frightened""]","[""Common"",""Giant""]","C,GI",,,"AOE, RCH",BGG,False,,,-1,,,,-1,0,0,0,0,0,0,0,0,1,0,0,0,0,0,0,0,0,0,0,0,1,1,0,1,1,0,1,0,1,1,1,1,1,1,1,1,1,1,1,1,0,0,0,0,1,1,1,1,1,0,0,1,0,1,0,0,1,0,0,1,1,1,1,1
574,574,Mavka,0,0,18,17,170,20d8 + 80,C E,undead,,,M,20,15,18,13,13,18,8,-1,-1,8,6,9,-1,-1,-1,5,-1,-1,-1,-1,-1,9,-1,-1,-1,5,-1,-1,-1,-1,0,15,D,30,,-1,,-1,,-1,,-1,True,"[""Sunlight Sensitivity""]",Cha,N,O,"[""deafened"",""paralyzed""]","[""wisdom""]",True,"[""Multiattack""]",False,False,,"B, F,N,R","[""dexterity""]",-1,0,,,,False,"[""fire"",{""cond"":true,""note"":""from nonmagical attacks"",""resist"":[""bludgeoning"",""piercing"",""slashing""]}]",,"[""necrotic"",""poison""]","[""poisoned""]","[""Abyssal"",""Common"",""Infernal"",""Sylvan""]","AB,C,I,S",,forest,"AOE, MW",ToB1-2023,False,,,-1,,,,-1,0,0,0,0,0,0,0,0,1,0,0,0,0,0,0,0,0,1,1,0,0,0,1,1,1,0,1,1,1,1,1,0,1,1,1,0,1,1,1,1,0,0,0,0,1,1,1,1,1,0,0,1,0,1,0,0,0,0,0,1,1,1,1,1
1209,1209,Grisha,0,0,8,18,33,6d8 + 6,C E,humanoid,Human,,M,14,12,12,11,14,16,5,-1,4,-1,-1,-1,-1,-1,-1,-1,-1,-1,-1,-1,-1,-1,-1,-1,-1,-1,5,2,-1,-1,0,12,,30,,-1,,-1,,-1,,-1,False,,Wis,"N,O,R",CC,,"[""dexterity"",""wisdom""]",True,"[""Multiattack""]",False,False,,B,,-1,0,,,,False,,,,,"[""Common"",""Undercommon""]","C,U",+1 flail,,"MLW,MW",OotA,False,,,-1,,,,-1,0,0,0,0,0,0,0,0,1,0,0,0,0,0,0,0,0,1,0,1,1,1,1,1,1,1,1,1,1,1,1,1,1,1,1,1,0,0,1,1,0,0,1,0,1,1,1,1,1,0,1,1,0,1,0,0,1,0,0,1,1,1,1,1
1533,1533,Kiddywidget,0,1,5,16,15,2d6 + 8,,construct,,,S,6,14,18,1,10,1,-1,-1,-1,-1,-1,-1,-1,-1,-1,-1,-1,-1,-1,-1,-1,-1,-1,-1,-1,-1,-1,-1,-1,-1,0,10,D,20,,-1,,20,,-1,,-1,True,"[""Unusual Nature""]",,,,,,True,"[""Multiattack""]",False,False,"[""grappled""]","L,P",,-1,0,,,,False,,,"[""lightning"",""poison""]","[""blinded"",""deafened"",""exhaustion"",""paralyzed"",""petrified"",""poisoned""]","[""Skitterwidget""]",,,,MW,CM,False,,,-1,,,,-1,0,0,0,0,0,0,1,0,1,0,0,0,0,0,0,0,1,1,1,1,1,1,1,1,1,1,1,1,1,1,1,1,1,1,1,1,1,1,1,1,0,0,0,0,1,0,1,1,0,0,1,1,0,1,0,1,1,0,0,1,1,1,1,1
923,923,Brain in a Jar,0,0,9,11,55,10d6 + 20,A,undead,,,S,1,3,15,19,10,15,4,6,-1,-1,-1,-1,-1,-1,-1,-1,-1,-1,-1,-1,-1,-1,-1,-1,-1,-1,-1,-1,-1,-1,0,10,B,0,,-1,,-1,hover,10,,-1,True,"[""Magic Resistance"",""Unusual Nature""]",Int,N,"I,P","[""charmed"",""incapacitated"",""paralyzed"",""prone"",""unconscious""]","[""charisma"",""wisdom""]",True,,False,False,"[""stunned""]","N,Y","[""intelligence""]",-1,0,,,,False,,,"[""poison""]","[""exhaustion"",""paralyzed"",""poisoned"",""prone""]","[""the languages it knew in life""]",LF,,,AOE,VRGR,False,,,-1,,,,-1,0,0,0,0,0,0,0,0,1,0,0,0,0,0,0,0,0,0,1,1,1,1,1,1,1,1,1,1,1,1,1,1,1,1,1,1,1,1,1,1,0,0,0,0,1,1,0,1,0,0,0,1,0,1,0,0,1,0,0,1,1,1,1,1
2204,2204,Ghost Knight,0,0,13,17,130,20d8 + 40,L E,undead,,,M,17,15,14,8,10,7,-1,-1,-1,-1,-1,-1,-1,-1,-1,3,-1,5,-1,-1,3,6,-1,-1,-1,-1,-1,-1,-1,-1,0,13,D,30,,-1,,-1,,-1,,-1,True,"[""Turn Resistance""]",,,,,,True,"[""Multiattack""]",False,False,"[""prone""]","N,P,S",,-1,0,,,,False,"[""necrotic""]",,"[""poison""]","[""charmed"",""exhaustion"",""poisoned""]","[""Common""]",C,"battleaxe, lance","farmland, urban","MLW,MW, RCH",ToB1-2023,False,,,-1,,,,-1,0,0,0,0,0,0,0,0,1,0,0,0,0,0,0,0,1,1,1,1,1,1,1,1,1,0,1,0,1,1,0,0,1,1,1,1,1,1,1,1,0,0,0,0,1,1,1,1,0,0,1,1,0,1,0,0,0,0,0,1,1,1,1,1
3177,3177,Awakened Shrub,0,0,6,9,10,3d6,U,plant,,,S,3,8,11,10,10,6,-1,-1,-1,-1,-1,-1,-1,-1,-1,-1,-1,-1,-1,-1,-1,-1,-1,-1,-1,-1,-1,-1,-1,-1,0,10,,20,,-1,,-1,,-1,,-1,True,"[""False Appearance""]",,,,,,True,,False,False,,S,,-1,0,,,,False,"[""piercing""]","[""fire""]",,,"[""one language known by its creator""]",,,forest,MW,MM,False,,,-1,,,True,-1,0,0,0,0,0,0,0,0,1,0,0,0,0,0,0,0,1,1,1,1,1,1,1,1,1,1,1,1,1,1,1,1,1,1,1,1,1,1,1,1,0,0,1,0,1,1,1,1,1,0,1,1,0,0,0,1,0,0,0,1,1,1,0,1
2215,2215,Protean Abomination,0,1,12,14,168,16d12 + 64,U,aberration,,,H,21,8,18,5,10,5,-1,-1,-1,-1,-1,-1,-1,-1,-1,-1,-1,-1,-1,-1,-1,-1,-1,-1,-1,-1,-1,-1,-1,-1,0,10,B,30,,-1,,10,,-1,,-1,True,"[""Amorphous"",""Spider Climb""]",,,,,,True,"[""Multiattack""]",False,False,"[""blinded"",""grappled"",""restrained""]",B,"[""constitution""]",-1,0,,,,False,,,,"[""charmed"",""frightened"",""prone""]",,,,,MW,DoDk,False,,,-1,,,,-1,0,0,0,0,0,0,0,0,1,0,0,0,0,0,0,0,1,1,1,1,1,1,1,1,1,1,1,1,1,1,1,1,1,1,1,1,1,1,1,1,0,0,0,0,1,0,1,1,0,0,0,1,0,1,1,1,1,0,0,1,1,1,1,1
2561,2561,Skitterhaunt,0,0,10,14,95,10d10 + 40,U,ooze,,,L,15,11,19,3,7,1,-1,-1,-1,-1,-1,-1,-1,-1,-1,-1,-1,-1,-1,-1,-1,-1,-1,-1,-1,-1,-1,-1,-1,-1,0,8,B,30,,-1,,-1,,-1,,-1,True,,,,,,,True,"[""Multiattack""]",False,False,"[""grappled"",""poisoned"",""restrained""]","A, P,S","[""constitution"",""dexterity""]",-1,0,,,,False,,,"[""acid""]","[""blinded"",""charmed"",""deafened"",""exhaustion"",""frightened"",""prone""]",,,,"forest, underdark","AOE, MW",ToB1-2023,False,,,-1,,,,-1,0,0,0,0,0,0,0,0,1,0,0,0,0,0,0,0,1,1,1,1,1,1,1,1,1,1,1,1,1,1,1,1,1,1,1,1,1,1,1,1,0,0,0,0,1,1,1,1,0,0,0,1,0,1,1,1,0,0,0,1,1,1,1,1
1134,1134,Hollyphant,0,1,11,18,36,8d6 + 8,L G,celestial,,,S,10,11,12,16,19,16,6,-1,-1,4,3,-1,-1,-1,-1,-1,-1,-1,-1,-1,-1,-1,-1,-1,-1,-1,-1,-1,-1,-1,0,14,,20,,-1,,-1,,120,,-1,True,"[""Magic Weapons""]",Wis,,I,"[""incapacitated""]","[""charisma"",""dexterity""]",True,,False,False,"[""deafened""]","P,R,T","[""constitution""]",-1,0,,,,False,"[{""cond"":true,""note"":""from nonmagical attacks"",""resist"":[""bludgeoning"",""piercing"",""slashing""]}]",,"[""poison""]","[""poisoned""]","[""Celestial"",""telepathy 120 ft.""]","CE,TP",,,"AOE, MW",BGDIA,False,,,-1,,,,-1,0,0,0,0,0,0,0,0,1,0,0,0,0,0,0,0,0,1,1,0,0,1,1,1,1,1,1,1,1,1,1,1,1,1,1,1,1,1,1,1,0,0,1,0,1,1,0,1,0,0,0,1,0,1,0,0,1,0,0,1,1,1,1,1
2538,2538,Wereboar,0,0,10,11,78,12d8 + 24,N E,humanoid,"Human, shapechanger",,M,17,10,15,10,11,8,-1,-1,-1,-1,-1,-1,-1,-1,-1,2,-1,-1,-1,-1,-1,-1,-1,-1,-1,-1,-1,-1,-1,-1,0,12,,30,,-1,,-1,,-1,,-1,True,"[""Charge"",""Shapechanger""]",,,,,,True,"[""Multiattack""]",False,False,"[""prone""]","B, S","[""constitution"",""strength""]",-1,0,,,,False,,,"[{""cond"":true,""immune"":[""bludgeoning"",""piercing"",""slashing""],""note"":""from nonmagical attacks that aren't silvered""}]",,"[""Common (can't speak in boar form)""]","C,CS",maul,"grassland, forest, hill","CUR, MLW,MW",MM,False,"[""Lycanthropes""]",,-1,,True,True,-1,0,0,0,0,0,0,0,0,1,0,0,0,0,0,0,0,1,1,1,1,1,1,1,1,1,0,1,1,1,1,1,1,1,1,1,1,1,1,1,1,0,0,1,0,1,1,1,1,0,0,0,1,0,1,0,0,0,0,0,1,1,0,0,1
2617,2617,Clockwork Beetle Swarm,0,0,9,14,52,8d10 + 8,U,construct,,True,L,8,16,12,1,12,7,-1,-1,-1,-1,-1,-1,-1,-1,-1,-1,-1,-1,-1,-1,-1,-1,-1,-1,-1,-1,-1,-1,-1,-1,0,11,D,30,,-1,,-1,,50,,-1,True,"[""Magic Resistance""]",,,,,,True,,False,False,,"I,P",,-1,0,,,,False,"[""bludgeoning"",""piercing"",""slashing""]",,"[""poison"",""psychic""]","[""charmed"",""exhaustion"",""frightened"",""grappled"",""paralyzed"",""petrified"",""poisoned"",""prone"",""restrained"",""stunned""]",,,,urban,MW,ToB1-2023,False,,,-1,,,,-1,0,0,0,0,0,0,0,0,0,0,0,0,0,0,0,0,1,1,1,1,1,1,1,1,1,1,1,1,1,1,1,1,1,1,1,1,1,1,1,1,0,0,0,0,1,1,0,1,1,0,1,1,0,1,1,1,0,0,0,1,1,1,1,1
1817,1817,Ushabti Royal Guard,0,0,20,19,168,16d10 + 80,U,construct,,,L,22,16,20,11,19,9,4,-1,9,-1,-1,-1,5,5,-1,9,-1,-1,-1,-1,-1,-1,-1,-1,-1,-1,-1,-1,-1,-1,0,19,D,30,,-1,,-1,,-1,,-1,True,"[""False Appearance"",""Immutable Form"",""Legendary Resistances"",""Magic Resistance""]",,,,,,True,"[""Breath Weapon"",""Multiattack""]",False,True,"[""exhaustion"",""restrained""]","B, N,S","[""constitution"",""strength""]",-1,0,,,,False,"[{""cond"":true,""note"":""from nonmagical attacks"",""resist"":[""bludgeoning"",""piercing"",""slashing""]}]",,"[""poison"",""psychic""]","[""charmed"",""exhaustion"",""frightened"",""paralyzed"",""petrified"",""poisoned""]","[""understands the languages of its creator but can't speak""]",CS,,"desert, underdark, urban","AOE, MW",ToB1-2023,False,,,-1,,,,-1,0,0,0,0,0,0,0,0,1,0,0,0,0,0,0,0,0,1,0,1,1,1,0,0,1,0,1,1,1,1,1,1,1,1,1,1,1,1,1,1,0,0,0,0,1,1,1,1,0,0,0,1,0,1,0,0,0,0,0,1,1,1,1,1
2587,2587,Flying Horror,0,0,9,16,49,9d8 + 9,N E,aberration,,,M,9,20,12,2,15,16,-1,-1,-1,-1,-1,-1,-1,-1,-1,4,-1,7,-1,-1,-1,-1,-1,-1,-1,-1,-1,-1,-1,-1,0,14,SD,30,,-1,,-1,,60,,-1,True,"[""Sunlight Sensitivity""]",,,,,,True,,False,False,"[""frightened""]","S,Y","[""wisdom""]",-1,0,,,,False,,"[""radiant""]",,"[""frightened""]",,,,,MW,GGR,False,,,-1,,,,-1,0,0,0,0,0,0,0,0,1,0,0,0,0,0,0,0,1,1,1,1,1,1,1,1,1,0,1,0,1,1,1,1,1,1,1,1,1,1,1,1,0,0,0,0,1,1,0,1,0,0,0,1,0,0,1,1,1,0,0,1,1,1,1,1
2733,2733,Winter Wolf,0,0,9,13,75,10d10 + 20,N E,monstrosity,,,L,18,13,14,7,12,8,-1,-1,-1,-1,-1,-1,-1,-1,-1,5,-1,3,-1,-1,-1,-1,-1,-1,-1,-1,-1,-1,-1,-1,0,15,,50,,-1,,-1,,-1,,-1,True,"[""Camouflage"",""Keen Senses"",""Pack Tactics""]",,,,,,True,"[""Breath Weapon""]",False,False,"[""prone""]","C,P","[""dexterity"",""strength""]",-1,0,,,,False,,,"[""cold""]",,"[""Common"",""Giant"",""Winter Wolf""]","C,GI,OTH",,arctic,"AOE, MW",MM,False,,,-1,,,True,-1,0,0,0,0,0,0,0,0,1,0,0,0,0,0,0,0,1,1,1,1,1,1,1,1,1,0,1,0,1,1,1,1,1,1,1,1,1,1,1,1,0,0,1,0,1,1,1,1,0,0,0,1,0,1,0,0,0,0,0,1,1,1,0,1
1265,1265,Ashari Skydancer,0,1,11,14,63,14d8,,humanoid,any,,M,10,18,10,12,16,11,-1,-1,-1,-1,7,-1,-1,-1,-1,6,-1,-1,-1,7,-1,-1,-1,-1,-1,-1,-1,-1,-1,-1,0,16,,30,,-1,,-1,with item ,60,,-1,True,"[""Flyby""]",Wis,,,"[""restrained""]","[""strength""]",True,"[""Multiattack""]",False,True,,"B, L",,-1,0,,,,False,,,,,"[""Auran"",""Common"",""Druidic""]","AU,C,DU",,,MW,TDCSR,False,"[""Ashari""]",,-1,,,,-1,0,0,0,0,0,0,1,0,1,0,0,0,0,0,0,0,1,1,1,1,0,1,1,1,1,0,1,1,1,0,1,1,1,1,1,1,1,1,1,1,0,0,1,0,1,1,0,1,1,0,1,1,0,1,0,0,1,0,0,1,1,1,1,1
83,83,Jade Tigress,0,0,14,15,71,11d8 + 21,L E,humanoid,Human,,M,18,14,15,11,16,11,-1,-1,-1,5,-1,7,-1,-1,6,6,-1,-1,-1,-1,-1,7,-1,3,-1,-1,-1,-1,-1,-1,0,16,,40,,-1,,-1,,-1,,-1,True,,,,,,,True,"[""Multiattack""]",True,True,"[""exhaustion"",""stunned""]","I,O,P","[""constitution""]",-1,0,,,,False,"[""poison""]",,,"[""charmed"",""frightened""]","[""Common""]",C,,,"MW, RW, THW",CM,False,,,-1,,,,-1,0,0,0,0,0,0,0,0,1,0,0,0,0,0,0,0,1,1,1,0,1,0,1,1,0,0,1,1,1,1,1,0,1,0,1,1,1,1,1,1,0,0,1,0,1,1,1,1,0,0,0,1,0,1,0,0,1,0,0,1,1,1,1,1
1677,1677,Gegazol,0,0,30,22,462,25d20 + 200,C E,undead,,,G,27,14,26,16,15,23,-1,10,9,-1,9,-1,-1,-1,-1,9,-1,-1,-1,-1,-1,-1,-1,-1,-1,-1,-1,-1,-1,-1,0,19,"B, SD",40,,40,,-1,,80,,40,True,"[""Legendary Resistances"",""Magic Resistance"",""Rejuvenation"",""Turn Resistance""]",,,,,,True,"[""Breath Weapon"",""Frightful Presence"",""Multiattack""]",False,False,"[""frightened"",""poisoned"",""prone""]","B, C,N,P","[""constitution"",""dexterity"",""strength"",""wisdom""]",-1,0,,"[""constitution""]",,False,,,"[""cold"",""necrotic"",""poison""]","[""charmed"",""exhaustion"",""frightened"",""paralyzed"",""poisoned""]","[""Draconic""]",DR,,,"AOE, MW, RCH",GHLoE,False,,,-1,,,,-1,0,0,0,0,0,0,0,0,1,0,0,0,0,0,0,0,1,0,0,1,0,1,1,1,1,0,1,1,1,1,1,1,1,1,1,1,1,1,1,1,0,0,0,0,0,1,0,0,0,0,0,1,0,1,0,0,1,0,0,1,1,1,1,1
949,949,Oshundo the Alhoon,0,0,16,15,150,20d8 + 60,N E,undead,"mind flayer, wizard",,M,11,12,16,19,17,17,7,8,7,7,-1,-1,8,8,7,7,-1,5,-1,-1,-1,-1,-1,-1,-1,-1,-1,-1,-1,-1,0,17,U,30,,-1,,-1,hover,15,,-1,True,"[""Magic Resistance""]",Int,,O,"[""charmed"",""incapacitated"",""invisible""]","[""charisma"",""wisdom""]",True,"[""Multiattack""]",False,True,"[""stunned""]","C,O,T","[""intelligence""]",-1,0,,,,False,"[""cold"",""lightning"",""necrotic""]",,"[""poison""]","[""charmed"",""exhaustion"",""frightened"",""paralyzed"",""poisoned""]","[""Common"",""Deep Speech"",""telepathy 120 ft."",""Undercommon""]","C,DS,TP,U",,,AOE,PaBTSO,False,,,-1,,,,-1,0,0,0,0,0,0,0,0,1,0,0,0,0,0,0,0,0,0,0,0,1,1,0,0,0,0,1,0,1,1,1,1,1,1,1,1,1,1,1,1,0,0,0,0,1,1,0,1,0,0,0,1,0,1,0,0,1,0,0,1,1,1,1,1
703,703,Demogorgon,0,0,32,22,406,28d12 + 224,C E,fiend,demon,,H,29,14,26,20,17,25,15,-1,11,16,10,-1,-1,-1,11,19,-1,-1,-1,-1,-1,-1,-1,-1,-1,-1,-1,-1,-1,-1,0,29,U,50,,-1,,-1,,-1,,50,True,"[""Legendary Resistances"",""Magic Resistance"",""Magic Weapons""]",Cha,Y,I,"[""blinded"",""deafened"",""frightened"",""restrained""]","[""intelligence"",""wisdom""]",True,"[""Multiattack"",""Tentacles""]",False,False,"[""charmed"",""stunned""]","B, N","[""constitution"",""wisdom""]",2,0,,"[""wisdom""]",,False,"[""cold"",""fire"",""lightning""]",,"[""poison"",{""cond"":true,""immune"":[""bludgeoning"",""piercing"",""slashing""],""note"":""that is nonmagical""}]","[""charmed"",""exhaustion"",""frightened"",""poisoned""]","[""all"",""telepathy 120 ft.""]","TP,XX",,,"HPR, MW, RCH",MTF,False,,,-1,,,True,-1,0,0,0,0,0,0,0,0,1,0,0,0,0,0,0,0,0,1,0,0,0,1,1,1,0,0,1,1,1,1,1,1,1,1,1,1,1,1,1,1,0,0,0,0,1,1,1,0,0,0,0,0,0,1,0,0,1,0,0,1,1,1,0,1
2400,2400,Sir Jared,0,0,11,20,90,12d8 + 36,N G,humanoid,,,M,18,12,17,13,14,17,-1,-1,-1,6,-1,7,4,-1,-1,-1,-1,-1,-1,-1,-1,7,-1,-1,-1,-1,6,-1,-1,5,0,12,,30,,-1,,-1,,-1,,-1,False,,,,,,,True,"[""Multiattack""]",False,True,,"R,S",,-1,0,,,,False,,,,"[""blinded"",""charmed"",""frightened""]","[""Common"",""Halfling""]","C,H",longsword,,"MLW,MW",BMT,False,,,-1,,,,-1,0,0,0,0,0,0,0,0,1,0,0,0,0,0,0,0,1,1,1,0,1,0,0,1,1,1,1,1,1,1,1,0,1,1,1,1,0,1,1,0,0,0,1,0,1,1,1,1,1,0,1,1,0,1,0,0,1,0,0,1,1,1,1,1
2099,2099,Howler,0,0,14,16,90,12d10 + 24,C E,fiend,,,L,17,16,15,5,20,6,-1,-1,-1,-1,-1,-1,-1,-1,-1,8,-1,-1,-1,-1,-1,-1,-1,-1,-1,-1,-1,-1,-1,-1,0,15,D,40,,-1,,-1,,-1,,-1,True,"[""Pack Tactics""]",,,,,,True,"[""Multiattack""]",False,False,"[""frightened""]","P,Y","[""wisdom""]",-1,0,,,,False,"[""cold"",""fire"",""lightning"",{""cond"":true,""note"":""from nonmagical attacks"",""resist"":[""bludgeoning"",""piercing"",""slashing""]}]",,,"[""frightened""]","[""understands Abyssal but can't speak""]","AB,CS",,"desert, grassland, hill, underdark","AOE, MW",MTF,False,,,-1,,,True,-1,0,0,0,0,0,0,0,0,1,0,0,0,0,0,0,0,1,1,1,1,1,1,1,1,1,0,1,1,1,1,1,1,1,1,1,1,1,1,1,1,0,0,0,0,1,1,1,1,0,0,0,1,0,1,0,0,0,0,0,1,1,1,0,1
790,790,Titivilus,0,0,22,20,150,20d8 + 60,L E,fiend,devil,,M,19,22,17,24,22,26,13,-1,11,8,11,-1,-1,-1,11,-1,-1,-1,-1,-1,-1,-1,13,13,-1,-1,13,-1,-1,-1,0,16,SD,40,,-1,,-1,,60,,-1,True,"[""Legendary Resistances"",""Magic Resistance"",""Regeneration""]",Cha,"B, P,S",O,"[""blinded"",""charmed"",""deafened"",""incapacitated"",""invisible""]","[""wisdom""]",True,"[""Multiattack"",""Teleport""]",False,False,"[""charmed"",""frightened""]","N,O","[""charisma"",""wisdom""]",-1,0,,,,False,"[""cold"",{""cond"":true,""note"":""from nonmagical attacks that aren't silvered"",""resist"":[""bludgeoning"",""piercing"",""slashing""]}]",,"[""fire"",""poison""]","[""charmed"",""exhaustion"",""frightened"",""poisoned""]","[""all"",""telepathy 120 ft.""]","TP,XX",,,"HPR, MW",MPMM,False,,,-1,,,,-1,0,0,0,0,0,0,0,0,1,0,0,0,0,0,0,0,0,1,0,0,0,1,1,1,0,1,1,1,1,1,1,1,0,0,1,1,0,1,1,1,0,0,0,0,1,1,0,1,0,0,0,1,0,1,0,0,1,0,0,1,1,1,1,1
2378,2378,Downcast Mercenary,0,0,11,17,82,11d8 + 33,A,humanoid,,,M,17,15,16,12,13,14,-1,-1,4,-1,-1,-1,-1,-1,-1,4,-1,-1,-1,-1,-1,6,-1,-1,-1,-1,-1,4,-1,-1,0,14,,30,,-1,,-1,,-1,,-1,True,,,,,,,True,"[""Multiattack""]",False,False,,S,,-1,0,,,,False,"[""necrotic""]",,,,"[""Celestial and two other languages""]","CE,X",greatsword,,"MLW,MW",GHLoE,False,,,-1,,,,-1,0,0,0,0,0,0,0,0,1,0,0,0,0,0,0,0,1,1,0,1,1,1,1,1,1,0,1,1,1,1,1,0,1,1,1,1,1,0,1,1,0,0,1,0,1,1,1,1,1,0,1,1,0,1,0,0,1,0,0,1,1,1,1,1
353,353,Quandrix Pledgemage,0,0,10,12,66,12d8 + 12,A,humanoid,wizard,,S M,10,14,13,17,14,11,-1,5,4,-1,-1,-1,7,-1,-1,-1,-1,-1,7,-1,-1,-1,-1,-1,-1,5,-1,-1,-1,-1,0,12,,30,,-1,,-1,,-1,,-1,False,,Int,O,O,,"[""constitution""]",True,"[""Multiattack""]",True,False,,O,"[""constitution""]",-1,0,,,,False,,,,,"[""Common plus any two languages""]","C,X",,,AOE,SCC,False,,,-1,,,,-1,0,0,0,0,0,0,0,0,1,0,0,0,0,0,0,0,1,0,0,1,1,1,0,1,1,1,1,1,0,1,1,1,1,1,1,0,1,1,1,1,0,0,1,0,1,1,1,1,1,0,0,1,0,1,0,0,1,0,0,1,1,1,1,1
2219,2219,Kongamato,0,0,12,16,127,17d10 + 34,U,beast,,,L,19,18,14,2,10,7,-1,-1,-1,-1,-1,-1,-1,-1,-1,3,-1,-1,-1,-1,-1,-1,-1,-1,-1,-1,-1,-1,-1,-1,0,13,,10,,-1,,-1,,60,,-1,True,"[""Flyby""]",,,,,,True,"[""Multiattack""]",False,False,"[""frightened"",""grappled""]","P,S,T","[""constitution""]",-1,0,,,,False,,,,,,,,forest,"AOE, MW, RCH",ToB1-2023,False,,,-1,,,,-1,0,0,0,0,0,0,0,0,1,0,0,0,0,0,0,0,1,1,1,1,1,1,1,1,1,0,1,1,1,1,1,1,1,1,1,1,1,1,1,1,0,0,1,0,1,1,0,1,0,0,0,1,0,1,1,1,0,0,0,1,1,1,1,1
1881,1881,Thuellai,0,0,18,17,161,14d12 + 70,C N,elemental,,,H,22,24,20,10,11,14,6,4,4,-1,-1,-1,-1,-1,-1,4,-1,-1,-1,-1,-1,-1,-1,-1,-1,-1,-1,-1,-1,-1,0,14,D,0,,-1,,-1,hover,100,,-1,True,,,,,,,True,"[""Breath Weapon"",""Multiattack""]",False,False,,"C,S","[""constitution"",""dexterity""]",-1,0,,,,False,"[""lightning"",""thunder"",{""cond"":true,""note"":""from nonmagical attacks"",""resist"":[""bludgeoning"",""piercing"",""slashing""]}]","[""fire""]","[""poison""]","[""exhaustion"",""grappled"",""paralyzed"",""petrified"",""poisoned"",""prone"",""restrained"",""unconscious""]","[""Common"",""Dwarvish"",""Primordial""]","C,D,P",,arctic,"AOE, MW, RCH",ToB1-2023,False,,,-1,,,,-1,0,0,0,0,0,0,0,0,1,0,0,0,0,0,0,0,0,0,0,1,1,1,1,1,1,0,1,1,1,1,1,1,1,1,1,1,1,1,1,1,0,0,0,0,1,1,0,1,1,0,0,1,0,0,0,0,0,0,0,1,1,1,1,1
511,511,Ki-rin,0,0,18,20,152,16d12 + 48,L G,celestial,,,H,21,16,16,19,20,20,-1,-1,-1,-1,-1,-1,-1,-1,9,9,-1,-1,-1,-1,-1,-1,-1,-1,-1,-1,-1,8,-1,-1,0,19,"B, SD",60,,-1,,-1,hover,120,,-1,True,"[""Legendary Resistances"",""Magic Resistance"",""Magic Weapons""]",Cha,"O,R","CC,I",,"[""charisma"",""dexterity"",""wisdom""]",True,"[""Multiattack""]",False,False,,"B, P",,-1,0,,,,False,,,"[""poison""]","[""poisoned""]","[""all"",""telepathy 120 ft.""]","TP,XX",,"mountain, grassland, desert, coastal","MW, RCH",VGM,False,,,-1,,,True,-1,0,0,0,0,0,0,0,0,1,0,0,0,0,0,0,0,1,1,1,1,1,1,1,1,0,0,1,1,1,1,1,1,1,1,1,1,1,0,1,1,0,0,0,0,1,1,0,1,1,0,1,1,0,1,0,0,0,0,0,1,1,1,0,1
1381,1381,Giant Space Hamster,0,0,4,11,22,4d10,U,beast,,,L,14,12,10,2,12,4,-1,-1,-1,-1,-1,-1,-1,-1,-1,-1,-1,-1,-1,-1,-1,-1,-1,-1,-1,-1,-1,-1,-1,-1,0,11,,30,,10,,-1,,-1,,-1,False,,,,,,,True,,False,False,,P,,-1,0,,,,False,,,,,,,,,MW,BAM,False,,,-1,,,,-1,0,0,0,0,0,0,0,0,1,0,0,0,0,0,0,0,1,1,1,1,1,1,1,1,1,1,1,1,1,1,1,1,1,1,1,1,1,1,1,1,0,0,1,0,0,1,1,1,1,0,1,1,0,1,1,1,1,0,0,1,1,1,1,1
595,595,Bol'bara,0,0,9,15,40,9d6 + 9,C G,humanoid,goblinoid,,S,11,14,12,10,13,14,-1,-1,-1,-1,-1,-1,-1,-1,-1,-1,-1,-1,-1,-1,-1,-1,-1,-1,-1,-1,-1,-1,-1,-1,0,11,D,30,,-1,,-1,,-1,,-1,True,,Cha,"N,O",I,,"[""wisdom""]",True,"[""Multiattack""]",False,False,,"O,P",,2,0,,,,False,,,,,"[""Common"",""Goblin""]","C,GO",dagger,,"AOE, MLW,MW, RW, THW",EGW,False,,,-1,,,,-1,0,0,0,0,0,0,0,0,1,0,0,0,0,0,0,0,1,1,1,1,1,1,1,1,1,1,1,1,1,1,1,1,1,1,1,1,1,1,1,1,0,0,0,0,1,1,1,1,1,0,1,0,0,1,0,0,1,0,0,1,1,1,1,1
245,245,Forest Master,0,0,14,16,105,14d10 + 28,N G,celestial,unicorn,,L,18,14,15,13,19,17,-1,4,7,-1,-1,-1,-1,-1,7,7,-1,-1,-1,-1,-1,-1,-1,-1,-1,4,-1,-1,-1,-1,0,17,D,50,,-1,,-1,,-1,,-1,True,"[""Legendary Resistances"",""Magic Resistance""]",Wis,,O,,,True,"[""Multiattack""]",True,True,,"B, P,R","[""dexterity""]",-1,0,,,,False,,,"[""poison""]","[""charmed"",""paralyzed"",""poisoned""]","[""Celestial"",""Elvish"",""Sylvan"",""telepathy 60 ft.""]","CE,E,S,TP",,,"AOE, MW",MCV2DC,False,,,-1,,,,-1,0,0,0,0,0,0,0,0,1,0,0,0,0,0,0,0,1,0,0,1,1,1,1,1,0,0,1,1,1,1,1,1,1,1,1,0,1,1,1,1,0,0,0,0,1,1,1,1,1,0,0,1,0,1,0,0,1,0,0,1,1,1,1,1
967,967,Cornelius Watson,0,0,18,15,154,28d8 + 28,N G,humanoid,Human,,M,10,14,12,20,15,16,-1,9,6,-1,-1,-1,13,13,-1,6,-1,-1,13,-1,-1,-1,-1,-1,-1,-1,-1,-1,-1,-1,0,16,,30,,-1,,-1,,-1,,-1,True,"[""Magic Resistance""]",Int,,O,,"[""wisdom""]",True,"[""Multiattack""]",False,False,,L,,-1,0,,,,False,"[{""special"":""damage from spells""}]",,,,"[""Celestial"",""Common"",""Dwarvish"",""Gnomish"",""Halfling"",""Infernal""]","C,CE,D,G,H,I",,,,MaBJoV,False,,,-1,,,,-1,0,0,0,0,0,0,0,0,1,0,0,0,0,0,0,0,1,0,0,1,1,1,0,0,1,0,1,1,0,1,1,1,1,1,1,1,1,1,1,1,0,0,1,0,1,1,1,1,1,0,1,1,0,1,0,0,1,1,0,1,1,1,1,1
2337,2337,Young Deep Dragon,0,0,11,16,93,11d10 + 33,N E,dragon,,,L,18,13,16,12,14,16,6,-1,5,6,4,-1,-1,-1,-1,5,-1,7,-1,-1,-1,-1,-1,-1,-1,-1,6,-1,-1,-1,0,15,"B, SD",40,,20,,-1,,80,,40,False,,,,,,,True,"[""Breath Weapon"",""Multiattack""]",False,False,"[""frightened""]","I,P,S,Y","[""wisdom""]",-1,0,,,,False,"[""poison"",""psychic""]",,,"[""charmed"",""frightened"",""poisoned""]","[""Common"",""Draconic"",""Undercommon""]","C,DR,U",,,"AOE, MW, RCH",FTD,False,,,-1,,True,,-1,0,0,0,0,0,0,0,0,1,0,0,0,0,0,0,0,0,1,0,0,0,1,1,1,1,0,1,0,1,1,1,1,1,1,1,1,0,1,1,1,0,0,0,0,0,1,0,0,0,0,0,1,0,1,0,0,1,0,0,1,1,0,1,1
2291,2291,Swarm of Wolf Spirits,0,0,12,16,104,16d10 + 16,N E,undead,,True,L,14,18,12,4,10,12,-1,-1,3,-1,7,-1,-1,-1,-1,3,-1,7,-1,-1,-1,-1,-1,-1,-1,-1,-1,-1,-1,-1,0,13,SD,50,,-1,,-1,hover,50,,-1,True,"[""Incorporeal Movement""]",,,,,,True,"[""Multiattack""]",False,False,"[""frightened""]","C,N,O","[""constitution""]",-1,0,,,,False,"[""acid"",""bludgeoning"",""fire"",""lightning"",""necrotic"",""piercing"",""slashing"",""thunder""]",,"[""cold"",""poison""]","[""charmed"",""exhaustion"",""frightened"",""grappled"",""paralyzed"",""petrified"",""poisoned"",""prone"",""restrained"",""stunned""]","[""understands Common but can't speak""]","C,CS",,arctic,"AOE, MW",ToB1-2023,False,,,-1,,,,-1,0,0,0,0,0,0,0,0,0,0,0,0,0,0,0,0,1,1,0,1,0,1,1,1,1,0,1,0,1,1,1,1,1,1,1,1,1,1,1,1,0,0,0,0,1,1,0,1,0,0,0,1,0,1,0,0,0,0,0,1,1,1,1,1
1375,1375,Giant Frog,0,0,4,11,18,4d8,U,beast,,,M,12,13,11,2,10,3,-1,-1,-1,-1,-1,-1,-1,-1,-1,2,-1,3,-1,-1,-1,-1,-1,-1,-1,-1,-1,-1,-1,-1,0,12,D,30,,-1,,-1,,-1,,30,True,"[""Amphibious""]",,,,,,True,"[""Swallow""]",False,False,"[""blinded"",""grappled"",""restrained""]","A, P",,-1,0,,,,False,,,,,,,,"forest, swamp",MW,MM,False,,,-1,,,True,-1,0,0,0,0,0,0,0,0,1,0,0,0,0,0,0,0,1,1,1,1,1,1,1,1,1,0,1,0,1,1,1,1,1,1,1,1,1,1,1,1,0,0,0,0,1,1,1,0,0,0,1,1,0,1,1,1,0,0,0,1,1,1,0,1
2361,2361,Spawn of Akyishigal,0,0,11,15,119,14d8 + 56,C E,fiend,demon,,M,15,13,19,10,11,12,-1,-1,-1,-1,4,-1,-1,-1,-1,-1,-1,-1,-1,-1,-1,-1,-1,-1,-1,-1,-1,-1,-1,-1,0,10,D,30,,-1,,30,,-1,,-1,True,"[""Magic Resistance""]",,,,,,True,"[""Multiattack""]",False,False,"[""poisoned""]","I,P","[""constitution""]",-1,0,,,,False,"[""cold"",""fire"",""lightning""]",,"[""poison""]","[""poisoned""]","[""Abyssal""]",AB,,urban,MW,ToB1-2023,False,,,-1,,,,-1,0,0,0,0,0,0,0,0,1,0,0,0,0,0,0,0,1,1,1,1,0,1,1,1,1,1,1,1,1,1,1,1,1,1,1,1,1,1,1,1,0,0,0,0,1,0,1,1,0,0,0,1,0,1,0,0,0,0,0,1,1,1,1,1
1408,1408,Broom of Animated Attack,0,1,4,15,17,5d6,U,construct,,,S,10,17,10,1,5,1,-1,-1,-1,-1,-1,-1,-1,-1,-1,-1,-1,-1,-1,-1,-1,-1,-1,-1,-1,-1,-1,-1,-1,-1,0,7,B,0,,-1,,-1,hover,50,,-1,True,"[""Antimagic Susceptibility"",""False Appearance""]",,,,,,True,"[""Multiattack""]",False,True,,B,,-1,0,,,,False,,,"[""poison"",""psychic""]","[""blinded"",""charmed"",""deafened"",""exhaustion"",""frightened"",""paralyzed"",""petrified"",""poisoned"",""prone""]",,,,,MW,CoS,False,,,-1,,,,-1,0,0,0,0,0,0,0,0,1,0,0,0,0,0,0,0,1,1,1,1,1,1,1,1,1,1,1,1,1,1,1,1,1,1,1,1,1,1,1,1,0,0,0,0,1,1,0,1,1,0,1,1,0,1,1,1,1,0,0,1,1,1,1,1
2406,2406,Aphemia,0,0,11,15,52,8d8 + 16,C E,monstrosity,,,M,13,16,15,13,14,16,6,-1,-1,-1,6,-1,4,-1,-1,5,-1,-1,-1,-1,-1,-1,-1,6,-1,-1,-1,-1,-1,-1,0,15,SD,20,,-1,,-1,,50,,-1,True,"[""Legendary Resistances"",""Magic Resistance""]",,,,,,True,"[""Multiattack""]",False,False,"[""frightened""]","N,P,S,Y","[""wisdom""]",-1,0,,,,False,"[""necrotic""]",,,"[""charmed"",""frightened""]","[""Common""]",C,,,MW,MOT,False,,,-1,,,,-1,0,0,0,0,0,0,0,0,1,0,0,0,0,0,0,0,0,1,1,1,0,1,0,1,1,0,1,1,1,1,1,1,1,0,1,1,1,1,1,1,0,0,0,0,1,1,0,1,0,0,0,1,0,1,0,0,1,0,0,1,1,1,1,1
868,868,Sahuagin Wave Shaper,0,1,11,14,60,11d8 + 11,L E,humanoid,sahuagin,,M,10,12,12,16,14,12,-1,6,-1,-1,-1,-1,6,-1,-1,5,-1,-1,-1,-1,-1,-1,-1,4,-1,-1,-1,-1,-1,-1,0,15,SD,30,,-1,,-1,,-1,,40,True,,Int,,I,,,True,"[""Multiattack""]",False,False,,"B, C,P,S","[""strength""]",-1,0,,,,False,,,,,sahuagin,OTH,,,MW,GoS,False,,,-1,,,,-1,0,0,0,0,0,0,0,0,1,0,0,0,0,0,0,0,1,0,1,1,1,1,0,1,1,0,1,1,1,1,1,1,1,0,1,1,1,1,1,1,0,0,0,0,1,1,1,0,1,0,0,1,0,1,0,0,1,0,0,1,1,1,1,1
2594,2594,Amphiptere,0,0,9,15,60,8d8 + 24,U,beast,,,M,11,18,17,2,16,6,-1,-1,-1,-1,-1,-1,-1,-1,-1,5,-1,-1,-1,-1,-1,-1,-1,-1,-1,-1,-1,-1,-1,-1,0,15,B,20,,-1,,20,,60,,20,True,"[""Flyby""]",,,,,,True,"[""Multiattack""]",False,False,"[""poisoned""]","I,P","[""constitution""]",-1,0,,,,False,,,,,,,,"forest, hill",MW,ToB1-2023,False,,,-1,,,,-1,0,0,0,0,0,0,0,0,1,0,0,0,0,0,0,0,1,1,1,1,1,1,1,1,1,0,1,1,1,1,1,1,1,1,1,1,1,1,1,1,0,0,0,0,1,0,0,0,0,0,0,1,0,1,1,1,0,0,0,1,1,1,1,1
2591,2591,Neogi Pirate,0,0,9,16,33,6d6 + 12,L E,aberration,,,S,6,15,14,13,12,15,-1,-1,-1,-1,-1,-1,-1,-1,-1,3,-1,4,-1,-1,-1,-1,-1,-1,-1,-1,-1,-1,-1,-1,0,13,D,30,,-1,,30,,-1,,-1,True,"[""Spider Climb""]",,,,,,True,"[""Multiattack""]",False,False,"[""poisoned""]","I,P,S","[""constitution""]",-1,0,,,,False,,,,,"[""Common"",""Deep Speech"",""Undercommon""]","C,DS,U",,,MW,BAM,False,,,-1,,,,-1,0,0,0,0,0,0,0,0,1,0,0,0,0,0,0,0,1,1,1,1,1,1,1,1,1,0,1,0,1,1,1,1,1,1,1,1,1,1,1,1,0,0,0,0,1,0,1,1,0,0,0,1,0,1,0,0,1,0,0,1,1,1,1,1
488,488,Kikimora,0,0,11,15,78,12d8 + 24,C N,fey,,,M,13,18,15,12,16,21,-1,-1,-1,-1,-1,-1,-1,-1,-1,-1,-1,7,-1,-1,-1,-1,8,-1,-1,-1,8,-1,-1,-1,0,13,D,30,,-1,,-1,,-1,,-1,True,"[""Magic Resistance""]",,,,,,True,"[""Multiattack""]",True,False,"[""invisible""]",S,,-1,0,,,,False,"[{""cond"":true,""note"":""from nonmagical attacks"",""resist"":[""bludgeoning"",""piercing"",""slashing""]}]",,,,"[""Common"",""Sylvan""]","C,S",,urban,MW,ToB1-2023,False,,,-1,,,,-1,0,0,0,0,0,0,0,0,1,0,0,0,0,0,0,0,1,1,1,1,1,1,1,1,1,1,1,0,1,1,1,1,0,1,1,1,0,1,1,1,0,0,0,0,1,1,1,1,0,0,1,1,0,1,0,0,0,0,0,1,1,1,1,1
2593,2593,Spectator,0,0,9,14,39,6d8 + 12,L N,aberration,,,M,8,14,14,13,14,11,-1,-1,-1,-1,-1,-1,-1,-1,-1,6,-1,-1,-1,-1,-1,-1,-1,-1,-1,-1,-1,-1,-1,-1,0,16,SD,0,,-1,,-1,hover,30,,-1,False,,,,,,,True,,False,True,"[""frightened"",""paralyzed""]","N,P","[""constitution"",""wisdom""]",-1,0,,,,False,,,,"[""prone""]","[""Deep Speech"",""Undercommon"",""telepathy 120 ft.""]","DS,TP,U",,underdark,MW,MM,False,"[""Beholders""]",,-1,,,True,-1,0,0,0,0,0,0,0,0,1,0,0,0,0,0,0,0,1,1,1,1,1,1,1,1,1,0,1,1,1,1,1,1,1,1,1,1,1,1,1,1,0,0,0,0,1,1,0,1,0,0,0,1,0,1,0,0,0,0,0,1,1,1,0,1
2556,2556,Water Leaper,0,0,10,14,97,13d10 + 26,U,monstrosity,,,L,16,14,15,4,12,5,-1,-1,-1,-1,-1,-1,-1,-1,-1,-1,-1,4,-1,-1,-1,-1,-1,-1,-1,-1,-1,-1,-1,-1,0,11,D,5,,-1,,-1,,50,,40,True,"[""Amphibious"",""Camouflage""]",,,,,,True,"[""Multiattack"",""Swallow""]",False,False,"[""blinded"",""grappled"",""poisoned"",""restrained""]","A, I,P","[""constitution""]",-1,0,,,,False,,,,,,,,underwater,MW,ToB1-2023,False,,,-1,,,,-1,0,0,0,0,0,0,0,0,1,0,0,0,0,0,0,0,1,1,1,1,1,1,1,1,1,1,1,0,1,1,1,1,1,1,1,1,1,1,1,1,0,0,0,0,1,1,0,0,0,0,0,1,0,1,1,1,0,0,0,1,1,1,1,1
917,917,Neo-Otyugh,0,1,13,16,150,12d12 + 72,N,aberration,,,H,20,11,22,12,13,6,-1,-1,-1,9,-1,-1,-1,-1,-1,-1,-1,-1,-1,-1,-1,-1,-1,-1,-1,-1,-1,-1,-1,-1,0,11,SD,30,,-1,,-1,,-1,,-1,True,,Int,,"I,P","[""paralyzed"",""prone""]","[""wisdom""]",True,"[""Multiattack"",""Tentacles""]",False,False,"[""grappled"",""poisoned"",""restrained"",""stunned""]","B, P","[""constitution""]",-1,0,,,,False,,,,"[""poisoned""]","[""Otyugh""]",OTH,,,"DIS, MW, RCH",IMR,False,,,-1,,,,-1,0,0,0,0,0,0,0,0,1,0,0,0,0,0,0,0,1,1,1,0,1,1,1,1,1,1,1,1,1,1,1,1,1,1,1,1,1,1,1,1,0,0,0,0,1,1,1,1,0,0,0,1,0,1,0,0,1,0,0,1,1,1,1,1
2163,2163,Spark,0,0,13,15,104,16d4 + 64,C N,elemental,,,T,4,20,18,10,12,17,-1,-1,-1,-1,8,-1,-1,-1,-1,-1,-1,-1,-1,-1,-1,-1,-1,-1,-1,-1,-1,-1,-1,-1,0,11,D,10,,-1,,-1,hover,60,,-1,True,,,,,,,True,"[""Multiattack""]",False,False,"[""incapacitated""]",L,"[""charisma"",""constitution""]",-1,0,,,,False,"[""thunder"",{""cond"":true,""note"":""from nonmagical attacks"",""resist"":[""bludgeoning"",""piercing"",""slashing""]}]",,"[""lightning""]","[""exhaustion"",""grappled"",""paralyzed"",""petrified"",""poisoned"",""prone"",""restrained"",""unconscious""]","[""Common"",""Primordial""]","C,P",,"grassland, planar",,ToB1-2023,False,,,-1,,,,-1,0,0,0,0,0,0,0,0,1,0,0,0,0,0,0,0,1,1,1,1,0,1,1,1,1,1,1,1,1,1,1,1,1,1,1,1,1,1,1,1,0,0,0,0,1,1,0,1,0,0,0,1,0,1,0,0,0,1,0,1,1,1,1,1
3085,3085,Astral Blight,0,1,7,12,26,4d8 + 8,U,plant,,,M,16,8,14,6,10,3,-1,-1,-1,-1,-1,-1,-1,-1,-1,-1,-1,-1,-1,-1,-1,-1,-1,-1,-1,-1,-1,-1,-1,-1,0,10,B,10,,-1,,-1,,-1,,-1,True,"[""Illumination"",""Unusual Nature""]",,,,,,True,"[""Multiattack""]",False,False,"[""grappled""]","C,R",,-1,0,,,,False,"[""cold"",""radiant""]",,,,,,,,"AOE, MW, RCH",LoX,False,,,-1,,,,-1,0,0,0,0,0,0,0,0,1,0,0,0,0,0,0,0,1,1,1,1,1,1,1,1,1,1,1,1,1,1,1,1,1,1,1,1,1,1,1,1,0,0,0,0,1,1,1,1,0,0,1,1,0,1,1,1,1,0,0,1,1,1,1,1
2850,2850,Ogre,0,0,8,11,59,7d10 + 21,C E,giant,,,L,19,8,16,5,7,7,-1,-1,-1,-1,-1,-1,-1,-1,-1,-1,-1,-1,-1,-1,-1,-1,-1,-1,-1,-1,-1,-1,-1,-1,0,8,D,40,,-1,,-1,,-1,,-1,False,,,,,,,True,,False,False,,"B, P",,-1,0,,,,False,,,,,"[""Common"",""Giant""]","C,GI","greatclub, javelin","grassland, forest, swamp, hill, desert, coastal, arctic, underdark, mountain","MLW,MW, RW, THW",MM,False,,,-1,,,True,-1,0,0,0,0,0,0,0,0,1,0,0,0,0,0,0,0,1,1,1,1,1,1,1,1,1,1,1,1,1,1,1,1,1,1,1,1,1,1,1,1,0,0,0,0,1,1,1,1,1,0,1,1,0,1,0,0,0,0,0,1,1,1,0,1
3184,3184,Gloam,0,0,6,12,2,1d4,U,undead,,,T,3,15,10,3,12,7,-1,-1,-1,-1,-1,-1,-1,-1,-1,3,-1,4,-1,-1,-1,-1,-1,-1,-1,-1,-1,-1,-1,-1,0,13,,40,,-1,,30,,-1,,-1,True,"[""Keen Senses""]",,,,,,True,,False,False,,S,,-1,0,,,,False,,,"[""poison""]","[""exhaustion"",""poisoned""]",,,,,MW,WBtW,False,,,-1,,,,-1,0,0,0,0,0,0,0,0,1,0,0,0,0,0,0,0,1,1,1,1,1,1,1,1,1,0,1,0,1,1,1,1,1,1,1,1,1,1,1,1,0,0,1,0,1,0,1,1,1,0,1,1,0,1,1,1,1,0,0,1,1,1,1,1
1629,1629,Myconid Adult,0,0,5,12,22,4d8 + 4,L N,plant,,,M,10,10,12,10,13,7,-1,-1,-1,-1,-1,-1,-1,-1,-1,-1,-1,-1,-1,-1,-1,-1,-1,-1,-1,-1,-1,-1,-1,-1,0,11,SD,20,,-1,,-1,,-1,,-1,True,,,,,,,True,,False,False,"[""exhaustion"",""poisoned"",""stunned""]","A, B, I","[""constitution"",""dexterity""]",-1,0,,,,False,,,,,,,,underdark,"AOE, DIS, MW",MM,False,,,-1,,True,True,-1,0,0,0,0,0,0,0,0,1,0,0,0,0,0,0,0,1,1,1,1,1,1,1,1,1,1,1,1,1,1,1,1,1,1,1,1,1,1,1,1,0,0,0,0,1,1,1,1,0,0,0,1,0,1,1,1,0,0,0,1,1,0,0,1
720,720,Xardorok Sunblight,0,0,11,16,93,11d8 + 44,L E,humanoid,dwarf,,M,16,11,18,12,13,18,7,-1,4,-1,-1,-1,4,-1,-1,-1,-1,-1,-1,-1,-1,-1,7,7,-1,-1,-1,-1,-1,-1,0,11,SD,25,,-1,,-1,,-1,,-1,True,"[""Sunlight Sensitivity""]",Cha,O,I,"[""paralyzed""]","[""wisdom""]",True,"[""Multiattack""]",False,True,"[""invisible""]","F,O,P","[""dexterity""]",-1,0,,,,False,"[""poison""]",,,,"[""Common"",""Dwarvish""]","C,D",,,MW,IDRotF,False,,,-1,,,,-1,0,0,0,0,0,0,0,0,1,0,0,0,0,0,0,0,0,1,0,1,1,1,0,1,1,1,1,1,1,1,1,1,0,0,1,1,1,1,1,1,0,0,0,0,1,1,1,1,0,0,0,1,0,1,0,0,1,0,0,1,1,1,1,1
1867,1867,Mask Wight,0,0,19,19,207,18d8 + 126,N E,undead,,,M,22,18,24,15,16,18,9,7,8,12,9,11,-1,-1,-1,-1,-1,-1,-1,-1,-1,-1,-1,-1,-1,-1,-1,-1,-1,-1,0,13,"D, U",40,,-1,,-1,,-1,,-1,True,,,,,,,True,"[""Multiattack""]",False,False,"[""deafened"",""prone""]","B, N,S,T, Y","[""charisma"",""strength"",""wisdom""]",-1,0,,,,False,"[""acid"",""cold"",""fire"",""lightning"",{""cond"":true,""note"":""from nonmagical attacks"",""resist"":[""bludgeoning"",""piercing"",""slashing""]}]","[""radiant""]","[""necrotic"",""poison""]","[""charmed"",""frightened"",""paralyzed"",""petrified"",""poisoned"",""stunned"",""unconscious""]","[""Abyssal"",""Common"",""Infernal""]","AB,C,I",,planar,"AOE, MW",ToB1-2023,False,,,-1,,,,-1,0,0,0,0,0,0,0,0,1,0,0,0,0,0,0,0,0,0,0,0,0,0,1,1,1,1,1,1,1,1,1,1,1,1,1,1,1,1,1,1,0,0,0,0,1,1,1,1,0,0,0,1,0,0,0,0,0,0,0,1,1,1,1,1
313,313,Lord of the Hunt,0,0,24,18,229,27d8 + 108,L N,fey,,,M,21,18,19,14,18,15,8,-1,10,-1,-1,11,-1,-1,-1,10,-1,-1,-1,-1,-1,11,-1,-1,-1,-1,-1,-1,-1,10,0,20,"B, SD",40,,-1,,-1,,-1,,-1,True,"[""Legendary Resistances""]",,,,,,True,"[""Multiattack"",""Parry""]",True,True,"[""charmed"",""prone""]","I,P","[""charisma""]",-1,0,,"[""dexterity"",""wisdom""]",,False,"[{""cond"":true,""note"":""from nonmagical attacks not made with cold iron weapons"",""resist"":[""bludgeoning"",""piercing"",""slashing""]}]",,"[""cold"",""poison""]","[""charmed"",""exhaustion"",""frightened"",""poisoned""]","[""Common"",""Draconic"",""Elvish"",""Sylvan""]","C,DR,E,S","longbow, spear","forest, planar","MLW,MW, RW, THW",ToB1-2023,False,,,-1,,,,-1,0,0,0,0,0,0,0,0,1,0,0,0,0,0,0,0,0,1,0,1,1,0,1,1,1,0,1,1,1,1,1,0,1,1,1,1,1,1,1,0,0,0,0,0,1,1,1,1,0,0,0,1,0,1,0,0,0,0,0,1,1,1,1,1
657,657,Drow Priestess of Lolth,0,0,14,16,71,13d8 + 13,N E,humanoid,Elf,,M,10,14,12,13,17,18,7,-1,6,4,-1,-1,-1,-1,6,6,-1,5,-1,-1,-1,-1,-1,-1,-1,-1,-1,4,-1,-1,0,16,SD,30,,-1,,-1,,-1,,-1,True,"[""Fey Ancestry"",""Sunlight Sensitivity""]",Cha,"F,I,P","CC,I","[""charmed"",""poisoned"",""restrained""]","[""constitution"",""dexterity"",""wisdom""]",True,"[""Multiattack""]",False,False,,"I,P,Y",,-1,0,,,,False,,,,,"[""Elvish"",""Undercommon""]","E,U",,underdark,MW,MM,False,,,-1,,True,True,-1,0,0,0,0,0,0,0,0,1,0,0,0,0,0,0,0,0,1,0,0,1,1,1,1,0,0,1,0,1,1,1,1,1,1,1,1,1,0,1,1,0,0,0,0,1,1,1,1,1,0,1,1,0,1,0,0,0,0,0,1,1,0,0,1
3071,3071,Female Steeder,0,0,7,14,30,4d10 + 8,U,monstrosity,,,L,15,16,14,2,10,3,-1,-1,-1,-1,-1,-1,-1,-1,-1,4,-1,7,-1,-1,-1,-1,-1,-1,-1,-1,-1,-1,-1,-1,0,14,SD,30,,-1,,30,,-1,,-1,True,"[""Spider Climb""]",,,,,,True,,False,False,"[""grappled""]","I,P",,-1,0,,,,False,,,,,,,,underdark,MW,MPMM,False,,,-1,,,,-1,0,0,0,0,0,0,0,0,1,0,0,0,0,0,0,0,1,1,1,1,1,1,1,1,1,0,1,0,1,1,1,1,1,1,1,1,1,1,1,1,0,0,0,0,1,0,1,1,0,0,1,1,0,1,1,1,0,0,0,1,1,1,1,1
857,857,Windharrow,0,0,9,15,55,10d8 + 10,N E,humanoid,half-elf,,M,10,16,12,14,10,17,-1,-1,-1,-1,-1,-1,-1,-1,-1,-1,7,5,-1,5,-1,-1,7,-1,-1,-1,5,-1,-1,-1,0,10,D,30,,-1,,-1,,-1,,-1,True,"[""Fey Ancestry""]",Cha,"O,T, Y",CB,"[""deafened"",""invisible""]","[""constitution"",""wisdom""]",True,"[""Multiattack""]",False,False,,P,,-1,0,,,,False,,,,,"[""Auran"",""Common"",""Elvish""]","AU,C,E",rapier,,"MLW,MW",PotA,False,,,-1,,,,-1,0,0,0,0,0,0,0,0,1,0,0,0,0,0,0,0,1,1,1,1,1,1,1,1,1,1,0,0,1,0,1,1,0,1,1,1,0,1,1,1,0,0,0,0,1,1,1,1,1,0,1,1,0,1,0,0,1,0,0,1,1,1,1,1
2823,2823,Green Guard Drake,0,0,8,14,52,7d8 + 21,U,dragon,,,M,16,11,16,4,10,7,-1,-1,-1,-1,-1,-1,-1,-1,-1,2,-1,-1,-1,-1,-1,-1,-1,-1,-1,-1,-1,-1,-1,-1,0,12,D,30,,-1,,-1,,-1,,30,True,"[""Amphibious""]",,,,,,True,"[""Multiattack""]",False,False,,"B, P",,-1,0,,,,False,"[""poison""]",,,,"[""understands Draconic but can't speak it""]","CS,DR",,"forest, urban",MW,VGM,False,,,-1,,,True,-1,0,0,0,0,0,0,0,0,1,0,0,0,0,0,0,0,1,1,1,1,1,1,1,1,1,0,1,1,1,1,1,1,1,1,1,1,1,1,1,1,0,0,0,0,1,1,1,0,1,0,1,1,0,1,0,0,0,0,0,1,1,1,0,1
954,954,Elder Brain,0,0,20,10,210,20d10 + 100,L E,aberration,,,L,15,10,20,21,19,24,12,10,9,-1,-1,-1,10,-1,14,-1,-1,-1,-1,-1,-1,-1,12,12,-1,-1,12,-1,-1,-1,0,14,B,5,,-1,,-1,,-1,,10,True,"[""Legendary Resistances"",""Magic Resistance""]",Int,,"I,P","[""charmed""]","[""charisma"",""constitution"",""wisdom""]",True,"[""Tentacles""]",False,False,"[""grappled"",""stunned""]","B, Y","[""charisma"",""intelligence""]",-1,0,,"[""charisma""]",,False,,,,,"[""understands Common"",""Deep Speech"",""and Undercommon but can't speak"",""telepathy 5 miles""]","C,CS,DS,TP,U",,underdark,"MW, RCH",VGM,False,,,-1,,,True,-1,0,0,0,0,0,0,0,0,1,0,0,0,0,0,0,0,0,0,0,1,1,1,0,1,0,1,1,1,1,1,1,1,0,0,1,1,0,1,1,1,0,0,0,0,1,1,1,0,0,0,0,1,0,1,0,0,0,0,0,1,1,1,0,1
1685,1685,Kraken,0,0,29,18,472,27d20 + 189,C E,monstrosity,titan,,G,30,11,25,22,18,20,-1,13,11,14,7,17,-1,-1,-1,-1,-1,-1,-1,-1,-1,-1,-1,-1,-1,-1,-1,-1,-1,-1,0,14,U,20,,-1,,-1,,-1,,60,True,"[""Amphibious"",""Siege Monster""]",,,,,,True,"[""Multiattack"",""Swallow"",""Tentacles""]",False,False,"[""blinded"",""grappled"",""prone"",""restrained""]","A, B, I,L,P","[""constitution"",""dexterity""]",-1,0,L,"[""constitution"",""strength""]",,False,,,"[""lightning"",{""cond"":true,""immune"":[""bludgeoning"",""piercing"",""slashing""],""note"":""from nonmagical attacks""}]","[""frightened"",""paralyzed""]","[""Abyssal"",""Celestial"",""Infernal"",""Primordial"",""telepathy 120 ft. but can't speak""]","AB,CE,CS,I,P,TP",,underwater,"AOE, MW, RCH",MM,False,,,-1,,,True,-1,0,0,0,0,0,0,0,0,1,0,0,0,0,0,0,0,1,0,0,0,0,0,1,1,1,1,1,1,1,1,1,1,1,1,1,1,1,1,1,1,0,0,0,0,1,1,1,0,0,0,0,1,0,1,0,0,0,0,0,1,1,1,0,1
609,609,Faerie Dragon (Orange),0,0,7,15,14,4d4 + 4,C G,dragon,,,T,3,20,13,14,12,16,-1,-1,-1,-1,-1,-1,4,-1,-1,3,-1,7,-1,-1,-1,-1,-1,-1,-1,-1,-1,-1,-1,-1,0,13,D,10,,-1,,-1,,60,,-1,True,"[""Magic Resistance""]",Cha,,I,"[""blinded""]",,True,"[""Breath Weapon""]",False,False,"[""invisible""]",P,"[""wisdom""]",-1,0,,,,False,,,,,"[""Draconic"",""Sylvan""]","DR,S",,forest,MW,MM,False,,,-1,,,True,-1,0,0,0,0,0,0,0,0,1,0,0,0,0,0,0,0,1,1,1,1,1,1,0,1,1,0,1,0,1,1,1,1,1,1,1,1,1,1,1,1,0,0,0,0,1,1,0,1,0,0,0,1,0,1,0,0,0,0,0,1,1,1,0,1
631,631,Efreeti,0,0,17,17,200,16d10 + 112,L E,elemental,,,L,22,12,24,16,15,16,7,7,6,-1,-1,-1,-1,-1,-1,-1,-1,-1,-1,-1,-1,-1,-1,-1,-1,-1,-1,-1,-1,-1,0,12,SD,40,,-1,,-1,,60,,-1,True,,Cha,F,I,,"[""charisma"",""constitution"",""dexterity""]",True,"[""Multiattack""]",False,False,,"F,S",,-1,0,,,,False,,,"[""fire""]",,"[""Ignan""]",IG,scimitar,desert,"MLW,MW",MM,False,"[""Genies""]",,-1,,True,True,-1,0,0,0,0,0,0,0,0,1,0,0,0,0,0,0,0,0,0,0,1,1,1,1,1,1,1,1,1,1,1,1,1,1,1,1,1,1,1,1,1,0,0,0,0,1,1,0,1,1,0,1,1,0,1,0,0,0,0,0,1,1,0,0,1
1048,1048,Niv-Mizzet,0,0,32,22,370,19d20 + 171,C N,dragon,,,G,29,14,29,30,17,25,-1,18,11,17,-1,-1,18,-1,11,11,-1,-1,-1,-1,-1,-1,-1,-1,-1,-1,-1,-1,-1,-1,0,21,"B, SD",40,,-1,,30,,80,,-1,True,"[""Legendary Resistances"",""Magic Resistance""]",Int,"A, C,F,I,L,O,T",CW,"[""blinded"",""deafened"",""paralyzed"",""petrified"",""restrained"",""stunned""]","[""constitution"",""dexterity"",""wisdom""]",True,"[""Breath Weapon"",""Multiattack""]",False,False,"[""prone""]","B, F,P,S","[""dexterity""]",-1,0,,,,False,"[""cold"",""psychic"",""thunder""]",,"[""fire"",""lightning""]","[""charmed""]","[""Common"",""Draconic""]","C,DR",,,"AOE, MW, RCH",GGR,False,,,-1,,,,-1,0,0,0,0,0,0,0,0,1,0,0,0,0,0,0,0,1,0,0,0,1,1,0,1,0,0,1,1,1,1,1,1,1,1,1,1,1,1,1,1,0,0,0,0,1,0,0,1,0,0,0,1,0,1,0,0,1,0,0,1,1,1,1,1
1729,1729,Camlash,0,0,25,19,325,26d12 + 156,C E,fiend,demon,,H,26,15,22,20,16,22,12,-1,9,12,-1,14,-1,-1,-1,-1,-1,-1,-1,-1,-1,-1,-1,-1,-1,-1,-1,-1,-1,-1,0,13,U,40,,-1,,-1,,80,,-1,True,"[""Death Burst"",""Magic Resistance""]",,,,,,True,"[""Multiattack"",""Teleport""]",False,False,"[""paralyzed""]","F,I,L,S","[""constitution"",""dexterity"",""strength""]",-1,0,,,,False,"[""cold"",""lightning"",{""cond"":true,""note"":""from nonmagical attacks"",""resist"":[""bludgeoning"",""piercing"",""slashing""]}]",,"[""fire"",""poison""]","[""poisoned""]","[""Abyssal"",""telepathy 120 ft.""]","AB,TP",,,"AOE, MLW,MW, RCH",VEoR,False,,,-1,,,,-1,0,0,0,0,0,0,0,0,1,0,0,0,0,0,0,0,0,1,0,0,1,0,1,1,1,1,1,1,1,1,1,1,1,1,1,1,1,1,1,1,0,0,0,0,1,1,0,1,0,0,0,1,0,1,0,0,1,0,0,1,1,1,1,1
252,252,Encephalon Gemmule,0,1,9,14,54,12d4 + 24,U,aberration,,,T,1,18,14,5,12,7,-1,-1,-1,-1,-1,-1,-1,-1,-1,-1,-1,-1,-1,-1,-1,-1,-1,-1,-1,-1,-1,-1,-1,-1,0,11,B,40,,-1,,-1,,-1,,-1,True,"[""Magic Resistance""]",,,,,,True,,True,False,,"P,Y","[""dexterity""]",-1,0,,,,False,"[""psychic""]",,,"[""blinded""]",,,,,MW,PaBTSO,False,,,-1,,,,-1,0,0,0,0,0,0,0,0,1,0,0,0,0,0,0,0,1,1,1,1,1,1,1,1,1,1,1,1,1,1,1,1,1,1,1,1,1,1,1,1,0,0,0,0,1,1,1,1,1,0,0,1,0,1,1,1,1,0,0,1,1,1,1,1
2838,2838,Mjork Sootling Swarm,0,0,8,12,33,6d8 + 6,C N,elemental,,True,M,9,15,12,4,10,3,-1,-1,-1,-1,-1,-1,-1,-1,-1,-1,-1,-1,-1,-1,-1,-1,-1,-1,-1,-1,-1,-1,-1,-1,0,10,D,25,,-1,,-1,,-1,,-1,True,,,,,,,True,,False,False,"[""blinded""]","C,F","[""constitution""]",-1,0,,,,False,"[""bludgeoning"",""piercing"",""slashing""]","[""thunder""]","[""fire"",""poison""]","[""charmed"",""exhaustion"",""frightened"",""grappled"",""paralyzed"",""petrified"",""poisoned"",""prone"",""restrained"",""unconscious""]","[""understands Ignan and Terran but can't speak""]","CS,IG,T",,,MW,GHLoE,False,,,-1,,,,-1,0,0,0,0,0,0,0,0,0,0,0,0,0,0,0,0,1,1,1,1,1,1,1,1,1,1,1,1,1,1,1,1,1,1,1,1,1,1,1,1,0,0,0,0,1,1,1,1,0,0,0,1,0,0,0,0,1,0,0,1,1,1,1,1
440,440,Aberrant Zealot,0,1,14,16,93,17d8 + 17,C E,aberration,,,M,15,18,12,13,8,19,7,-1,-1,-1,7,-1,-1,-1,-1,5,-1,-1,-1,-1,-1,-1,-1,-1,-1,-1,-1,-1,-1,-1,0,15,"D, U",30,,-1,,-1,,-1,,-1,True,,Cha,"A, C",P,"[""blinded""]","[""dexterity"",""wisdom""]",True,"[""Multiattack""]",True,False,"[""stunned""]","O,P,Y","[""strength"",""wisdom""]",-1,0,,,,False,"[""psychic""]",,,"[""blinded"",""charmed"",""frightened"",""grappled"",""restrained""]","[""Common"",""Deep Speech""]","C,DS",shortsword,,"AOE, MLW,MW, RCH",PaBTSO,False,,,-1,,,,-1,0,0,0,0,0,0,0,0,1,0,0,0,0,0,0,0,0,1,1,1,0,1,1,1,1,0,1,1,1,1,1,1,1,1,1,1,1,1,1,1,0,0,0,0,1,1,1,1,0,0,0,1,0,1,0,0,1,0,0,1,1,1,1,1
29,29,Minsc and Boo!,0,0,16,13,187,22d8 + 88,N G,humanoid,Human,,M,20,12,18,10,10,10,-1,-1,-1,8,-1,9,-1,-1,-1,4,-1,-1,-1,-1,-1,9,-1,-1,-1,-1,-1,-1,-1,8,0,14,,30,,-1,,-1,,-1,,-1,True,"[""Reckless""]",,,,,,True,"[""Multiattack""]",True,True,,S,"[""constitution""]",-1,0,,,,False,,,,,"[""Common"",""Sylvan""]","C,S",greatsword,,"MLW,MW",MaBJoV,False,,,-1,,,,-1,0,0,0,0,0,0,0,0,1,0,0,0,0,0,0,0,1,1,1,0,1,0,1,1,1,0,1,1,1,1,1,0,1,1,1,1,1,1,1,0,0,0,1,0,1,1,1,1,1,0,0,1,0,1,0,0,1,0,0,1,1,1,1,1
757,757,Rum Gremlin,0,0,5,13,27,6d4 + 12,C E,fey,,,T,10,16,14,12,9,12,-1,-1,-1,-1,-1,-1,-1,-1,-1,-1,-1,5,-1,-1,-1,-1,-1,-1,-1,-1,-1,-1,-1,-1,0,10,SD,20,,-1,,10,,-1,,10,True,"[""Magic Resistance""]",Cha,,O,"[""prone""]","[""wisdom""]",True,,False,False,"[""poisoned""]","P,S","[""constitution""]",-1,0,,,,False,,,,"[""poisoned""]","[""Common"",""Sylvan""]","C,S",,"coastal, urban",MW,ToB1-2023,False,,,-1,,,,-1,0,0,0,0,0,0,0,0,1,0,0,0,0,0,0,0,1,1,1,1,1,1,1,1,1,1,1,0,1,1,1,1,1,1,1,1,1,1,1,1,0,0,0,0,1,0,1,0,0,0,0,1,0,1,0,0,0,0,0,1,1,1,1,1
493,493,Zarak,0,0,8,14,37,5d8 + 15,C E,humanoid,orc,,M,13,16,16,11,15,6,-1,2,-1,-1,5,-1,-1,-1,6,6,-1,7,-1,7,-1,-1,-1,-1,-1,-1,-1,-1,-1,-1,0,16,D,30,,-1,,-1,,-1,,-1,True,,,,,,,True,"[""Multiattack""]",True,True,"[""grappled""]","P,S",,-1,0,,,,False,,,,,"[""Common"",""Orc""]","C,O",dagger,,"MLW,MW, RW, THW",WBtW,False,,,-1,,,,-1,0,0,0,0,0,0,0,0,1,0,0,0,0,0,0,0,1,0,1,1,0,1,1,1,0,0,1,0,1,0,1,1,1,1,1,1,1,1,1,1,0,0,0,0,1,1,1,1,0,0,1,1,0,1,0,0,1,0,0,1,1,1,1,1
1984,1984,Orthon,0,0,16,17,105,10d10 + 50,L E,fiend,devil,,L,22,16,21,15,15,16,-1,-1,6,9,7,-1,-1,-1,-1,10,-1,11,-1,-1,-1,-1,-1,-1,-1,-1,-1,-1,-1,10,0,20,"SD, U",30,,-1,,30,,-1,,-1,True,"[""Magic Resistance""]",,,,,,True,,False,True,"[""blinded"",""paralyzed"",""poisoned"",""restrained""]","A, F,I,L,P,R,S,T","[""constitution"",""dexterity""]",-1,0,,,,False,"[""cold"",{""cond"":true,""note"":""from nonmagical attacks that aren't silvered"",""resist"":[""bludgeoning"",""piercing"",""slashing""]}]",,"[""fire"",""poison""]","[""charmed"",""exhaustion"",""poisoned""]","[""Common"",""Infernal"",""telepathy 120 ft.""]","C,I,TP",,"desert, underdark, urban","MLW,MW, RW",MTF,False,,,-1,,,True,-1,0,0,0,0,0,0,0,0,1,0,0,0,0,0,0,0,1,1,0,0,0,1,1,1,1,0,1,0,1,1,1,1,1,1,1,1,1,1,1,0,0,0,0,0,1,0,1,1,0,0,0,1,0,1,0,0,0,0,0,1,1,1,0,1
901,901,Soul Monger,0,0,17,15,123,19d8 + 38,N,humanoid,Elf,,M,8,17,14,19,15,13,5,-1,6,-1,7,-1,-1,-1,-1,6,-1,-1,-1,-1,-1,-1,-1,-1,-1,-1,-1,-1,-1,-1,0,17,D,30,,-1,,-1,,-1,,-1,True,"[""Fey Ancestry"",""Magic Resistance""]",Int,"I,L,N,Y",I,"[""frightened""]","[""charisma"",""constitution"",""dexterity"",""wisdom""]",True,"[""Multiattack""]",False,False,"[""exhaustion""]","N,P,Y","[""constitution""]",-1,0,,,,False,,,"[""necrotic"",""psychic""]","[""charmed"",""exhaustion"",""frightened""]","[""Common"",""Elvish""]",C E,,"underdark, urban","AOE, MLW,MW",MTF,False,,,-1,,,True,-1,0,0,0,0,0,0,0,0,1,0,0,0,0,0,0,0,0,1,0,1,0,1,1,1,1,0,1,1,1,1,1,1,1,1,1,1,1,1,1,1,0,0,0,0,1,1,1,1,0,0,0,1,0,1,0,0,0,0,0,1,1,1,0,1
461,461,Displacer Fiend,0,1,15,16,135,18d10 + 36,N E,fiend,,,L,17,19,14,8,13,10,-1,-1,-1,-1,8,7,-1,-1,-1,5,-1,12,-1,8,-1,7,-1,-1,-1,-1,-1,-1,-1,-1,0,15,SD,40,,-1,,-1,,-1,,-1,True,,,,,,,True,"[""Multiattack"",""Tentacles""]",True,False,,"N,P",,-1,0,,,,False,"[""fire"",""poison""]",,,"[""charmed"",""frightened""]",,,,,"MW, RCH",CoA,False,,,-1,,,,-1,0,0,0,0,0,0,0,0,1,0,0,0,0,0,0,0,1,1,1,1,0,0,1,1,1,0,1,0,1,0,1,0,1,1,1,1,1,1,1,1,0,0,0,0,1,1,1,1,1,0,1,1,0,1,1,1,1,0,0,1,1,1,1,1
242,242,Folk of Leng,0,0,8,14,68,8d8 + 32,N E,humanoid,,,M,12,15,18,14,16,19,-1,-1,5,-1,4,-1,4,-1,-1,5,-1,-1,-1,-1,-1,-1,8,-1,-1,-1,-1,-1,-1,-1,0,15,,30,,-1,,-1,,-1,,-1,True,"[""Regeneration""]",Cha,,O,,"[""wisdom""]",True,,True,False,"[""restrained""]","I,P,S,Y",,-1,0,,,,False,"[""cold""]",,"[""necrotic""]","[""frightened""]","[""all""]",XX,scimitar,"hill, mountain, planar","MLW,MW, RW",ToB1-2023,False,,,-1,,,,-1,0,0,0,0,0,0,0,0,1,0,0,0,0,0,0,0,1,1,0,1,0,1,0,1,1,0,1,1,1,1,1,1,0,1,1,1,1,1,1,1,0,0,1,0,1,1,1,1,0,0,1,1,0,1,0,0,0,0,0,1,1,1,1,1
2682,2682,Martial Arts Adept,0,0,9,16,60,11d8 + 11,A,humanoid,any,,M,11,17,13,11,16,10,-1,-1,-1,-1,-1,-1,-1,-1,5,-1,-1,5,-1,5,-1,-1,-1,-1,-1,-1,-1,-1,-1,-1,0,13,,40,,-1,,-1,,-1,,-1,True,,,,,,,True,"[""Multiattack""]",False,True,"[""prone"",""stunned""]","B, P","[""constitution"",""dexterity"",""strength""]",-1,0,,,,False,,,,,"[""any one language (usually Common)""]","C,X",dart,urban,"MW, RW, THW",VGM,False,,,-1,,,True,-1,0,0,0,0,0,0,0,0,1,0,0,0,0,0,0,0,1,1,1,1,1,1,1,1,0,1,1,0,1,0,1,1,1,1,1,1,1,1,1,1,0,0,1,0,1,1,1,1,0,0,0,1,0,1,0,0,0,0,0,1,1,1,0,1
1043,1043,Môrgæn,0,0,10,16,66,12d8 + 12,C N,humanoid,Elf,,M,12,18,12,12,14,10,-1,-1,-1,-1,6,3,-1,-1,4,4,-1,6,-1,-1,-1,3,-1,-1,-1,3,-1,-1,-1,4,0,14,D,30,,-1,,-1,,-1,,-1,True,"[""Fey Ancestry""]",Int,P,"CR,I","[""charmed""]","[""wisdom""]",True,"[""Multiattack""]",False,False,,"P,S",,-1,0,,,,False,,,,,"[""Common"",""Draconic"",""Dwarvish"",""Giant"",""Goblin""]","C,D,DR,GI,GO",longbow,,"MW, RNG, RW",AI,False,,,-1,,,,-1,0,0,0,0,0,0,0,0,1,0,0,0,0,0,0,0,1,1,1,1,0,0,1,1,0,0,1,0,1,1,1,0,1,1,1,0,1,1,1,0,0,0,0,0,1,1,1,1,1,0,1,1,0,1,0,0,1,0,0,1,1,1,1,1
637,637,Cloud Giant Smiling One,0,0,17,15,262,21d12 + 128,C N,giant,cloud giant,,H,26,12,22,15,16,17,-1,6,7,10,-1,-1,-1,-1,7,7,-1,-1,-1,-1,-1,-1,11,-1,-1,-1,-1,-1,9,-1,0,17,,40,,-1,,-1,,-1,,-1,True,"[""Keen Senses""]",Cha,Y,"CB,I",,"[""dexterity"",""wisdom""]",True,"[""Multiattack"",""Shapechanger""]",False,False,,B,,-1,0,,,,False,,,,,"[""Common"",""Giant""]","C,GI",morningstar,mountain,"MLW,MW, RCH, RW",VGM,False,,,-1,,,True,-1,0,0,0,0,0,0,0,0,1,0,0,0,0,0,0,0,1,0,0,0,1,1,1,1,0,0,1,1,1,1,1,1,0,1,1,1,1,1,0,1,0,0,1,0,1,1,1,1,1,0,1,1,0,1,0,0,0,0,0,1,1,1,0,1
2881,2881,King Robbit the Slimy,0,0,8,13,27,5d6 + 10,special,humanoid,Grung,,S,7,16,15,10,11,15,-1,-1,-1,-1,5,-1,-1,-1,-1,2,-1,5,-1,-1,-1,2,-1,4,-1,-1,-1,-1,-1,-1,0,12,,25,,-1,,25,,-1,,-1,True,"[""Amphibious""]",,,,,,True,,False,False,,"I,P","[""charisma"",""constitution""]",-1,0,,,,False,,,"[""poison""]","[""charmed"",""poisoned""]",Grung,OTH,"dagger, shortbow",,"MLW,MW, RNG, RW, THW",MGELFT,False,,,-1,,,,-1,0,0,0,0,0,0,0,0,1,0,0,0,0,0,0,0,1,1,1,1,0,1,1,1,1,0,1,0,1,1,1,0,1,0,1,1,1,1,1,1,0,0,1,0,1,0,1,1,1,0,0,1,0,1,0,0,1,0,0,1,1,1,1,1
1746,1746,Beanstalk Wurm,0,0,24,16,231,14d20 + 84,U,monstrosity,,,G,27,18,22,4,14,10,-1,-1,-1,12,-1,14,-1,-1,-1,-1,-1,-1,-1,-1,-1,-1,-1,-1,-1,-1,-1,-1,-1,-1,0,12,,50,,-1,,50,,-1,,-1,True,"[""False Appearance"",""Legendary Resistances"",""Regeneration""]",,,,,,True,"[""Multiattack"",""Swallow""]",False,False,,P,"[""constitution"",""dexterity""]",-1,0,,,,False,,,,,,,,,"MW, RCH",MCV4EC,False,,,-1,,,,-1,0,0,0,0,0,0,0,0,1,0,0,0,0,0,0,0,1,1,1,0,1,0,1,1,1,1,1,1,1,1,1,1,1,1,1,1,1,1,1,1,0,0,1,0,1,0,1,1,1,0,0,1,0,1,1,1,1,0,0,1,1,1,1,1
962,962,Undercity Medusa,0,0,12,16,120,16d8 + 48,N E,monstrosity,,,M,16,18,16,17,12,15,-1,-1,-1,-1,-1,-1,-1,-1,4,4,-1,7,-1,-1,-1,-1,5,-1,-1,-1,-1,-1,-1,-1,0,14,D,30,,-1,,-1,,-1,,-1,True,"[""Magic Resistance""]",Int,,I,,,True,"[""Multiattack""]",False,False,"[""petrified"",""restrained""]",S,"[""constitution""]",-1,0,,,,False,,,,,"[""Common"",""Elvish""]",C E,,,MW,GGR,False,,,-1,,,,-1,0,0,0,0,0,0,0,0,1,0,0,0,0,0,0,0,1,1,1,1,1,1,1,1,0,0,1,0,1,1,1,1,0,1,1,1,1,1,1,1,0,0,0,0,1,1,1,1,0,0,0,1,0,1,0,0,1,0,0,1,1,1,1,1
2828,2828,Sea Drake,0,0,8,14,58,9d8 + 18,N E,dragon,,,M,15,16,14,7,14,8,-1,-1,-1,-1,-1,-1,-1,-1,-1,4,-1,5,-1,-1,-1,-1,-1,-1,-1,-1,-1,-1,-1,-1,0,14,SD,20,,-1,,-1,,-1,,50,True,"[""Amphibious""]",,,,,,True,"[""Multiattack""]",False,False,,"B, P",,-1,0,,,,False,"[""cold""]",,,,"[""Draconic""]",DR,,,"MW, RCH",GHLoE,False,,,-1,,,,-1,0,0,0,0,0,0,0,0,1,0,0,0,0,0,0,0,1,1,1,1,1,1,1,1,1,0,1,0,1,1,1,1,1,1,1,1,1,1,1,1,0,0,0,0,1,1,1,0,1,0,1,1,0,1,0,0,1,0,0,1,1,1,1,1
1589,1589,Rubblebelt Stalker,0,0,5,14,11,2d8 + 2,C N,humanoid,any,,M,10,15,12,10,14,8,-1,-1,-1,-1,-1,-1,-1,-1,-1,4,-1,4,-1,-1,-1,2,-1,-1,-1,-1,-1,-1,-1,-1,0,14,,30,,-1,,30,,-1,,-1,True,"[""Ambusher"",""Siege Monster""]",,,,,,True,"[""Multiattack""]",False,False,,P,,-1,0,,,,False,,,,,"[""any one language (usually Common)""]","C,X",shortsword,,MLW,GGR,False,,,-1,,,,-1,0,0,0,0,0,0,0,0,1,0,0,0,0,0,0,0,1,1,1,1,1,1,1,1,1,0,1,0,1,1,1,0,1,1,1,1,1,1,1,1,0,0,1,0,1,0,1,1,1,0,1,1,0,1,0,0,1,0,0,1,1,1,1,1
1262,1262,Sahuagin Priestess,0,0,8,12,33,6d8 + 6,L E,humanoid,sahuagin,,M,13,11,12,12,14,13,-1,-1,-1,-1,-1,-1,-1,-1,-1,6,-1,-1,-1,-1,-1,-1,-1,-1,-1,-1,-1,3,-1,-1,0,16,SD,30,,-1,,-1,,-1,,40,True,,Wis,"O,R",CC,,"[""wisdom""]",True,"[""Multiattack""]",False,False,,"P,S",,-1,0,,,,False,,,,,sahuagin,OTH,,"underwater, coastal",MW,MM,False,,,-1,,,True,-1,0,0,0,0,0,0,0,0,1,0,0,0,0,0,0,0,1,1,1,1,1,1,1,1,1,0,1,1,1,1,1,1,1,1,1,1,1,0,1,1,0,0,0,0,1,1,1,0,1,0,1,1,0,1,0,0,0,0,0,1,1,1,0,1
667,667,Chernomoi,0,0,7,14,32,5d4 + 20,N,fey,,,T,9,18,18,12,11,16,-1,-1,-1,-1,-1,-1,-1,-1,-1,2,-1,6,-1,6,-1,-1,-1,-1,-1,-1,-1,-1,-1,-1,0,12,D,20,,-1,,-1,,20,,-1,False,,Cha,O,O,,,True,,False,False,"[""invisible""]","S,T","[""constitution""]",-1,0,,,,False,"[{""cond"":true,""note"":""from nonmagical attacks that aren't silvered"",""resist"":[""bludgeoning"",""piercing"",""slashing""]}]",,,,"[""Common"",""Draconic"",""Sylvan""]","C,DR,S",scimitar,underdark,"AOE, MLW,MW",ToB1-2023,False,,,-1,,,,-1,0,0,0,0,0,0,0,0,1,0,0,0,0,0,0,0,1,1,1,1,1,1,1,1,1,0,1,0,1,0,1,1,1,1,1,1,1,1,1,1,0,0,0,0,1,1,0,1,0,0,0,1,0,1,0,0,0,0,0,1,1,1,1,1
934,934,Nezznar the Spider,0,0,8,14,27,6d8,N E,humanoid,"Elf, wizard",,M,9,13,10,16,14,13,-1,5,4,-1,-1,-1,5,-1,-1,4,-1,3,-1,-1,-1,-1,-1,-1,-1,-1,-1,-1,-1,-1,0,14,SD,30,,-1,,-1,,-1,,-1,True,"[""Fey Ancestry"",""Sunlight Sensitivity""]",Int,"F,O",O,"[""invisible"",""restrained""]","[""dexterity"",""wisdom""]",True,"[""Multiattack""]",False,False,,I,,-1,0,,,,False,,,,,"[""Common"",""Elvish"",""Undercommon""]","C,E,U",,,,PaBTSO,False,,,-1,,,,-1,0,0,0,0,0,0,0,0,1,0,0,0,0,0,0,0,1,0,0,1,1,1,0,1,1,0,1,0,1,1,1,1,1,1,1,1,1,1,1,1,0,0,0,0,1,1,1,1,1,0,1,1,0,1,0,0,1,1,0,1,1,1,1,1
2909,2909,Doppelrat,0,0,8,13,45,10d4 + 20,U,monstrosity,,,T,2,17,14,2,13,2,-1,-1,-1,-1,5,-1,-1,-1,-1,-1,-1,5,-1,-1,-1,-1,-1,-1,-1,-1,-1,-1,-1,-1,0,11,D,30,,-1,,15,,-1,,15,True,"[""Keen Senses""]",,,,,,True,,False,False,"[""poisoned""]",P,"[""constitution""]",-1,0,,,,False,,,,,,,,urban,"DIS, MW",ToB1-2023,False,,,-1,,,,-1,0,0,0,0,0,0,0,0,1,0,0,0,0,0,0,0,1,1,1,1,0,1,1,1,1,1,1,0,1,1,1,1,1,1,1,1,1,1,1,1,0,0,0,0,1,0,1,0,0,0,0,1,0,1,1,1,0,0,0,1,1,1,1,1
1845,1845,Canopic Golem,0,1,19,17,252,24d10 + 120,,construct,,,L,20,10,20,7,11,1,0,3,5,-1,-1,-1,-1,-1,-1,-1,-1,-1,-1,-1,-1,-1,-1,-1,-1,-1,-1,-1,-1,-1,0,10,SD,30,,-1,,-1,,-1,,-1,True,"[""Unusual Nature""]",,,,,,True,"[""Multiattack""]",False,True,,O,,-1,0,,,,False,,,"[""poison""]","[""blinded"",""charmed"",""deafened"",""exhaustion"",""frightened"",""paralyzed"",""petrified"",""poisoned""]",,,,,"MW, RW, THW",CM,False,,,-1,,,,-1,0,0,0,0,0,0,1,0,1,0,0,0,0,0,0,0,0,0,0,1,1,1,1,1,1,1,1,1,1,1,1,1,1,1,1,1,1,1,1,1,0,0,0,0,1,1,1,1,1,0,1,1,0,1,1,1,1,0,0,1,1,1,1,1
2650,2650,Nightmare,0,0,9,13,68,8d10 + 24,N E,fiend,,,L,18,15,16,10,13,15,-1,-1,-1,-1,-1,-1,-1,-1,-1,-1,-1,-1,-1,-1,-1,-1,-1,-1,-1,-1,-1,-1,-1,-1,0,11,,60,,-1,,-1,,90,,-1,True,"[""Illumination""]",,,,,,True,,False,False,,"B, F",,-1,0,,,,False,,,"[""fire""]",,"[""understands Abyssal, Common, and Infernal but can't speak ""]","AB,C,CS,I",,,"AOE, MW",MM,False,,,-1,,,True,-1,0,0,0,0,0,0,0,0,1,0,0,0,0,0,0,0,1,1,1,1,1,1,1,1,1,1,1,1,1,1,1,1,1,1,1,1,1,1,1,1,0,0,1,0,1,1,0,1,1,0,1,1,0,1,0,0,1,0,0,1,1,1,0,1
1734,1734,Cosmic Horror,0,0,24,15,280,16d20 + 112,N E,aberration,,,G,27,10,25,24,15,24,13,13,8,-1,-1,-1,-1,-1,-1,-1,-1,-1,-1,-1,-1,-1,-1,-1,-1,-1,-1,-1,-1,-1,0,12,SD,50,,-1,,-1,,100,,-1,True,"[""Legendary Resistances"",""Unusual Nature""]",,,,,,True,"[""Multiattack"",""Tentacles""]",False,False,"[""grappled""]","I,O,P,Y","[""constitution"",""wisdom""]",-1,0,,,,False,,,"[""acid"",""poison""]","[""charmed"",""frightened"",""poisoned""]","[""Deep Speech"",""telepathy 240 ft.""]","DS,TP",,,"AOE, MW, RCH",BAM,False,,,-1,,,,-1,0,0,0,0,0,0,0,0,1,0,0,0,0,0,0,0,0,0,0,1,1,1,1,1,1,1,1,1,1,1,1,1,1,1,1,1,1,1,1,1,0,0,0,0,1,1,0,1,0,0,0,1,0,1,0,0,1,0,0,1,1,1,1,1
806,806,"Laiba ""Nana"" Rosse",0,0,8,13,33,6d8 + 6,L E,humanoid,tiefling,,M,11,14,12,10,13,14,-1,-1,-1,-1,-1,-1,-1,-1,-1,-1,-1,-1,-1,-1,-1,-1,4,-1,-1,-1,4,2,-1,-1,0,11,D,30,,-1,,-1,,-1,,-1,True,,Cha,"N,O,R","CC,I","[""paralyzed"",""prone""]","[""dexterity"",""wisdom""]",True,"[""Multiattack""]",False,False,,P,,-1,0,,,,False,"[""fire""]",,,,"[""Common"",""Infernal""]","C,I",dagger,,"MLW,MW",WDH,False,,,-1,,,,-1,0,0,0,0,0,0,0,0,1,0,0,0,0,0,0,0,1,1,1,1,1,1,1,1,1,1,1,1,1,1,1,1,0,1,1,1,0,0,1,1,0,0,0,0,1,1,1,1,1,0,1,1,0,1,0,0,1,0,0,1,1,1,1,1
3107,3107,Swarm of Zombie Limbs,0,0,7,10,22,5d8,,undead,,True,M,14,10,10,3,8,5,-1,-1,-1,-1,-1,-1,-1,-1,-1,-1,-1,-1,-1,-1,-1,-1,-1,-1,-1,-1,-1,-1,-1,-1,0,9,B,30,,-1,,30,,-1,,-1,True,"[""Unusual Nature""]",,,,,,True,"[""Multiattack""]",False,False,"[""restrained""]","B, N","[""strength""]",-1,0,,,,False,"[""bludgeoning"",""piercing"",""slashing""]",,"[""poison""]","[""charmed"",""exhaustion"",""frightened"",""grappled"",""paralyzed"",""petrified"",""poisoned"",""prone"",""restrained"",""stunned""]",,,,,MW,VRGR,False,,,-1,,,,-1,0,0,0,0,0,0,1,0,0,0,0,0,0,0,0,0,1,1,1,1,1,1,1,1,1,1,1,1,1,1,1,1,1,1,1,1,1,1,1,1,0,0,0,0,1,0,1,1,0,0,0,1,0,1,1,1,1,0,0,1,1,1,1,1
2351,2351,Walking Delerium Geode,0,1,11,17,126,12d10 + 60,U,elemental,,,L,20,8,20,5,10,5,-1,-1,-1,-1,-1,-1,-1,-1,-1,-1,-1,-1,-1,-1,-1,-1,-1,-1,-1,-1,-1,-1,-1,-1,0,10,"D, T",30,,30,,-1,,-1,,-1,True,"[""Death Burst""]",,,,,,True,,False,False,,"B, N","[""constitution""]",-1,0,,,,False,"[{""cond"":true,""note"":""from nonmagical attacks"",""resist"":[""bludgeoning"",""piercing"",""slashing""]}]","[""radiant"",""thunder""]","[""necrotic"",""poison""]","[""exhaustion"",""paralyzed"",""petrified"",""poisoned"",""unconscious""]","[""Deep Speech""]",DS,,,"AOE, MW, RCH",DoDk,False,,,-1,,,,-1,0,0,0,0,0,0,0,0,1,0,0,0,0,0,0,0,1,1,1,1,1,1,1,1,1,1,1,1,1,1,1,1,1,1,1,1,1,1,1,1,0,0,0,0,0,1,1,1,1,0,0,1,0,0,0,0,1,0,0,1,1,1,1,1
708,708,Naiad,0,0,8,15,31,7d8,C N,fey,,,M,10,16,11,15,10,18,-1,-1,-1,-1,-1,-1,-1,-1,-1,-1,-1,-1,-1,-1,-1,-1,-1,-1,-1,-1,6,-1,5,-1,0,10,,30,,-1,,-1,,-1,,30,True,"[""Amphibious"",""Magic Resistance""]",Cha,Y,I,"[""charmed"",""incapacitated""]","[""intelligence"",""wisdom""]",True,"[""Multiattack""]",False,False,"[""invisible""]",Y,,-1,0,,,,False,"[""psychic""]",,"[""poison""]","[""charmed"",""frightened"",""poisoned""]","[""Common"",""Sylvan""]","C,S",,,,MOT,False,"[""Nymph""]",,-1,,,,-1,0,0,0,0,0,0,0,0,1,0,0,0,0,0,0,0,1,1,1,1,1,1,1,1,1,1,1,1,1,1,1,1,1,1,1,1,0,1,0,1,0,0,1,0,1,1,1,0,0,0,1,1,0,1,0,0,1,1,0,1,1,1,1,1
1331,1331,Merfolk,0,0,3,11,11,2d8 + 2,N,humanoid,merfolk,,M,10,13,12,11,11,12,-1,-1,-1,-1,-1,-1,-1,-1,-1,2,-1,-1,-1,-1,-1,-1,-1,-1,-1,-1,-1,-1,-1,-1,0,12,,10,,-1,,-1,,-1,,40,True,"[""Amphibious""]",,,,,,True,,False,False,,P,,-1,0,,,,False,,,,,"[""Aquan"",""Common""]","AQ,C",spear,"underwater, coastal","MLW,MW, RW, THW",MM,False,,,-1,,,True,-1,0,0,0,0,0,0,0,0,1,0,0,0,0,0,0,0,1,1,1,1,1,1,1,1,1,0,1,1,1,1,1,1,1,1,1,1,1,1,1,1,0,0,1,0,1,1,1,0,1,0,1,1,0,1,0,0,0,0,0,1,1,1,0,1
1770,1770,Adult Blue Dragon,0,0,22,19,225,18d12 + 108,L E,dragon,,,H,25,10,23,16,15,19,9,-1,7,11,5,-1,-1,-1,-1,12,-1,5,-1,-1,-1,-1,-1,-1,-1,-1,-1,-1,-1,-1,0,22,"B, SD",40,,30,,-1,,80,,-1,True,"[""Legendary Resistances""]",,,,,,True,"[""Breath Weapon"",""Frightful Presence"",""Multiattack""]",False,False,"[""frightened"",""prone""]","B, L,P,S","[""dexterity"",""wisdom""]",-1,0,"B, L","[""constitution"",""dexterity""]","[""blinded"",""prone"",""restrained""]",False,,,"[""lightning""]",,"[""Common"",""Draconic""]","C,DR",,"desert, coastal","AOE, MW, RCH",MM,False,"[""Chromatic Dragon""]",,-1,,True,True,-1,0,0,0,0,0,0,0,0,1,0,0,0,0,0,0,0,0,1,0,0,0,1,1,1,1,0,1,0,1,1,1,1,1,1,1,1,1,1,1,1,0,0,0,0,0,1,0,1,0,0,0,1,0,1,0,0,0,0,0,1,1,0,0,1
883,883,Xzar the Chaos Clone,0,0,17,18,121,22d8 + 22,C E,humanoid,Human,,M,12,16,12,20,10,12,-1,9,4,-1,-1,-1,13,13,-1,-1,-1,-1,-1,-1,-1,-1,-1,-1,-1,-1,-1,-1,-1,-1,0,10,D,30,,-1,,-1,,-1,,-1,True,,Int,"A, F,I,N",O,"[""poisoned""]","[""constitution"",""dexterity"",""wisdom""]",True,"[""Multiattack""]",False,False,,N,"[""constitution""]",-1,0,,,,False,"[""acid"",""cold"",""fire"",""lightning"",""thunder""]",,,,"[""Abyssal"",""Common"",""Infernal"",""Primordial"",""Undercommon"",""telepathy 60 ft.""]","AB,C,I,P,TP,U",,,,MaBJoV,False,,,-1,,,,-1,0,0,0,0,0,0,0,0,1,0,0,0,0,0,0,0,1,0,0,1,1,1,0,0,1,1,1,1,1,1,1,1,1,1,1,1,1,1,1,1,0,0,0,0,1,1,1,1,1,0,0,1,0,1,0,0,1,1,0,1,1,1,1,1
1060,1060,Strahd von Zarovich,0,0,21,16,144,17d8 + 68,L E,undead,shapechanger,,M,18,18,18,20,15,18,9,-1,7,-1,9,-1,15,-1,-1,12,-1,14,-1,-1,-1,-1,-1,-1,-1,-1,-1,10,-1,-1,0,22,SD,30,,-1,,-1,,-1,,-1,True,"[""Legendary Resistances"",""Regeneration"",""Shapechanger"",""Spider Climb"",""Sunlight Sensitivity""]",Int,"B, C,F,N,P,S",CW,"[""invisible"",""unconscious""]","[""constitution"",""dexterity"",""strength"",""wisdom""]",True,"[""Multiattack""]",False,False,"[""charmed""]","N,P,S","[""wisdom""]",-1,0,,"[""charisma""]",,False,"[""necrotic"",{""cond"":true,""note"":""from nonmagical attacks"",""resist"":[""bludgeoning"",""piercing"",""slashing""]}]",,,,"[""Abyssal"",""Common"",""Draconic"",""Elvish"",""Giant"",""Infernal""]","AB,C,DR,E,GI,I",,,"HPR, MW",CoS,False,,,-1,,,,-1,0,0,0,0,0,0,0,0,1,0,0,0,0,0,0,0,0,1,0,1,0,1,0,1,1,0,1,0,1,1,1,1,1,1,1,1,1,0,1,1,0,0,0,0,1,1,1,1,0,0,0,1,0,1,0,0,1,0,0,1,1,1,1,1
2074,2074,Feyward Tree,0,0,14,17,126,12d12 + 48,U,construct,,,H,25,10,18,3,11,6,1,-1,3,-1,3,-1,-1,-1,-1,3,-1,-1,-1,-1,-1,-1,-1,-1,-1,-1,-1,-1,-1,-1,0,13,D,20,,-1,,-1,,-1,,-1,True,"[""Damage Absorption"",""Immutable Form"",""Magic Resistance""]",,,,,,True,"[""Multiattack""]",False,False,,"O,S","[""dexterity""]",-1,0,,,,False,"[{""cond"":true,""note"":""from nonmagical attacks that aren't adamantine"",""resist"":[""bludgeoning"",""piercing"",""slashing""]}]",,"[""lightning"",""poison"",""psychic""]","[""charmed"",""exhaustion"",""frightened"",""paralyzed"",""petrified"",""poisoned""]","[""understands the languages of its creator but can't speak""]",CS,,forest,"AOE, MW, RCH",ToB1-2023,False,,,-1,,,,-1,0,0,0,0,0,0,0,0,1,0,0,0,0,0,0,0,0,1,0,1,0,1,1,1,1,0,1,1,1,1,1,1,1,1,1,1,1,1,1,1,0,0,0,0,1,1,1,1,1,0,0,1,0,1,0,0,0,0,0,1,1,1,1,1
23,23,Gnoll Flesh Gnawer,0,0,7,14,22,4d8 + 4,C E,monstrosity,,,M,12,14,12,8,10,8,-1,-1,-1,-1,4,-1,-1,-1,-1,-1,-1,-1,-1,-1,-1,-1,-1,-1,-1,-1,-1,-1,-1,-1,0,10,D,30,,-1,,-1,,-1,,-1,False,,,,,,,True,"[""Multiattack""]",True,False,,P,,-1,0,,,,False,,,,,gnoll,OTH,shortsword,"arctic, forest, grassland, hill","MLW,MW",MPMM,False,,,-1,,,,-1,0,0,0,0,0,0,0,0,1,0,0,0,0,0,0,0,1,1,1,1,0,1,1,1,1,1,1,1,1,1,1,1,1,1,1,1,1,1,1,1,0,0,0,0,1,1,1,1,1,0,1,1,0,1,0,0,0,0,0,1,1,1,1,1
179,179,Crystalline Devil,0,0,12,15,102,12d8 + 48,L E,fiend,devil,,M,18,12,18,14,13,15,5,-1,4,-1,-1,-1,-1,-1,4,-1,-1,7,-1,-1,-1,-1,8,-1,-1,-1,-1,-1,-1,-1,0,11,SD,30,,-1,,-1,,-1,,-1,True,"[""Devil's Sight"",""False Appearance"",""Magic Resistance""]",,,,,,True,"[""Multiattack""]",True,False,"[""charmed"",""incapacitated""]","P,S","[""dexterity"",""wisdom""]",-1,0,,,,False,"[""acid"",""cold"",{""cond"":true,""note"":""from nonmagical attacks that aren't silvered"",""resist"":[""bludgeoning"",""piercing"",""slashing""]}]",,"[""fire"",""poison""]","[""poisoned""]","[""Celestial"",""Common"",""Infernal"",""telepathy 120 ft.""]","C,CE,I,TP",,"underdark, urban","AOE, MW",ToB1-2023,False,,,-1,,,,-1,0,0,0,0,0,0,0,0,1,0,0,0,0,0,0,0,0,1,0,1,1,1,1,1,0,1,1,0,1,1,1,1,0,1,1,1,1,1,1,1,0,0,0,0,1,1,1,1,0,0,0,1,0,1,0,0,0,0,0,1,1,1,1,1
2355,2355,Riffler,0,0,11,15,90,20d6 + 20,C N,fey,,,S,8,16,12,11,15,17,6,-1,-1,-1,6,-1,6,-1,5,-1,-1,6,-1,-1,-1,-1,-1,-1,-1,-1,-1,-1,9,-1,0,12,D,30,,20,,-1,,-1,,-1,True,,,,,,,True,"[""Multiattack""]",False,True,"[""restrained""]",O,"[""dexterity""]",-1,0,,,,False,"[""necrotic"",""radiant""]",,,,"[""Common"",""Sylvan""]","C,S",,,AOE,BMT,False,,,-1,,,,-1,0,0,0,0,0,0,0,0,1,0,0,0,0,0,0,0,0,1,1,1,0,1,0,1,0,1,1,0,1,1,1,1,1,1,1,1,1,1,0,1,0,0,0,0,0,1,1,1,0,0,0,1,0,1,0,0,1,0,0,1,1,1,1,1
1701,1701,Ancient Black Dragon,0,0,27,22,367,21d20 + 147,C E,dragon,,,G,27,14,25,16,15,19,11,-1,9,14,9,-1,-1,-1,-1,16,-1,9,-1,-1,-1,-1,-1,-1,-1,-1,-1,-1,-1,-1,0,26,"B, SD",40,,-1,,-1,,80,,40,True,"[""Amphibious"",""Legendary Resistances""]",,,,,,True,"[""Breath Weapon"",""Frightful Presence"",""Multiattack""]",False,False,"[""frightened"",""prone""]","A, B, P,S","[""dexterity"",""wisdom""]",-1,0,"I,P","[""constitution"",""strength""]","[""poisoned"",""prone"",""restrained""]",False,,,"[""acid""]",,"[""Common"",""Draconic""]","C,DR",,swamp,"AOE, MW, RCH",MM,False,"[""Chromatic Dragon""]",,-1,,True,True,-1,0,0,0,0,0,0,0,0,1,0,0,0,0,0,0,0,0,1,0,0,0,1,1,1,1,0,1,0,1,1,1,1,1,1,1,1,1,1,1,1,0,0,0,0,1,1,0,0,0,0,0,1,0,1,0,0,0,0,0,1,1,0,0,1
655,655,Drow Mage,0,0,13,15,45,10d8,N E,humanoid,Elf,,M,9,14,10,17,13,12,-1,-1,-1,-1,-1,-1,6,-1,-1,4,-1,5,-1,-1,-1,-1,4,-1,-1,-1,-1,-1,-1,-1,0,14,SD,30,,-1,,-1,,-1,,-1,True,"[""Fey Ancestry"",""Sunlight Sensitivity""]",Cha,"B, C,F,I,L,O,P,S","CW,I","[""invisible"",""restrained""]","[""constitution"",""dexterity""]",True,,False,False,,"B, I",,-1,0,,,,False,,,,,"[""Elvish"",""Undercommon""]","E,U",,underdark,MW,MM,False,,,-1,,,True,-1,0,0,0,0,0,0,0,0,1,0,0,0,0,0,0,0,1,1,1,1,1,1,0,1,1,0,1,0,1,1,1,1,0,1,1,1,1,1,1,1,0,0,0,0,1,1,1,1,1,0,1,1,0,1,0,0,0,0,0,1,1,1,0,1
3073,3073,Harpy,0,0,7,11,38,7d8 + 7,C E,monstrosity,,,M,12,13,12,7,10,13,-1,-1,-1,-1,-1,-1,-1,-1,-1,-1,-1,-1,-1,-1,-1,-1,-1,-1,-1,-1,-1,-1,-1,-1,0,10,,20,,-1,,-1,,40,,-1,False,,,,,,,True,"[""Multiattack""]",False,False,"[""charmed"",""incapacitated""]","B, S","[""wisdom""]",-1,0,,,,False,,,,,"[""Common""]",C,club,"mountain, forest, hill, coastal","MLW,MW",MM,False,,,-1,,,True,-1,0,0,0,0,0,0,0,0,1,0,0,0,0,0,0,0,1,1,1,1,1,1,1,1,1,1,1,1,1,1,1,1,1,1,1,1,1,1,1,1,0,0,1,0,1,1,0,1,0,0,0,1,0,1,0,0,0,0,0,1,1,1,0,1
2504,2504,Dancing Flame,0,1,10,15,66,12d8 + 12,N E,fiend,,,M,8,17,13,15,12,20,-1,-1,-1,-1,-1,-1,-1,-1,5,5,-1,7,-1,-1,-1,-1,9,-1,-1,-1,9,-1,-1,-1,0,15,D,30,,-1,,-1,,60,,-1,True,,,,,,,True,,False,False,"[""charmed""]","F,Y","[""constitution"",""wisdom""]",-1,0,,,,False,"[""cold"",""fire"",""lightning"",""poison"",{""cond"":true,""note"":""from nonmagical attacks"",""resist"":[""bludgeoning"",""piercing"",""slashing""]}]",,,,"[""Abyssal"",""Common"",""Infernal"",""telepathy 60 ft.""]","AB,C,I,TP",,,"AOE, HPR, MW",CRCotN,False,,,-1,,,,-1,0,0,0,0,0,0,0,0,1,0,0,0,0,0,0,0,1,1,1,1,1,1,1,1,0,0,1,0,1,1,1,1,0,1,1,1,0,1,1,1,0,0,0,0,1,1,0,1,0,0,0,1,0,1,0,0,1,0,0,1,1,1,1,1
1781,1781,Stone Giant Rockspeaker,0,0,22,19,276,24d12 + 120,A,giant,wizard,,H,23,15,20,19,14,10,-1,9,7,10,7,-1,-1,9,-1,7,-1,-1,-1,-1,-1,16,-1,-1,-1,-1,-1,-1,-1,-1,0,17,SD,40,,-1,,-1,,-1,,-1,True,"[""Legendary Resistances""]",,,,,,True,"[""Multiattack""]",False,False,"[""blinded"",""frightened"",""incapacitated""]","B, N,O,P,R","[""dexterity""]",-1,0,,,,False,,,,,"[""Common"",""Giant"",""Terran""]","C,GI,T",,,"AOE, MW, RCH",BGG,False,,,-1,,,,-1,0,0,0,0,0,0,0,0,1,0,0,0,0,0,0,0,1,0,0,0,0,1,1,0,1,0,1,1,1,1,1,0,1,1,1,1,1,1,1,1,0,0,0,0,1,1,1,1,0,0,0,1,0,1,0,0,1,0,0,1,1,1,1,1
2519,2519,Bandit Lord,0,0,10,16,91,14d8 + 28,NX C G NY E,humanoid,any,,M,16,15,14,14,11,14,-1,-1,2,-1,4,5,-1,-1,-1,-1,-1,-1,-1,-1,-1,5,4,4,-1,-1,-1,-1,-1,-1,0,10,,30,,-1,,-1,,-1,,-1,True,"[""Brute"",""Pack Tactics""]",,,,,,True,"[""Multiattack"",""Parry""]",False,True,,"P,S",,-1,0,,,,False,,,,,"[""any two languages""]",X,"dagger, longsword","desert, farmland, forest, grassland, urban","MLW,MW, RW, THW",ToB1-2023,False,,,-1,,,,-1,0,0,0,0,0,0,0,0,1,0,0,0,0,0,0,0,1,1,0,1,0,0,1,1,1,1,1,1,1,1,1,0,0,0,1,1,1,1,1,1,0,0,1,0,1,1,1,1,1,0,1,1,0,1,0,0,0,0,0,1,1,1,1,1
2888,2888,Oak Truestrike,0,0,8,15,32,5d8 + 10,N G E,humanoid,Elf,,M,13,16,14,10,13,11,-1,-1,-1,-1,-1,-1,-1,-1,-1,3,2,5,-1,-1,-1,-1,-1,-1,-1,4,-1,-1,-1,3,0,13,,30,,-1,,-1,,-1,,-1,True,"[""Fey Ancestry"",""Keen Senses""]",,,,,,True,"[""Multiattack""]",False,True,,P,,-1,0,,,,False,,,,,"[""Common""]",C,hand crossbow,,"MLW,MW, RNG, RW",AI,False,,,-1,,,,-1,0,0,0,0,0,0,0,0,1,0,0,0,0,0,0,0,1,1,1,1,1,1,1,1,1,0,0,0,1,1,1,1,1,1,1,0,1,1,1,0,0,0,1,0,1,1,1,1,1,0,1,1,0,1,0,0,1,0,0,1,1,1,1,1
2763,2763,Vampiric Mist,0,0,9,13,30,4d8 + 12,C E,undead,,,M,6,16,16,6,12,7,-1,-1,3,-1,-1,-1,-1,-1,-1,-1,-1,-1,-1,-1,-1,-1,-1,-1,-1,-1,-1,-1,-1,-1,0,11,D,0,,-1,,-1,hover,30,,-1,True,"[""Sunlight Sensitivity""]",,,,,,True,,False,False,,"N,R","[""constitution""]",-1,0,,,,False,"[""acid"",""cold"",""lightning"",""necrotic"",""thunder"",{""cond"":true,""note"":""from nonmagical attacks"",""resist"":[""bludgeoning"",""piercing"",""slashing""]}]",,"[""poison""]","[""charmed"",""exhaustion"",""grappled"",""paralyzed"",""petrified"",""poisoned"",""prone"",""restrained""]",,,,"arctic, coastal, forest, grassland, mountain, swamp, underdark, urban",HPR,MTF,False,,,-1,,,True,-1,0,0,0,0,0,0,0,0,1,0,0,0,0,0,0,0,1,1,0,1,1,1,1,1,1,1,1,1,1,1,1,1,1,1,1,1,1,1,1,1,0,0,0,0,1,1,0,1,1,0,0,1,0,1,1,1,0,0,0,1,1,1,0,1
2149,2149,Whirling Chandelier,0,1,13,13,105,14d10 + 28,U,construct,,,L,18,15,15,3,5,1,-1,-1,-1,-1,-1,-1,-1,-1,-1,-1,-1,-1,-1,-1,-1,-1,-1,-1,-1,-1,-1,-1,-1,-1,0,7,B,30,,-1,,-1,hover,30,,-1,True,"[""False Appearance""]",,,,,,True,"[""Multiattack""]",False,False,"[""blinded""]","B, F","[""constitution"",""strength""]",-1,0,,,,False,"[""fire""]",,"[""poison"",""psychic""]","[""blinded"",""charmed"",""deafened"",""exhaustion"",""frightened"",""paralyzed"",""petrified"",""poisoned""]","[""understands Common but can't speak""]","C,CS",,,"AOE, MW, RCH",VEoR,False,,,-1,,,,-1,0,0,0,0,0,0,0,0,1,0,0,0,0,0,0,0,1,1,1,1,1,1,1,1,1,1,1,1,1,1,1,1,1,1,1,1,1,1,1,1,0,0,0,0,1,1,0,1,0,0,0,1,0,1,0,0,1,0,0,1,1,1,1,1
1556,1556,Stench Kow,0,0,5,10,15,2d10 + 4,U,fiend,cattle,,L,18,10,14,2,10,4,-1,-1,-1,-1,-1,-1,-1,-1,-1,-1,-1,-1,-1,-1,-1,-1,-1,-1,-1,-1,-1,-1,-1,-1,0,10,D,30,,-1,,-1,,-1,,-1,True,,,,,,,True,,False,False,"[""poisoned""]",P,"[""constitution""]",-1,0,,,,False,"[""cold"",""fire"",""poison""]",,,,,,,"grassland, urban",MW,MPMM,False,,,-1,,,,-1,0,0,0,0,0,0,0,0,1,0,0,0,0,0,0,0,1,1,1,1,1,1,1,1,1,1,1,1,1,1,1,1,1,1,1,1,1,1,1,1,0,0,0,0,1,1,1,1,0,0,0,1,0,1,1,1,0,0,0,1,1,1,1,1
2649,2649,Nergaliid,0,1,9,12,42,4d10 + 20,L E,fiend,devil,,L,18,12,20,12,10,12,-1,-1,-1,-1,-1,-1,-1,-1,-1,2,-1,5,-1,-1,-1,-1,5,-1,-1,-1,-1,-1,-1,-1,0,12,SD,30,,-1,,-1,,-1,,-1,True,,,,,,,True,,False,False,"[""poisoned""]","B, P,Y","[""constitution"",""wisdom""]",-1,0,,,,False,"[""cold"",{""cond"":true,""note"":""from nonmagical attacks that aren't silvered"",""resist"":[""bludgeoning"",""piercing"",""slashing""]}]",,"[""fire"",""poison""]","[""poisoned""]","[""Common"",""Infernal""]","C,I",,,"MW, RCH",EGW,False,,,-1,,,,-1,0,0,0,0,0,0,0,0,1,0,0,0,0,0,0,0,1,1,1,1,1,1,1,1,1,0,1,0,1,1,1,1,0,1,1,1,1,1,1,1,0,0,0,0,1,1,1,1,0,0,0,1,0,1,0,0,1,0,0,1,1,1,1,1
1117,1117,Ayo Jabe (Tier 1),0,0,9,14,65,10d8 + 20,C G,humanoid,"ranger, genasi""",,M,14,14,14,10,12,12,-1,-1,-1,-1,4,4,-1,-1,-1,3,-1,-1,-1,-1,-1,4,-1,-1,-1,-1,-1,-1,-1,3,0,13,,30,,-1,,-1,,-1,,30,True,"[""Amphibious""]",Wis,,O,"[""charmed""]","[""wisdom""]",True,"[""Multiattack""]",False,False,,P,,-1,0,,,,False,"[""acid""]",,,,"[""Common"",""Goblin"",""Orc""]","C,GO,O",longbow,,"MW, RNG, RW",CRCotN,False,,,-1,,,,-1,0,0,0,0,0,0,0,0,1,0,0,0,0,0,0,0,1,1,1,1,0,0,1,1,1,0,1,1,1,1,1,0,1,1,1,1,1,1,1,0,0,0,1,0,1,1,1,0,1,0,1,1,0,1,0,0,1,0,0,1,1,1,1,1
845,845,Eternal Flame Priest,0,1,9,15,52,8d8 + 16,N E,humanoid,Human,,M,12,15,14,10,11,16,-1,-1,-1,-1,-1,-1,-1,-1,-1,-1,-1,-1,-1,-1,-1,-1,5,5,-1,-1,-1,2,-1,-1,0,10,,30,,-1,,-1,,-1,,-1,False,,Cha,F,CS,,"[""dexterity""]",True,,False,False,,P,,-1,0,,,,False,"[""fire""]",,,,"[""Common"",""Ignan""]","C,IG",dagger,,"MLW,MW, RW, THW",PotA,False,,,-1,,,,-1,0,0,0,0,0,0,0,0,1,0,0,0,0,0,0,0,1,1,1,1,1,1,1,1,1,1,1,1,1,1,1,1,0,0,1,1,1,0,1,1,0,0,1,0,1,1,1,1,1,0,1,1,0,1,0,0,1,0,0,1,1,1,1,1
2985,2985,Carrionette,0,0,7,15,27,6d6 + 6,,construct,,,S,10,15,12,8,14,14,-1,-1,-1,-1,-1,-1,-1,-1,-1,-1,-1,-1,-1,-1,-1,-1,-1,-1,-1,-1,-1,-1,-1,-1,0,12,,25,,-1,,-1,,-1,,-1,True,"[""Unusual Nature""]",,,,,,True,,False,False,"[""unconscious""]","N,P","[""charisma""]",-1,0,,,,False,"[""poison"",""psychic""]",,,"[""charmed"",""frightened"",""poisoned""]","[""understands the languages of its creator""]",,,,"CUR, MW",VRGR,False,,,-1,,,,-1,0,0,0,0,0,0,1,0,1,0,0,0,0,0,0,0,1,1,1,1,1,1,1,1,1,1,1,1,1,1,1,1,1,1,1,1,1,1,1,1,0,0,1,0,1,1,1,1,0,0,0,1,0,1,0,1,1,0,0,1,1,1,1,1
3083,3083,Thanoi Hunter,0,0,7,14,32,5d8 + 10,A,monstrosity,,,M,18,14,15,12,16,11,-1,-1,-1,4,-1,6,-1,-1,-1,5,-1,-1,-1,-1,-1,6,-1,-1,-1,-1,-1,-1,-1,5,0,15,,30,,-1,,-1,,-1,,30,True,"[""Hold Breath"",""Pack Tactics""]",,,,,,True,"[""Multiattack""]",False,False,,"P,S",,-1,0,,,,False,,,"[""cold""]",,"[""Aquan"",""Common""]","AQ,C",,,"MW, RCH, RW",MCV2DC,False,,,-1,,,,-1,0,0,0,0,0,0,0,0,1,0,0,0,0,0,0,0,1,1,1,0,1,0,1,1,1,0,1,1,1,1,1,0,1,1,1,1,1,1,1,0,0,0,1,0,1,1,1,0,1,0,1,1,0,1,0,0,1,0,0,1,1,1,1,1
2254,2254,Mouth of Grolantor,0,0,12,14,105,10d12 + 40,C E,giant,hill giant,,H,21,10,18,5,7,5,-1,-1,-1,-1,-1,-1,-1,-1,-1,1,-1,-1,-1,-1,-1,-1,-1,-1,-1,-1,-1,-1,-1,-1,0,11,,50,,-1,,-1,,-1,,-1,True,,,,,,,True,,False,False,,"B, P",,-1,0,,,,False,,,,"[""frightened""]","[""Giant""]",GI,,"grassland, hill","MW, RCH",VGM,False,,,-1,,,True,-1,0,0,0,0,0,0,0,0,1,0,0,0,0,0,0,0,1,1,1,1,1,1,1,1,1,0,1,1,1,1,1,1,1,1,1,1,1,1,1,1,0,0,1,0,1,1,1,1,1,0,1,1,0,1,0,0,0,0,0,1,1,1,0,1
1067,1067,Pirate Deck Wizard,0,1,7,15,32,5d8 + 10,A,humanoid,any,,M,10,14,14,16,13,11,-1,-1,-1,-1,-1,-1,5,-1,-1,3,-1,-1,-1,-1,-1,-1,-1,-1,-1,-1,-1,-1,-1,-1,0,13,,30,,-1,,-1,,-1,,-1,True,,Int,"A, C,L",CW,,"[""strength""]",True,,False,False,,B,,-1,0,,,,False,,,,,"[""any one language (usually Common)""]","C,X",quarterstaff,,"MLW,MW",GoS,False,,,-1,,,,-1,0,0,0,0,0,0,0,0,1,0,0,0,0,0,0,0,1,1,1,1,1,1,0,1,1,0,1,1,1,1,1,1,1,1,1,1,1,1,1,1,0,0,1,0,1,1,1,1,1,0,1,1,0,1,0,0,1,0,0,1,1,1,1,1
858,858,Xandala,0,0,13,13,71,11d8 + 22,N E,humanoid,half-elf,,M,10,11,14,18,16,18,-1,7,6,-1,-1,-1,7,7,6,-1,-1,-1,-1,-1,-1,-1,10,-1,-1,-1,-1,-1,-1,6,0,13,,30,,-1,,-1,,-1,,-1,True,,Cha,"A, B, C, F, I, L, T",CS,,"[""dexterity"",""wisdom""]",True,,False,False,,B,,-1,0,,,,False,,,,,"[""Common"",""Draconic"",""Dwarvish"",""Elvish"",""Halfling""]","C,D,DR,E,H",quarterstaff,,"MLW,MW",ToA,False,,,-1,,,,-1,0,0,0,0,0,0,0,0,1,0,0,0,0,0,0,0,1,0,0,1,1,1,0,0,0,1,1,1,1,1,1,1,0,1,1,1,1,1,1,0,0,0,1,0,1,1,1,1,1,0,1,1,0,1,0,0,1,0,0,1,1,1,1,1
2754,2754,Mormesk the Wraith,0,0,9,13,45,6d8 + 18,N E,undead,,,M,6,16,16,12,14,15,-1,-1,-1,-1,-1,-1,-1,-1,-1,-1,-1,-1,-1,-1,-1,-1,-1,-1,-1,-1,-1,-1,-1,-1,0,12,D,0,,-1,,-1,,60,,-1,True,"[""Incorporeal Movement"",""Sunlight Sensitivity""]",,,,,,True,,False,False,,N,"[""constitution""]",-1,0,,,,False,"[""acid"",""cold"",""fire"",""lightning"",""thunder"",{""cond"":true,""note"":""from nonmagical attacks that aren't silvered"",""resist"":[""bludgeoning"",""piercing"",""slashing""]}]",,"[""necrotic"",""poison""]","[""charmed"",""grappled"",""paralyzed"",""petrified"",""poisoned"",""prone"",""restrained""]","[""Common"",""Infernal""]","C,I",,,"HPR, MW",LMoP,False,,,-1,,,True,-1,0,0,0,0,0,0,0,0,1,0,0,0,0,0,0,0,1,1,1,1,1,1,1,1,1,1,1,1,1,1,1,1,1,1,1,1,1,1,1,1,0,0,0,0,1,1,0,1,1,0,0,1,0,1,0,0,1,0,0,1,1,1,0,1
2671,2671,Giff,0,0,9,16,60,8d8 + 24,A,humanoid,,,M,18,14,17,11,12,12,-1,-1,-1,-1,-1,-1,-1,-1,-1,-1,-1,-1,-1,-1,-1,-1,-1,-1,-1,-1,-1,-1,-1,-1,0,11,,30,,-1,,-1,,-1,,-1,True,,,,,,,True,"[""Multiattack""]",False,False,"[""prone""]","B, P,S","[""dexterity"",""strength""]",-1,0,,,,False,,,,,"[""Common""]",C,"longsword, musket, pistol",urban,"AOE, MLW,MW, RW",MPMM,False,,,-1,,,,-1,0,0,0,0,0,0,0,0,1,0,0,0,0,0,0,0,1,1,1,1,1,1,1,1,1,1,1,1,1,1,1,1,1,1,1,1,1,1,1,1,0,0,1,0,1,1,1,1,0,0,0,1,0,1,0,0,0,0,0,1,1,1,1,1
1686,1686,Belashyrra,0,1,28,19,304,32d8 + 160,C E,aberration,,,M,24,21,20,25,22,23,13,14,13,-1,-1,-1,14,-1,-1,13,-1,-1,-1,-1,-1,-1,-1,-1,-1,-1,-1,-1,-1,-1,0,23,U,40,,-1,,-1,hover,40,,-1,True,"[""Legendary Resistances"",""Magic Resistance"",""Regeneration""]",,,,,,True,"[""Multiattack""]",False,False,"[""blinded"",""charmed"",""exhaustion"",""stunned""]","O,R,S,Y","[""constitution"",""intelligence"",""wisdom""]",-1,0,,"[""wisdom""]","[""charmed""]",False,"[""poison"",""psychic""]",,,"[""blinded"",""charmed"",""exhaustion"",""frightened"",""poisoned"",""prone""]","[""Deep Speech"",""telepathy 120 ft.""]","DS,TP",,,MW,ERLW,False,,,-1,,,,-1,0,0,0,0,0,0,0,0,1,0,0,0,0,0,0,0,0,0,0,1,1,1,0,1,1,0,1,1,1,1,1,1,1,1,1,1,1,1,1,1,0,0,0,0,1,1,0,1,0,0,0,1,0,1,0,0,1,0,0,1,1,1,1,1
216,216,Eater of Dust,0,0,15,17,114,12d8 + 60,N E,aberration,,,M,20,14,20,10,15,17,7,-1,-1,9,-1,9,-1,-1,-1,6,-1,-1,-1,-1,-1,9,-1,7,-1,-1,-1,-1,-1,-1,0,16,B,30,,-1,,-1,,-1,,-1,True,"[""Regeneration""]",,,,,,True,"[""Multiattack""]",True,False,,"N,P","[""constitution""]",-1,0,,,,False,"[""acid"",""cold"",{""cond"":true,""note"":""from nonmagical attacks"",""resist"":[""bludgeoning"",""piercing"",""slashing""]}]",,"[""lightning"",""poison""]","[""blinded"",""poisoned""]","[""telepathy 120 ft. understands Abyssal"",""Common"",""Infernal"",""and Void Speech but can't speak""]","AB,C,CS,I,TP",,planar,"MW, RCH",ToB1-2023,False,,,-1,,,,-1,0,0,0,0,0,0,0,0,1,0,0,0,0,0,0,0,0,1,1,0,1,0,1,1,1,0,1,1,1,1,1,0,1,0,1,1,1,1,1,1,0,0,0,0,1,1,1,1,1,0,0,1,0,1,0,0,0,0,0,1,1,1,1,1
2374,2374,Black Viper,0,0,11,16,84,13d8 + 26,C N,humanoid,Human,,M,11,18,14,11,11,12,-1,3,-1,-1,7,-1,-1,-1,-1,3,-1,7,-1,7,-1,3,-1,-1,-1,-1,-1,-1,7,-1,0,13,,30,,-1,,-1,,-1,,-1,True,"[""Sneak Attack""]",,,,,,True,"[""Multiattack""]",False,True,,P,,-1,0,,,,False,,,,,"[""Common"",""Thieves' cant""]","C,TC","hand crossbow, rapier",,"MLW,MW, RNG, RW",WDH,False,,,-1,,,,-1,0,0,0,0,0,0,0,0,1,0,0,0,0,0,0,0,1,0,1,1,0,1,1,1,1,0,1,0,1,0,1,0,1,1,1,1,1,1,0,1,0,0,1,0,1,1,1,1,1,0,1,1,0,1,0,0,1,0,0,1,1,1,1,1
1594,1594,Scout,0,0,5,13,16,3d8 + 3,A,humanoid,any,,M,11,14,12,11,13,11,-1,-1,-1,-1,-1,-1,-1,-1,-1,5,-1,6,-1,-1,-1,-1,-1,-1,-1,4,-1,-1,-1,5,0,15,,30,,-1,,-1,,-1,,-1,True,"[""Keen Senses""]",,,,,,True,"[""Multiattack""]",False,False,,P,,-1,0,,,,False,,,,,"[""any one language (usually Common)""]","C,X","longbow, shortsword","coastal, mountain, grassland, hill, arctic, forest, swamp, underdark, desert","MLW,MW, RNG, RW",MM,False,,,-1,,,True,-1,0,0,0,0,0,0,0,0,1,0,0,0,0,0,0,0,1,1,1,1,1,1,1,1,1,0,1,0,1,1,1,1,1,1,1,0,1,1,1,0,0,0,1,0,1,1,1,1,1,0,1,1,0,1,0,0,0,0,0,1,1,1,0,1
87,87,Kas the Betrayer,0,0,29,18,315,30d8 + 180,N E,undead,vampire,,M,26,20,22,24,19,26,15,-1,11,13,-1,-1,14,-1,-1,11,-1,12,-1,-1,-1,-1,22,-1,-1,-1,-1,-1,-1,-1,0,21,SD,40,,-1,,-1,,-1,,-1,True,"[""Legendary Resistances"",""Regeneration"",""Spider Climb"",""Sunlight Sensitivity""]",,,,,,True,"[""Multiattack"",""Shapechanger""]",True,True,"[""frightened""]","N,P,R,S","[""wisdom""]",-1,0,,,,False,,,"[""necrotic"",""poison"",{""cond"":true,""immune"":[""bludgeoning"",""piercing"",""slashing""],""note"":""from nonmagical attacks""}]","[""charmed"",""exhaustion"",""frightened"",""paralyzed"",""poisoned""]","[""Abyssal"",""Common"",""Draconic"",""Infernal""]","AB,C,DR,I",,,"HPR, MW",VEoR,False,,,-1,,,,-1,0,0,0,0,0,0,0,0,1,0,0,0,0,0,0,0,0,1,0,0,1,1,0,1,1,0,1,0,1,1,1,1,0,1,1,1,1,1,1,1,0,0,0,0,1,1,1,1,0,0,0,1,0,1,0,0,1,0,0,1,1,1,1,1
2819,2819,Cave Dragon Wyrmling,0,0,8,16,52,7d8 + 21,N E,dragon,,,M,19,12,17,8,10,12,3,-1,2,5,3,-1,-1,-1,-1,4,-1,3,-1,-1,-1,-1,-1,-1,-1,-1,-1,-1,-1,-1,0,14,"B, T",30,,20,,-1,,20,,-1,True,,,,,,,True,"[""Breath Weapon""]",False,False,"[""poisoned""]","I,P","[""constitution""]",-1,0,,,,False,,,"[""poison""]","[""blinded"",""poisoned""]","[""Draconic""]",DR,,underdark,"AOE, MW",ToB1-2023,False,,,-1,,,,-1,0,0,0,0,0,0,0,0,1,0,0,0,0,0,0,0,0,1,0,0,0,1,1,1,1,0,1,0,1,1,1,1,1,1,1,1,1,1,1,1,0,0,0,0,0,1,0,1,0,0,0,1,0,1,0,0,0,0,0,1,1,1,1,1
1238,1238,Cult Fanatic,0,0,8,13,33,6d8 + 6,L NX C NY E,humanoid,any,,M,11,14,12,10,13,14,-1,-1,-1,-1,-1,-1,-1,-1,-1,-1,-1,-1,-1,-1,-1,-1,4,-1,-1,-1,4,2,-1,-1,0,11,,30,,-1,,-1,,-1,,-1,True,,Wis,"N,O,R",CC,"[""paralyzed"",""prone""]","[""dexterity"",""wisdom""]",True,"[""Multiattack""]",False,False,,P,,-1,0,,,,False,,,,,"[""any one language (usually Common)""]","C,X",dagger,urban,"MLW,MW, RW, THW",MM,False,,,-1,,,True,-1,0,0,0,0,0,0,0,0,1,0,0,0,0,0,0,0,1,1,1,1,1,1,1,1,1,1,1,1,1,1,1,1,0,1,1,1,0,0,1,1,0,0,1,0,1,1,1,1,1,0,1,1,0,1,0,0,0,0,0,1,1,1,0,1
2154,2154,Air Elemental Myrmidon,0,0,13,18,117,18d8 + 36,N,elemental,,,M,18,14,14,9,10,10,-1,-1,-1,-1,-1,-1,-1,-1,-1,-1,-1,-1,-1,-1,-1,-1,-1,-1,-1,-1,-1,-1,-1,-1,0,10,D,30,,-1,,-1,hover,30,,-1,True,"[""Magic Weapons""]",,,,,,True,"[""Multiattack""]",False,False,"[""stunned""]","B, L","[""constitution""]",-1,0,,,,False,"[""lightning"",""thunder"",{""cond"":true,""note"":""from nonmagical attacks"",""resist"":[""bludgeoning"",""piercing"",""slashing""]}]",,"[""poison""]","[""paralyzed"",""petrified"",""poisoned"",""prone""]","[""Auran"",""one language of its creator's choice""]",AU,flail,,"MLW,MW",MTF,False,,,-1,,,True,-1,0,0,0,0,0,0,0,0,1,0,0,0,0,0,0,0,1,1,1,1,1,1,1,1,1,1,1,1,1,1,1,1,1,1,1,1,1,1,1,1,0,0,0,0,1,1,0,1,0,0,0,1,0,1,0,0,1,0,0,1,1,1,0,1
1949,1949,Parasite-infested Behir,0,1,17,17,168,16d12 + 64,N E,undead,,,H,23,16,18,7,14,12,-1,-1,-1,-1,-1,-1,-1,-1,-1,6,-1,7,-1,-1,-1,-1,-1,-1,-1,-1,-1,-1,-1,-1,0,16,D,50,,-1,,40,,-1,,-1,False,,,,,,,True,"[""Breath Weapon"",""Multiattack"",""Swallow""]",False,False,"[""blinded"",""grappled"",""restrained""]","A, B, L,N,P,S","[""constitution"",""dexterity""]",-1,0,,,,False,,,"[""lightning""]",,"[""Draconic""]",DR,,,"MW, RCH",CM,False,,,-1,,,,-1,0,0,0,0,0,0,0,0,1,0,0,0,0,0,0,0,1,1,1,1,1,1,1,1,1,0,1,0,1,1,1,1,1,1,1,1,1,1,1,1,0,0,0,0,1,0,1,1,0,0,0,1,0,1,0,0,1,0,0,1,1,1,1,1
40,40,Brusipha,0,0,9,14,90,12d8 + 36,C E,humanoid,"minotaur, warlock",,M,18,11,16,12,16,16,5,-1,5,-1,-1,-1,-1,-1,-1,7,-1,-1,-1,-1,-1,-1,5,-1,-1,-1,-1,3,-1,-1,0,17,D,40,,-1,,-1,,-1,,-1,True,,Cha,N,O,"[""charmed"",""prone""]","[""wisdom""]",True,"[""Multiattack""]",True,True,"[""prone""]","N,O,P","[""strength""]",-1,0,,,,False,,,,,"[""Abyssal"",""Common""]","AB,C",,,MW,BMT,False,,,-1,,,,-1,0,0,0,0,0,0,0,0,1,0,0,0,0,0,0,0,0,1,0,1,1,1,1,1,1,0,1,1,1,1,1,1,0,1,1,1,1,0,1,1,0,0,0,0,1,1,1,1,0,0,0,1,0,1,0,0,1,0,0,1,1,1,1,1
707,707,Devilbound Gnome,0,0,15,17,104,19d6 + 38,L NX C E,humanoid,gnome,,S,10,14,15,16,12,21,9,7,-1,6,-1,-1,7,7,-1,-1,-1,-1,-1,-1,-1,-1,9,-1,-1,-1,9,-1,-1,-1,0,11,D,25,,-1,,-1,,-1,,-1,True,"[""Magic Resistance""]",Cha,"F,O",O,"[""invisible"",""prone""]","[""dexterity"",""wisdom""]",True,"[""Multiattack""]",False,True,"[""incapacitated""]","F,I,Y","[""wisdom""]",-1,0,,,,False,"[""cold"",""fire"",""poison"",{""cond"":true,""note"":""from nonmagical attacks that aren't silvered"",""resist"":[""bludgeoning"",""piercing"",""slashing""]}]",,,"[""poisoned""]","[""Common"",""Gnomish"",""Infernal""]","C,G,I",,urban,,ToB1-2023,False,,,-1,,,,-1,0,0,0,0,0,0,0,0,1,0,0,0,0,0,0,0,0,0,1,0,1,1,0,0,1,1,1,1,1,1,1,1,0,1,1,1,0,1,1,1,0,0,0,0,1,1,1,1,0,0,0,1,0,1,0,0,0,1,0,1,1,1,1,1
1127,1127,Anchorite of Talos,0,1,9,13,58,9d8 + 18,N E,humanoid,"half-orc, shapechanger",,M,16,13,14,9,15,12,-1,-1,-1,-1,-1,-1,-1,-1,-1,-1,-1,3,-1,-1,-1,-1,-1,-1,-1,1,-1,-1,-1,4,0,12,D,30,,-1,,-1,,-1,,-1,True,shapechanger,Wis,"L,T",I,,"[""constitution"",""dexterity""]",True,,False,False,,S,,-1,0,,,,False,,,,,"[""Common"",""Orc""]","C,O",,,MW,DIP,False,,,-1,,,,-1,0,0,0,0,0,0,0,0,1,0,0,0,0,0,0,0,1,1,1,1,1,1,1,1,1,1,1,0,1,1,1,1,1,1,1,0,1,1,1,0,0,0,0,0,1,1,1,1,1,0,1,1,0,1,0,0,1,0,0,1,1,1,1,1
1965,1965,Sapphire Sentinel,0,1,16,17,178,17d10 + 85,U,construct,,,L,22,9,20,3,11,1,-1,-1,-1,-1,-1,-1,-1,-1,-1,-1,-1,-1,-1,-1,-1,-1,-1,-1,-1,-1,-1,-1,-1,-1,0,10,SD,30,,-1,,-1,,-1,,-1,True,"[""Immutable Form"",""Magic Resistance"",""Magic Weapons""]",,,,,,True,"[""Multiattack""]",False,False,,B,"[""wisdom""]",-1,0,,,,False,,,"[""poison"",""psychic"",{""cond"":true,""immune"":[""bludgeoning"",""piercing"",""slashing""],""note"":""from nonmagical attacks that aren't adamantine""}]","[""charmed"",""exhaustion"",""frightened"",""paralyzed"",""petrified"",""poisoned""]","[""understands Common but can't speak""]","C,CS",,,MW,CM,False,,,-1,,,,-1,0,0,0,0,0,0,0,0,1,0,0,0,0,0,0,0,1,1,1,1,1,1,1,1,1,1,1,1,1,1,1,1,1,1,1,1,1,1,1,1,0,0,0,0,1,1,1,1,1,0,0,1,0,1,0,0,1,0,0,1,1,1,1,1
1324,1324,Hadozee Shipmate,0,0,3,12,9,2d8,A,humanoid,,,M,11,14,11,10,14,12,-1,-1,-1,2,4,-1,-1,-1,-1,4,-1,-1,-1,-1,-1,-1,-1,-1,-1,-1,-1,-1,-1,6,0,14,,30,,-1,,30,,-1,,-1,True,,,,,,,True,,False,True,,P,,-1,0,,,,False,,,,,"[""Common"",""Hadozee""]",C,dagger,,"MLW,MW, RW, THW",BAM,False,,,-1,,,,-1,0,0,0,0,0,0,0,0,1,0,0,0,0,0,0,0,1,1,1,0,0,1,1,1,1,0,1,1,1,1,1,1,1,1,1,1,1,1,1,0,0,0,1,0,1,0,1,1,1,0,1,1,0,1,0,0,1,0,0,1,1,1,1,1
1777,1777,Daemogoth Titan,0,0,22,17,203,11d20 + 88,C E,fiend,,,G,26,10,26,24,18,20,10,12,9,-1,-1,-1,17,12,-1,9,-1,-1,-1,-1,-1,-1,15,-1,-1,-1,-1,-1,-1,-1,0,19,U,40,,-1,,-1,,-1,,-1,True,"[""Legendary Resistances""]",,,,,,True,"[""Multiattack"",""Teleport""]",False,False,"[""frightened""]","N,O,Y","[""constitution"",""wisdom""]",-1,0,,,,False,,,"[""psychic""]","[""charmed"",""frightened""]","[""Abyssal"",""Infernal"",""telepathy 120 ft.""]","AB,I,TP",,,RCH,SCC,False,,,-1,,,,-1,0,0,0,0,0,0,0,0,1,0,0,0,0,0,0,0,0,0,0,1,1,1,0,0,1,0,1,1,1,1,1,1,0,1,1,1,1,1,1,1,0,0,0,0,1,1,1,1,0,0,0,1,0,1,0,0,1,0,0,1,1,1,1,1
161,161,Clockwork Myrmidon,0,0,12,16,136,16d10 + 48,U,construct,,,L,20,14,16,6,10,1,-1,-1,-1,-1,5,8,-1,-1,-1,6,-1,-1,-1,-1,-1,8,-1,-1,-1,-1,-1,-1,-1,-1,0,16,D,30,,-1,,-1,,-1,,-1,True,"[""Immutable Form"",""Magic Resistance""]",,,,,,True,"[""Multiattack""]",True,False,"[""prone""]","B, F,P","[""dexterity""]",-1,0,,,,False,,,"[""poison"",""psychic""]","[""charmed"",""exhaustion"",""frightened"",""paralyzed"",""petrified"",""poisoned""]","[""understands Common but can't speak""]","C,CS",war pick,urban,"AOE, MLW,MW, RCH",ToB1-2023,False,,,-1,,,,-1,0,0,0,0,0,0,0,0,1,0,0,0,0,0,0,0,1,1,1,1,0,0,1,1,1,0,1,1,1,1,1,0,1,1,1,1,1,1,1,1,0,0,0,0,1,1,1,1,0,0,0,1,0,1,0,0,0,0,0,1,1,1,1,1
2493,2493,Stone Defender,0,0,10,16,52,7d8 + 21,U,construct,,,M,19,10,17,3,10,1,-1,-1,-1,-1,-1,-1,-1,-1,-1,-1,-1,-1,-1,-1,-1,-1,-1,-1,-1,-1,-1,-1,-1,-1,0,10,D,30,,-1,,-1,,-1,,-1,True,"[""False Appearance"",""Magic Resistance""]",,,,,,True,,False,True,"[""prone""]",B,,-1,0,,,,False,,,"[""poison"",{""cond"":true,""immune"":[""bludgeoning"",""piercing"",""slashing""],""note"":""from nonmagical attacks that aren't adamantine""}]","[""charmed"",""exhaustion"",""frightened"",""paralyzed"",""petrified"",""poisoned""]","[""understands one language of its creator but can't speak""]",CS,,"forest, grassland, hill, mountain",MW,MTF,False,,,-1,,,True,-1,0,0,0,0,0,0,0,0,1,0,0,0,0,0,0,0,1,1,1,1,1,1,1,1,1,1,1,1,1,1,1,1,1,1,1,1,1,1,1,1,0,0,0,0,1,1,1,1,0,0,1,1,0,1,0,0,0,0,0,1,1,1,0,1
2704,2704,Basilisk,0,0,9,15,52,8d8 + 16,U,monstrosity,,,M,16,8,15,2,8,7,-1,-1,-1,-1,-1,-1,-1,-1,-1,-1,-1,-1,-1,-1,-1,-1,-1,-1,-1,-1,-1,-1,-1,-1,0,9,D,20,,-1,,-1,,-1,,-1,True,,,,,,,True,,False,False,"[""petrified"",""restrained""]","I,P","[""constitution""]",-1,0,,,,False,,,,,,,,mountain,MW,MM,False,,,-1,,,True,-1,0,0,0,0,0,0,0,0,1,0,0,0,0,0,0,0,1,1,1,1,1,1,1,1,1,1,1,1,1,1,1,1,1,1,1,1,1,1,1,1,0,0,0,0,1,1,1,1,0,0,0,1,0,1,1,1,0,0,0,1,1,1,0,1
205,205,Adult Sapphire Dragon,0,0,21,18,225,18d12 + 108,L N,dragon,gem,,H,23,14,22,18,17,18,9,-1,8,11,7,-1,-1,9,-1,13,-1,7,-1,-1,-1,-1,-1,-1,-1,-1,14,-1,-1,-1,0,23,"B, SD",40,,30,,40,,80,,-1,True,"[""Legendary Resistances"",""Spider Climb"",""Tunneler""]",Int,"B, Y",P,"[""paralyzed"",""prone"",""restrained""]","[""wisdom""]",True,"[""Breath Weapon"",""Multiattack"",""Shapechanger""]",True,False,"[""incapacitated""]","B, P,S,T","[""constitution"",""dexterity""]",-1,0,T,"[""constitution"",""wisdom""]","[""charmed"",""stunned""]",False,"[""lightning"",""thunder""]",,,"[""frightened""]","[""Common"",""Draconic"",""telepathy 120 ft.""]","C,DR,TP",,,"AOE, MW, RCH",FTD,False,"[""Gem Dragon""]",,-1,,True,,-1,0,0,0,0,0,0,0,0,1,0,0,0,0,0,0,0,0,1,0,0,0,1,1,0,1,0,1,0,1,1,1,1,1,1,1,1,0,1,1,1,0,0,0,0,0,0,0,1,0,0,0,1,0,1,0,0,1,0,0,1,1,0,1,1
1602,1602,Tosculi Drone,0,0,5,13,22,4d6 + 8,L E,humanoid,tosculi,,S,8,16,14,8,12,4,-1,-1,-1,-1,-1,-1,-1,-1,-1,-1,-1,-1,-1,-1,-1,-1,-1,-1,-1,-1,-1,-1,-1,-1,0,11,D,20,,-1,,-1,,-1,,-1,True,,,,,,,True,,False,False,,S,,-1,0,,,,False,,,,,tosculi,,,"desert, underdark",MW,ToB1-2023,False,,,-1,,,,-1,0,0,0,0,0,0,0,0,1,0,0,0,0,0,0,0,1,1,1,1,1,1,1,1,1,1,1,1,1,1,1,1,1,1,1,1,1,1,1,1,0,0,0,0,1,1,1,1,1,0,1,1,0,1,0,1,0,0,0,1,1,1,1,1
474,474,Umbral Vampire,0,0,13,14,84,13d8 + 26,C E,undead,,,M,1,18,15,14,14,19,7,-1,-1,-1,7,-1,-1,-1,-1,5,-1,7,-1,-1,-1,-1,-1,-1,-1,-1,-1,-1,-1,-1,0,15,D,0,,-1,,-1,hover,40,,-1,True,"[""Incorporeal Movement"",""Sunlight Sensitivity""]",,,,,,True,"[""Multiattack""]",True,False,"[""restrained""]","N,O","[""dexterity""]",-1,0,,,,False,"[""acid"",""fire"",""lightning"",{""cond"":true,""note"":""from nonmagical attacks"",""resist"":[""bludgeoning"",""piercing"",""slashing""]}]",,"[""cold"",""necrotic"",""poison""]","[""exhaustion"",""grappled"",""paralyzed"",""petrified"",""poisoned"",""prone"",""restrained""]","[""Common"",""Umbral"",""Void Speech""]",C,,"planar, urban",MW,ToB1-2023,False,,,-1,,,,-1,0,0,0,0,0,0,0,0,1,0,0,0,0,0,0,0,0,1,1,1,0,1,1,1,1,0,1,0,1,1,1,1,1,1,1,1,1,1,1,1,0,0,0,0,1,1,0,1,0,0,0,1,0,1,0,0,0,0,0,1,1,1,1,1
1417,1417,Squirt the Oilcan,0,0,4,15,17,7d4,C N,construct,,,T,3,15,10,11,8,15,-1,-1,-1,-1,-1,-1,-1,-1,-1,-1,-1,-1,-1,-1,-1,-1,-1,-1,-1,-1,-1,-1,-1,-1,0,9,,0,,-1,,-1,hover,30,,-1,True,"[""False Appearance"",""Unusual Nature""]",,,,,,True,,False,False,"[""prone""]",B,"[""dexterity""]",-1,0,,,,False,,,"[""poison""]","[""exhaustion"",""paralyzed"",""poisoned"",""unconscious""]","[""Common"",""Dwarvish"",""Sylvan""]","C,D,S",,,MW,WBtW,False,,,-1,,,,-1,0,0,0,0,0,0,0,0,1,0,0,0,0,0,0,0,1,1,1,1,1,1,1,1,1,1,1,1,1,1,1,1,1,1,1,1,1,1,1,1,0,0,1,0,1,1,0,1,0,0,0,1,0,1,0,0,1,0,0,1,1,1,1,1
2194,2194,Lost Sorrowsworn,0,0,13,15,78,12d8 + 24,N E,monstrosity,,,M,17,12,15,6,7,5,-1,-1,-1,-1,-1,-1,-1,-1,-1,-1,-1,-1,-1,-1,-1,6,-1,-1,-1,-1,-1,-1,-1,-1,0,8,D,30,,-1,,-1,,-1,,-1,False,,,,,,,True,"[""Multiattack""]",False,True,"[""frightened"",""grappled""]","P,Y",,-1,0,,,,False,"[{""cond"":true,""note"":""while in dim light or darkness"",""resist"":[""bludgeoning"",""piercing"",""slashing""]}]",,,,"[""Common""]",C,,"arctic, desert, forest, mountain, swamp, underdark, urban","MW, RCH",MPMM,False,,,-1,,,,-1,0,0,0,0,0,0,0,0,1,0,0,0,0,0,0,0,1,1,1,1,1,1,1,1,1,1,1,1,1,1,1,0,1,1,1,1,1,1,1,1,0,0,0,0,1,1,1,1,0,0,1,1,0,1,0,0,0,0,0,1,1,1,1,1
3077,3077,Leshy,0,0,7,14,45,7d8 + 14,C N,monstrosity,,,M,16,12,14,14,15,16,-1,-1,-1,-1,-1,-1,-1,-1,-1,4,-1,3,-1,-1,-1,-1,5,-1,-1,-1,-1,-1,-1,4,0,14,D,30,,-1,,-1,,-1,,-1,True,"[""Camouflage"",""Mimicry""]",,,,,,True,,False,False,"[""frightened""]","B, I","[""wisdom""]",-1,0,,,,False,,,"[""poison""]","[""poisoned""]","[""Common"",""Elvish"",""Sylvan""]","C,E,S",club,forest,"AOE, MLW,MW",ToB1-2023,False,,,-1,,,,-1,0,0,0,0,0,0,0,0,1,0,0,0,0,0,0,0,1,1,1,1,1,1,1,1,1,0,1,0,1,1,1,1,0,1,1,1,1,1,1,0,0,0,0,0,1,1,1,1,0,0,0,1,0,1,0,0,0,0,0,1,1,1,1,1
1002,1002,Hydroloth,0,0,15,15,135,18d8 + 54,N E,fiend,yugoloth,,M,12,21,16,19,10,14,-1,-1,-1,-1,-1,-1,-1,-1,4,4,-1,-1,-1,-1,-1,-1,-1,-1,-1,-1,-1,-1,-1,-1,0,14,"B, D",20,,-1,,-1,,-1,,40,True,"[""Amphibious"",""Magic Resistance""]",Int,B,O,"[""charmed"",""frightened"",""invisible""]","[""strength"",""wisdom""]",True,"[""Multiattack"",""Teleport""]",False,False,,"O,Y","[""intelligence""]",-1,0,,,,False,"[""cold"",""lightning"",{""cond"":true,""note"":""from nonmagical attacks"",""resist"":[""bludgeoning"",""piercing"",""slashing""]}]","[""fire""]","[""acid"",""poison""]","[""poisoned""]","[""Abyssal"",""Infernal"",""telepathy 60 ft.""]","AB,I,TP",,,"CUR, MW",MPMM,False,,,-1,,,,-1,0,0,0,0,0,0,0,0,1,0,0,0,0,0,0,0,1,1,1,1,1,1,1,1,0,0,1,1,1,1,1,1,1,1,1,1,1,1,1,1,0,0,0,0,1,1,1,0,1,0,0,1,0,0,0,0,1,0,0,1,1,1,1,1
1536,1536,Skull Flier,0,1,5,16,24,3d8,U,construct,,,M,10,14,10,1,10,3,-1,-1,-1,-1,-1,-1,-1,-1,-1,-1,-1,-1,-1,-1,-1,-1,-1,-1,-1,-1,-1,-1,-1,-1,0,10,D,10,,-1,,-1,,50,,-1,False,,,,,,,True,,False,False,"[""paralyzed"",""poisoned""]","I,P","[""constitution""]",-1,0,,,,False,,,"[""poison"",""psychic""]","[""charmed"",""frightened"",""paralyzed"",""petrified"",""poisoned""]",,,,,MW,SLW,False,,,-1,,,,-1,0,0,0,0,0,0,0,0,1,0,0,0,0,0,0,0,1,1,1,1,1,1,1,1,1,1,1,1,1,1,1,1,1,1,1,1,1,1,1,1,0,0,0,0,1,1,0,1,0,0,0,1,0,1,1,1,1,0,0,1,1,1,1,1
192,192,Young Lunar Dragon,0,0,13,16,123,13d10 + 52,L E,dragon,,,L,19,12,18,8,10,13,-1,-1,3,7,-1,-1,-1,-1,-1,6,-1,7,-1,-1,-1,-1,-1,-1,-1,-1,-1,-1,-1,-1,0,16,SD,40,,20,,-1,,80,,-1,True,"[""Tunneler"",""Unusual Nature""]",,,,,,True,"[""Breath Weapon"",""Multiattack""]",True,False,,"C,P,S","[""constitution""]",-1,0,,,,False,,,"[""cold""]",,"[""Draconic""]",DR,,,"AOE, MW, RCH",BAM,False,,,-1,,,,-1,0,0,0,0,0,0,0,0,1,0,0,0,0,0,0,0,1,1,0,0,1,1,1,1,1,0,1,0,1,1,1,1,1,1,1,1,1,1,1,1,0,0,0,0,0,1,0,1,1,0,0,1,0,1,0,0,1,0,0,1,1,1,1,1
2245,2245,Eater of Hope,0,0,12,17,90,12d10 + 24,L E,fiend,,,L,19,17,14,12,11,16,6,-1,-1,5,-1,-1,-1,-1,-1,-1,-1,-1,-1,-1,-1,-1,6,6,-1,-1,6,-1,-1,-1,0,10,SD,30,,-1,,-1,,60,,-1,True,"[""Magic Resistance""]",,,,,,True,"[""Breath Weapon"",""Multiattack""]",False,False,,"N,S","[""charisma""]",-1,0,,,,False,"[""cold"",""necrotic""]",,"[""poison""]","[""poisoned""]","[""Abyssal"",""Common"",""Infernal""]","AB,C,I",,,"AOE, MW",MOT,False,,,-1,,,,-1,0,0,0,0,0,0,0,0,1,0,0,0,0,0,0,0,0,1,1,0,1,1,1,1,1,1,1,1,1,1,1,1,0,0,1,1,0,1,1,1,0,0,0,0,1,1,0,1,1,0,0,1,0,1,0,0,1,0,0,1,1,1,1,1
309,309,Leprechaun,0,1,10,13,52,8d6 + 24,N,fey,,,S,6,17,16,12,14,18,-1,-1,4,5,-1,-1,-1,-1,-1,4,-1,5,-1,-1,-1,-1,-1,-1,-1,-1,-1,-1,7,-1,0,14,D,30,,-1,,-1,,-1,,-1,True,,Cha,Y,O,"[""blinded"",""deafened"",""invisible""]","[""intelligence""]",True,"[""Multiattack""]",True,True,,"B, O","[""wisdom""]",-1,0,,,,False,,,,,"[""Common"",""Sylvan""]","C,S",,,MW,QftIS,False,,,-1,,,,-1,0,0,0,0,0,0,0,0,1,0,0,0,0,0,0,0,1,1,0,0,1,1,1,1,1,0,1,0,1,1,1,1,1,1,1,1,1,1,0,1,0,0,0,0,1,1,1,1,1,0,0,1,0,1,0,0,1,0,0,1,1,1,1,1
968,968,Mind Drinker Vampire,0,0,10,14,55,10d8 + 10,N E,undead,,,M,16,18,12,19,13,14,-1,6,3,-1,6,-1,-1,-1,3,3,-1,6,-1,-1,-1,-1,4,-1,-1,-1,-1,-1,-1,-1,0,13,D,30,,-1,,-1,hover,30,,-1,True,"[""Sunlight Sensitivity""]",Int,,"I,P","[""charmed"",""paralyzed"",""unconscious""]","[""wisdom""]",True,"[""Multiattack""]",False,False,,"B, N,P,Y","[""intelligence""]",-1,0,,,,False,"[""necrotic""]",,,,"[""the languages it knew in life""]",LF,,,"HPR, MW",GGR,False,,,-1,,,,-1,0,0,0,0,0,0,0,0,1,0,0,0,0,0,0,0,1,0,0,1,0,1,1,1,0,0,1,0,1,1,1,1,0,1,1,1,1,1,1,1,0,0,0,0,1,1,0,1,1,0,0,1,0,1,0,0,1,0,0,1,1,1,1,1
2692,2692,Sahuagin Champion,0,1,9,16,71,13d8 + 13,L E,humanoid,sahuagin,,M,16,14,12,12,13,9,-1,-1,-1,-1,-1,-1,-1,-1,-1,5,-1,-1,-1,-1,-1,-1,-1,-1,-1,-1,-1,-1,-1,-1,0,15,SD,30,,-1,,-1,,-1,,40,True,,,,,,,True,"[""Multiattack""]",False,False,,"P,S",,-1,0,,,,False,,,,,sahuagin,OTH,spear,,"MLW,MW, RW, THW",GoS,False,,,-1,,,,-1,0,0,0,0,0,0,0,0,1,0,0,0,0,0,0,0,1,1,1,1,1,1,1,1,1,0,1,1,1,1,1,1,1,1,1,1,1,1,1,1,0,0,0,0,1,1,1,0,1,0,1,1,0,1,0,0,1,0,0,1,1,1,1,1
1591,1591,Sahuagin,0,0,5,12,22,4d8 + 4,L E,humanoid,sahuagin,,M,13,11,12,12,13,9,-1,-1,-1,-1,-1,-1,-1,-1,-1,5,-1,-1,-1,-1,-1,-1,-1,-1,-1,-1,-1,-1,-1,-1,0,15,SD,30,,-1,,-1,,-1,,40,True,,,,,,,True,"[""Multiattack""]",False,False,,"P,S",,-1,0,,,,False,,,,,sahuagin,OTH,spear,"underwater, coastal","MLW,MW, RW, THW",MM,False,,,-1,,,True,-1,0,0,0,0,0,0,0,0,1,0,0,0,0,0,0,0,1,1,1,1,1,1,1,1,1,0,1,1,1,1,1,1,1,1,1,1,1,1,1,1,0,0,0,0,1,1,1,0,1,0,1,1,0,1,0,0,0,0,0,1,1,1,0,1
2362,2362,Spawn of Arbeyach,0,0,11,17,78,12d8 + 24,L E,fiend,devil,,M,18,15,15,10,13,12,-1,-1,4,-1,-1,-1,-1,-1,-1,4,-1,5,-1,-1,-1,-1,-1,-1,-1,-1,-1,-1,-1,-1,1,14,"D, T",40,,-1,,20,,-1,,-1,True,"[""Devil's Sight"",""Magic Resistance""]",,,,,,True,"[""Multiattack""]",False,False,"[""poisoned""]","I,P","[""constitution""]",-1,0,,,,False,"[""cold"",{""cond"":true,""note"":""from nonmagical attacks that aren't silvered"",""resist"":[""bludgeoning"",""piercing"",""slashing""]}]",,"[""fire"",""poison""]","[""poisoned""]","[""Infernal""]",I,,"forest, hill",MW,ToB1-2023,False,,,-1,,,,-1,0,0,0,0,0,0,0,0,1,0,0,0,0,0,0,0,1,1,0,1,1,1,1,1,1,0,1,0,1,1,1,1,1,1,1,1,1,1,1,1,0,0,0,0,1,0,1,1,0,0,0,1,0,1,0,0,0,0,0,1,1,1,1,1
1391,1391,Riding Horse,0,0,4,10,13,2d10 + 2,U,beast,,,L,16,10,12,2,11,7,-1,-1,-1,-1,-1,-1,-1,-1,-1,-1,-1,-1,-1,-1,-1,-1,-1,-1,-1,-1,-1,-1,-1,-1,0,10,,60,,-1,,-1,,-1,,-1,False,,,,,,,True,,False,False,,B,,-1,0,,,,False,,,,,,,,"grassland, urban",MW,MM,False,,,-1,,,True,-1,0,0,0,0,0,0,0,0,1,0,0,0,0,0,0,0,1,1,1,1,1,1,1,1,1,1,1,1,1,1,1,1,1,1,1,1,1,1,1,1,0,0,1,0,1,1,1,1,1,0,1,1,0,1,1,1,0,0,0,1,1,1,0,1
807,807,Mary Greymalkin,0,0,8,12,45,7d8 + 14,N,humanoid,,,M,10,12,10,14,14,15,4,-1,4,-1,-1,-1,4,-1,-1,-1,-1,-1,-1,-1,-1,-1,-1,-1,4,4,-1,4,-1,-1,0,12,,30,,-1,,-1,,-1,,-1,True,"[""Fey Ancestry""]",Cha,"N,O,Y",CL,"[""charmed"",""incapacitated""]","[""intelligence"",""wisdom""]",True,,False,False,"[""charmed"",""frightened""]",B,"[""wisdom""]",-1,0,,,,False,,,,,"[""Abyssal"",""Celestial"",""Common"",""Elvish"",""Infernal"",""Sylvan""]","AB,C,CE,E,I,S",quarterstaff,,"MLW,MW",LLK,False,,,-1,,,,-1,0,0,0,0,0,0,0,0,1,0,0,0,0,0,0,0,0,1,0,1,1,1,0,1,1,1,1,1,1,1,1,1,1,1,0,0,1,0,1,1,0,0,1,0,1,1,1,1,0,0,0,1,0,1,0,0,1,0,0,1,1,1,1,1
2158,2158,Earth Elemental Myrmidon,0,0,13,18,127,17d8 + 51,N,elemental,,,M,18,10,17,8,10,10,-1,-1,-1,-1,-1,-1,-1,-1,-1,-1,-1,-1,-1,-1,-1,-1,-1,-1,-1,-1,-1,-1,-1,-1,0,10,D,30,,-1,,-1,,-1,,-1,False,,,,,,,True,"[""Multiattack""]",False,False,"[""prone""]","O,T","[""strength""]",-1,0,,,,False,"[{""cond"":true,""note"":""from nonmagical attacks"",""resist"":[""bludgeoning"",""piercing"",""slashing""]}]",,"[""poison""]","[""paralyzed"",""petrified"",""poisoned"",""prone""]","[""Terran"",""one language of its creator's choice""]",T,maul,,"MLW,MW",MPMM,False,,,-1,,,,-1,0,0,0,0,0,0,0,0,1,0,0,0,0,0,0,0,1,1,1,1,1,1,1,1,1,1,1,1,1,1,1,1,1,1,1,1,1,1,1,1,0,0,0,0,1,1,1,1,0,0,0,1,0,1,0,0,1,0,0,1,1,1,1,1
2271,2271,Medusa,0,0,12,15,127,17d8 + 51,L E,monstrosity,,,M,10,15,16,12,13,15,-1,-1,-1,-1,-1,-1,-1,-1,4,4,-1,5,-1,-1,-1,-1,5,-1,-1,-1,-1,-1,-1,-1,0,14,D,30,,-1,,-1,,-1,,-1,True,,,,,,,True,"[""Multiattack""]",False,False,"[""petrified"",""restrained""]","I,P","[""constitution""]",-1,0,,,,False,,,,,"[""Common""]",C,"longbow, shortsword",desert,"MLW,MW, RNG, RW",MM,False,,,-1,,,True,-1,0,0,0,0,0,0,0,0,1,0,0,0,0,0,0,0,1,1,1,1,1,1,1,1,0,0,1,0,1,1,1,1,0,1,1,1,1,1,1,1,0,0,0,0,1,1,1,1,0,0,0,1,0,1,0,0,0,0,0,1,1,1,0,1
2237,2237,Mist Hulk,0,0,12,15,94,9d10 + 45,C N,elemental,,,L,18,21,20,11,13,16,6,-1,4,8,-1,-1,-1,-1,-1,4,-1,8,-1,-1,-1,-1,-1,-1,-1,-1,-1,-1,-1,-1,0,14,,0,,-1,,-1,hover,40,,-1,True,"[""Death Burst""]",,,,,,True,"[""Multiattack""]",False,False,"[""incapacitated"",""prone""]","B, C,Y","[""dexterity"",""wisdom""]",-1,0,,,,False,"[""thunder""]",,"[""poison""]","[""exhaustion"",""paralyzed"",""poisoned"",""restrained""]","[""Auran"",""Giant""]","AU,GI",,,"AOE, MW, RCH",BGG,False,,,-1,,,,-1,0,0,0,0,0,0,0,0,1,0,0,0,0,0,0,0,0,1,0,0,1,1,1,1,1,0,1,0,1,1,1,1,1,1,1,1,1,1,1,1,0,0,1,0,1,1,0,1,0,0,0,1,0,1,0,0,1,0,0,1,1,1,1,1
2349,2349,Rime Hulk,0,0,11,15,85,9d10 + 36,N E,elemental,,,L,18,10,18,8,9,6,-1,-1,-1,-1,-1,-1,-1,-1,-1,-1,-1,-1,-1,-1,-1,-1,-1,-1,-1,-1,-1,-1,-1,-1,0,9,,30,,-1,,-1,,-1,,-1,True,"[""Death Burst""]",,,,,,True,"[""Multiattack""]",False,False,,"B, C","[""constitution""]",-1,0,,,,False,,,"[""cold"",""poison""]","[""exhaustion"",""poisoned""]","[""Aquan"",""Giant""]","AQ,GI",,,"AOE, MW, RCH",BGG,False,,,-1,,,,-1,0,0,0,0,0,0,0,0,1,0,0,0,0,0,0,0,1,1,1,1,1,1,1,1,1,1,1,1,1,1,1,1,1,1,1,1,1,1,1,1,0,0,1,0,1,1,1,1,1,0,0,1,0,1,0,0,1,0,0,1,1,1,1,1
2946,2946,Ogre Zombie,0,0,8,8,85,9d10 + 36,N E,undead,,,L,19,6,18,3,6,5,-1,-1,0,-1,-1,-1,-1,-1,-1,-1,-1,-1,-1,-1,-1,-1,-1,-1,-1,-1,-1,-1,-1,-1,0,8,D,30,,-1,,-1,,-1,,-1,True,"[""Undead Fortitude""]",,,,,,True,,False,False,,B,,-1,0,,,,False,,,"[""poison""]","[""poisoned""]","[""understands Common and Giant but can't speak""]","C,CS,GI",morningstar,,"MLW,MW",MM,False,,,-1,,,True,-1,0,0,0,0,0,0,0,0,1,0,0,0,0,0,0,0,1,1,0,1,1,1,1,1,1,1,1,1,1,1,1,1,1,1,1,1,1,1,1,1,0,0,0,0,1,1,1,1,1,0,1,1,0,1,0,0,1,0,0,1,1,1,0,1
341,341,Adult Oblex,0,0,11,14,75,10d8 + 30,L E,ooze,,,M,8,19,16,19,12,15,5,7,-1,-1,-1,-1,7,-1,-1,4,-1,-1,-1,-1,-1,-1,5,-1,-1,-1,-1,-1,-1,-1,0,14,B,20,,-1,,-1,,-1,,-1,True,"[""Amorphous"",""Unusual Nature""]",Int,,P,"[""blinded"",""charmed"",""incapacitated"",""paralyzed""]","[""wisdom""]",True,"[""Multiattack""]",True,False,"[""unconscious""]","B, Y","[""wisdom""]",-1,0,,,,False,,,,"[""blinded"",""charmed"",""deafened"",""exhaustion"",""prone""]","[""Common plus two more languages""]","C,X",,"swamp, underdark, urban",MW,MPMM,False,,,-1,,,,-1,0,0,0,0,0,0,0,0,1,0,0,0,0,0,0,0,0,0,1,1,1,1,0,1,1,0,1,1,1,1,1,1,0,1,1,1,1,1,1,1,0,0,0,0,1,1,1,1,0,0,0,1,0,1,0,0,0,0,0,1,1,1,1,1
597,597,Blood Witch,0,0,13,15,78,12d8 + 24,C E,humanoid,any,,M,16,14,15,13,9,19,7,-1,2,-1,-1,-1,4,-1,-1,2,-1,5,-1,-1,-1,-1,-1,7,-1,-1,-1,-1,-1,-1,0,12,SD,30,,-1,,-1,,-1,,-1,True,"[""Devil's Sight""]",Cha,"B, F,N,O,P,S",I,,"[""constitution"",""dexterity"",""wisdom""]",True,"[""Multiattack""]",False,False,,"P,S","[""charisma""]",-1,0,,,,False,"[""psychic""]",,,,"[""Abyssal plus any one language (usually Common)""]","AB,C,X","longsword, shortsword",,"CUR, MLW,MW",GGR,False,,,-1,,,,-1,0,0,0,0,0,0,0,0,1,0,0,0,0,0,0,0,0,1,0,1,1,1,0,1,1,0,1,0,1,1,1,1,1,0,1,1,1,1,1,1,0,0,0,0,1,1,1,1,1,0,0,1,0,1,0,0,1,0,0,1,1,1,1,1
2877,2877,Hybrid Brute,0,0,8,18,52,8d8 + 16,N G,humanoid,Simic hybrid,,M,18,11,15,8,11,9,-1,-1,-1,-1,-1,-1,-1,-1,-1,-1,-1,-1,-1,-1,-1,-1,-1,-1,-1,-1,-1,-1,-1,-1,0,10,,30,,-1,,-1,,-1,,-1,True,"[""Amphibious""]",,,,,,True,"[""Multiattack""]",False,False,,S,,-1,0,,,,False,,,,,"[""Common plus any one language""]","C,X",,,MW,GGR,False,,,-1,,,,-1,0,0,0,0,0,0,0,0,1,0,0,0,0,0,0,0,1,1,1,1,1,1,1,1,1,1,1,1,1,1,1,1,1,1,1,1,1,1,1,1,0,0,1,0,1,1,1,1,1,0,1,1,0,1,0,0,1,0,0,1,1,1,1,1
2624,2624,Blue Dragon Wyrmling,0,0,9,17,52,8d8 + 16,L E,dragon,,,M,17,10,15,12,11,15,4,-1,2,4,2,-1,-1,-1,-1,4,-1,2,-1,-1,-1,-1,-1,-1,-1,-1,-1,-1,-1,-1,0,14,"B, D",30,,15,,-1,,60,,-1,False,,,,,,,True,"[""Breath Weapon""]",False,False,,"L,P","[""dexterity""]",-1,0,,,,False,,,"[""lightning""]",,"[""Draconic""]",DR,,,"AOE, MW",MM,False,"[""Chromatic Dragon""]",,-1,,True,True,-1,0,0,0,0,0,0,0,0,1,0,0,0,0,0,0,0,0,1,0,0,0,1,1,1,1,0,1,0,1,1,1,1,1,1,1,1,1,1,1,1,0,0,0,0,0,1,0,1,1,0,0,1,0,1,0,0,1,0,0,1,1,0,0,1
1529,1529,Warhorse,0,0,5,11,19,3d10 + 3,U,beast,,,L,18,12,13,2,12,7,-1,-1,-1,-1,-1,-1,-1,-1,-1,-1,-1,-1,-1,-1,-1,-1,-1,-1,-1,-1,-1,-1,-1,-1,0,11,,60,,-1,,-1,,-1,,-1,True,,,,,,,True,,False,False,"[""prone""]",B,"[""strength""]",-1,0,,,,False,,,,,,,,urban,MW,MM,False,,,-1,,True,True,-1,0,0,0,0,0,0,0,0,1,0,0,0,0,0,0,0,1,1,1,1,1,1,1,1,1,1,1,1,1,1,1,1,1,1,1,1,1,1,1,1,0,0,1,0,1,1,1,1,0,0,0,1,0,1,1,1,0,0,0,1,1,0,0,1
1142,1142,Korred,0,0,13,17,102,12d6 + 60,C N,fey,,,S,23,14,20,10,15,9,-1,-1,-1,-1,-1,-1,-1,-1,-1,5,-1,5,-1,-1,-1,9,-1,-1,-1,-1,-1,-1,-1,-1,0,15,"SD, T",30,,30,,-1,,-1,,-1,True,"[""Camouflage""]",Wis,B,I,"[""prone""]","[""wisdom""]",True,"[""Multiattack""]",False,False,"[""grappled"",""restrained""]",B,"[""dexterity""]",-1,0,,,,False,"[{""cond"":true,""note"":""from nonmagical attacks"",""resist"":[""bludgeoning"",""piercing"",""slashing""]}]",,,,"[""Dwarvish"",""Gnomish"",""Sylvan"",""Terran"",""Undercommon""]","D,G,S,T, U",greatclub,forest,"MLW,MW, RW",VGM,False,,,-1,,,True,-1,0,0,0,0,0,0,0,0,1,0,0,0,0,0,0,0,1,1,1,1,1,1,1,1,1,0,1,0,1,1,1,0,1,1,1,1,1,1,1,1,0,0,0,0,0,1,1,1,0,0,0,1,0,1,0,0,0,0,0,1,1,1,0,1
478,478,Psoglav Demon,0,0,13,17,115,11d10 + 55,C E,fiend,demon,,L,21,23,20,16,19,18,7,-1,7,8,9,-1,-1,-1,-1,7,-1,9,-1,9,-1,-1,-1,7,-1,-1,-1,-1,-1,-1,0,17,"B, D",40,,-1,,-1,,60,,-1,True,"[""Magic Resistance"",""Magic Weapons""]",,,,,,True,"[""Multiattack""]",True,False,"[""invisible""]",P,"[""constitution""]",-1,0,,,,False,"[""cold"",""fire"",""lightning""]",,"[""poison""]","[""poisoned""]","[""Abyssal"",""Common"",""telepathy 60 ft.""]","AB,C,TP",,planar,MW,ToB1-2023,False,,,-1,,,,-1,0,0,0,0,0,0,0,0,1,0,0,0,0,0,0,0,0,1,0,0,0,1,1,1,1,0,1,0,1,0,1,1,1,0,1,1,1,1,1,1,0,0,0,0,1,1,0,1,0,0,0,1,0,1,0,0,0,0,0,1,1,1,1,1
2986,2986,Clockwork Bronze Scout,0,0,7,13,36,8d8,U,construct,,,M,10,16,11,3,14,1,-1,-1,-1,-1,-1,-1,-1,-1,-1,6,-1,7,-1,-1,-1,-1,-1,-1,-1,-1,-1,-1,-1,-1,0,16,D,30,,30,,-1,,-1,,-1,True,"[""Magic Resistance"",""Unusual Nature""]",,,,,,True,,False,False,,"L,P","[""dexterity""]",-1,0,,,,False,,,"[""poison""]","[""charmed"",""exhaustion"",""frightened"",""paralyzed"",""petrified"",""poisoned""]","[""understands one language of its creator but can't speak""]",CS,,"forest, grassland, hill, mountain",MW,MPMM,False,,,-1,,,,-1,0,0,0,0,0,0,0,0,1,0,0,0,0,0,0,0,1,1,1,1,1,1,1,1,1,0,1,0,1,1,1,1,1,1,1,1,1,1,1,1,0,0,0,0,0,1,1,1,1,0,0,1,0,1,0,0,0,0,0,1,1,1,1,1
2081,2081,Tophet,0,0,14,16,161,14d12 + 70,N E,construct,,,H,21,10,20,6,10,10,-1,-1,-1,8,3,8,-1,-1,-1,3,-1,-1,-1,-1,-1,-1,-1,-1,-1,-1,-1,-1,-1,-1,0,13,D,30,,-1,,-1,,-1,,-1,True,,,,,,,True,"[""Multiattack""]",False,False,"[""grappled"",""restrained""]","B, F","[""dexterity""]",-1,0,,,,False,"[""cold""]",,"[""fire"",""poison"",""psychic""]","[""charmed"",""exhaustion"",""frightened"",""paralyzed"",""petrified"",""poisoned""]","[""understands the languages of its creator but can't speak""]",CS,,urban,"AOE, MW",ToB1-2023,False,,,-1,,,,-1,0,0,0,0,0,0,0,0,1,0,0,0,0,0,0,0,1,1,1,0,0,0,1,1,1,0,1,1,1,1,1,1,1,1,1,1,1,1,1,1,0,0,0,0,1,1,1,1,0,0,0,1,0,1,0,0,0,0,0,1,1,1,1,1
2187,2187,Rezmir,0,0,13,15,90,12d8 + 36,N E,humanoid,half-dragon,,M,18,16,16,15,12,14,-1,-1,4,-1,6,-1,5,-1,-1,-1,-1,9,-1,-1,-1,-1,-1,-1,-1,-1,-1,-1,-1,-1,0,11,"B, SD",30,,-1,,-1,,-1,,-1,True,"[""Amphibious"",""Legendary Resistances""]",,,,,,True,"[""Breath Weapon""]",False,False,,"A, N,S","[""constitution"",""dexterity""]",2,0,,,,False,,,"[""acid""]","[""charmed"",""frightened""]","[""Common"",""Draconic"",""Infernal"",""Giant"",""Netherese""]","C,DR,GI,I,OTH",greatsword,,"AOE, MLW,MW",HotDQ,False,,,-1,,,,-1,0,0,0,0,0,0,0,0,1,0,0,0,0,0,0,0,1,1,0,1,0,1,0,1,1,1,1,0,1,1,1,1,1,1,1,1,1,1,1,1,0,0,0,0,1,1,1,1,1,0,0,0,0,1,0,0,1,0,0,1,1,1,1,1
1856,1856,Wastrilith,0,0,19,18,157,15d10 + 75,C E,fiend,demon,,L,19,18,21,19,12,14,-1,-1,-1,10,-1,9,-1,-1,-1,-1,-1,-1,-1,-1,-1,-1,-1,-1,-1,-1,-1,-1,-1,-1,0,11,SD,30,,-1,,-1,,-1,,80,True,"[""Amphibious"",""Magic Resistance""]",,,,,,True,"[""Multiattack""]",False,False,"[""poisoned""]","A, I,P,S","[""constitution"",""strength""]",-1,0,,,,False,"[""cold"",""fire"",""lightning"",{""cond"":true,""note"":""from nonmagical attacks"",""resist"":[""bludgeoning"",""piercing"",""slashing""]}]",,"[""poison""]","[""poisoned""]","[""Abyssal"",""telepathy 120 ft.""]","AB,TP",,"coastal, swamp, underdark, underwater","MW, RCH",MTF,False,,,-1,,,True,-1,0,0,0,0,0,0,0,0,1,0,0,0,0,0,0,0,1,1,1,0,1,0,1,1,1,1,1,1,1,1,1,1,1,1,1,1,1,1,1,1,0,0,0,0,1,1,1,0,0,0,0,1,0,1,0,0,0,0,0,1,1,1,0,1
473,473,Swarm of Sluaghs,0,0,9,13,54,12d8,C E,fey,,True,M,6,16,11,6,13,10,-1,-1,-1,-1,-1,-1,-1,-1,-1,-1,-1,5,-1,-1,-1,-1,-1,-1,-1,-1,-1,-1,-1,-1,0,11,D,30,,-1,,-1,,50,,-1,True,,,,,,,True,,True,False,,C,"[""constitution""]",-1,0,,,,False,"[""bludgeoning"",""piercing"",""slashing""]","[""fire""]","[""cold""]","[""charmed"",""frightened"",""grappled"",""paralyzed"",""petrified"",""prone"",""restrained"",""stunned""]","[""Common"",""Sylvan""]","C,S",,"farmland, forest",MW,ToB1-2023,False,,,-1,,,,-1,0,0,0,0,0,0,0,0,0,0,0,0,0,0,0,0,1,1,1,1,1,1,1,1,1,1,1,0,1,1,1,1,1,1,1,1,1,1,1,1,0,0,0,0,1,1,0,1,1,0,0,1,0,0,0,0,0,0,0,1,1,1,1,1
2636,2636,Water Weird,0,0,9,13,58,9d10 + 9,N,elemental,,,L,17,16,13,11,10,10,-1,-1,-1,-1,-1,-1,-1,-1,-1,-1,-1,-1,-1,-1,-1,-1,-1,-1,-1,-1,-1,-1,-1,-1,0,10,B,0,,-1,,-1,,-1,,60,True,,,,,,,True,,False,False,"[""grappled"",""invisible"",""restrained""]",B,,-1,0,,,,False,"[""fire"",{""cond"":true,""note"":""from nonmagical attacks"",""resist"":[""bludgeoning"",""piercing"",""slashing""]}]",,"[""poison""]","[""exhaustion"",""grappled"",""paralyzed"",""poisoned"",""restrained"",""prone"",""unconscious""]","[""understands Aquan but doesn't speak""]",AQ,,"underdark, urban","MW, RCH",MM,False,,,-1,,,True,-1,0,0,0,0,0,0,0,0,1,0,0,0,0,0,0,0,1,1,1,1,1,1,1,1,1,1,1,1,1,1,1,1,1,1,1,1,1,1,1,1,0,0,0,0,1,1,1,0,0,0,1,1,0,1,0,0,0,0,0,1,1,1,0,1
985,985,Oracle of Strixhaven,0,0,21,12,150,20d8 + 60,N G,humanoid,"Human, wizard",,M,12,15,16,21,20,18,9,10,10,8,-1,-1,15,-1,15,10,-1,-1,15,-1,-1,-1,-1,-1,-1,10,-1,-1,-1,-1,0,20,,30,,-1,,-1,hover,15,,-1,True,"[""Legendary Resistances""]",Int,,O,"[""stunned""]","[""constitution"",""wisdom""]",True,"[""Multiattack"",""Teleport""]",False,False,,O,"[""charisma"",""constitution"",""strength""]",-1,0,,,,False,,,,"[""charmed"",""frightened""]","[""all""]",XX,,,AOE,SCC,False,,,-1,,,,-1,0,0,0,0,0,0,0,0,1,0,0,0,0,0,0,0,0,0,0,0,1,1,0,1,0,0,1,1,0,1,1,1,1,1,1,0,1,1,1,1,0,0,1,0,1,1,0,1,1,0,0,1,0,1,0,0,1,0,0,1,1,1,1,1
3121,3121,Deer,0,0,6,13,4,1d8,U,beast,,,M,11,16,11,2,14,5,-1,-1,-1,-1,-1,-1,-1,-1,-1,-1,-1,-1,-1,-1,-1,-1,-1,-1,-1,-1,-1,-1,-1,-1,0,12,,50,,-1,,-1,,-1,,-1,False,,,,,,,True,,False,False,,P,,-1,0,,,,False,,,,,,,,"grassland, forest",MW,MM,False,,,-1,,,True,-1,0,0,0,0,0,0,0,0,1,0,0,0,0,0,0,0,1,1,1,1,1,1,1,1,1,1,1,1,1,1,1,1,1,1,1,1,1,1,1,1,0,0,1,0,1,1,1,1,1,0,1,1,0,1,1,1,0,0,0,1,1,1,0,1
3176,3176,Tressym,0,1,6,12,5,2d4,A,monstrosity,,,T,3,15,10,11,12,12,-1,-1,-1,-1,-1,-1,-1,-1,-1,5,-1,4,-1,-1,-1,-1,-1,-1,-1,-1,-1,-1,-1,-1,0,15,D,40,,-1,,30,,40,,-1,True,"[""Keen Senses""]",,,,,,True,,False,False,,S,,-1,0,,,,False,,,"[""poison""]","[""poisoned""]","[""understands Common but can't speak""]","C,CS",,,MW,SKT,True,,True,1,"wizard, warlock",,,-1,0,0,0,0,0,0,0,0,1,0,0,0,0,0,0,0,1,1,1,1,1,1,1,1,1,0,1,0,1,1,1,1,1,1,1,1,1,1,1,1,0,0,0,0,1,0,0,1,1,0,1,1,0,1,0,0,1,0,0,0,0,1,1,1
1895,1895,Gray Render,0,0,18,19,189,18d10 + 90,C N,monstrosity,,,L,19,13,20,3,6,8,-1,-1,-1,9,-1,8,-1,-1,-1,2,-1,-1,-1,-1,-1,-1,-1,-1,-1,-1,-1,-1,-1,-1,0,12,D,30,,-1,,-1,,-1,,-1,False,,,,,,,True,"[""Multiattack""]",False,True,"[""prone""]","B, P,S","[""strength""]",-1,0,,,,False,,,,,,,,"forest, hill","MW, RCH",MPMM,False,,,-1,,,,-1,0,0,0,0,0,0,0,0,1,0,0,0,0,0,0,0,1,1,1,0,1,0,1,1,1,0,1,1,1,1,1,1,1,1,1,1,1,1,1,1,0,0,0,0,1,1,1,1,0,0,0,1,0,1,1,1,0,0,0,1,1,1,1,1
1815,1815,Shockerstomper,0,0,20,18,300,300d1,U,construct,,,G,23,10,20,1,1,1,-1,-1,-1,-1,-1,-1,-1,-1,-1,-1,-1,-1,-1,-1,-1,-1,-1,-1,-1,-1,-1,-1,-1,-1,0,5,B,40,,-1,,-1,,-1,,-1,True,"[""Immutable Form""]",,,,,,True,"[""Multiattack""]",False,False,,"B, L","[""constitution"",""dexterity""]",-1,0,,,,False,,,"[""poison"",""psychic""]","[""blinded"",""deafened"",""charmed"",""frightened"",""paralyzed"",""poisoned""]",,,,,"MW, RCH",WDMM,False,,,-1,,,,-1,0,0,0,0,0,0,0,0,1,0,0,0,0,0,0,0,1,1,1,1,1,1,1,1,1,1,1,1,1,1,1,1,1,1,1,1,1,1,1,1,0,0,0,0,1,1,1,1,1,0,0,1,0,1,1,1,1,0,0,1,1,1,1,1
2970,2970,Glass Gator,0,0,7,15,45,7d10 + 7,U,beast,,,L,15,14,12,4,10,5,-1,-1,-1,-1,-1,-1,-1,-1,-1,2,-1,4,-1,-1,-1,-1,-1,-1,-1,-1,-1,-1,-1,-1,0,12,B,30,,-1,,-1,,-1,,50,True,"[""Amphibious""]",,,,,,True,,False,True,"[""grappled"",""prone"",""restrained""]","B, I,S","[""strength""]",-1,0,,,,False,,,,,,,,"desert, grassland, underwater","AOE, MW",ToB1-2023,False,,,-1,,,,-1,0,0,0,0,0,0,0,0,1,0,0,0,0,0,0,0,1,1,1,1,1,1,1,1,1,0,1,0,1,1,1,1,1,1,1,1,1,1,1,1,0,0,0,0,1,1,1,0,0,0,0,1,0,1,1,1,0,0,0,1,1,1,1,1
3021,3021,Imp,0,0,7,13,10,3d4 + 3,L E,fiend,devil,,T,6,17,13,11,12,14,-1,-1,-1,-1,-1,-1,-1,-1,3,-1,-1,5,-1,-1,-1,-1,4,-1,-1,-1,4,-1,-1,-1,0,11,SD,20,,-1,,-1,,40,,-1,True,"[""Devil's Sight"",""Magic Resistance"",""Shapechanger""]",,,,,,True,,False,False,"[""invisible""]","I,P","[""constitution""]",-1,0,,,,False,"[""cold"",{""cond"":true,""note"":""from nonmagical attacks not made with silvered weapons"",""resist"":[""bludgeoning"",""piercing"",""slashing""]}]",,"[""fire"",""poison""]","[""poisoned""]","[""Infernal"",""Common""]","C,I",,,MW,MM,True,,True,1,"wizard, warlock",True,True,-1,0,0,0,0,0,0,0,0,1,0,0,0,0,0,0,0,1,1,1,1,1,1,1,1,0,1,1,0,1,1,1,1,0,1,1,1,0,1,1,1,0,0,0,0,1,1,0,1,0,0,0,1,0,1,0,0,1,0,0,0,0,0,0,1
1407,1407,Animated Broom,0,1,4,15,17,5d6,,construct,,,S,10,17,10,1,5,1,-1,-1,-1,-1,-1,-1,-1,-1,-1,-1,-1,-1,-1,-1,-1,-1,-1,-1,-1,-1,-1,-1,-1,-1,0,7,B,0,,-1,,-1,hover,50,,-1,True,"[""Flyby""]",,,,,,True,"[""Multiattack""]",False,False,,B,,-1,0,,,,False,,,"[""poison"",""psychic""]","[""blinded"",""charmed"",""deafened"",""exhaustion"",""frightened"",""paralyzed"",""petrified"",""poisoned"",""prone""]",,,,,MW,CM,False,,,-1,,,True,-1,0,0,0,0,0,0,1,0,1,0,0,0,0,0,0,0,1,1,1,1,1,1,1,1,1,1,1,1,1,1,1,1,1,1,1,1,1,1,1,1,0,0,0,0,1,1,0,1,1,0,1,1,0,1,1,1,1,0,0,1,1,1,0,1
684,684,Qunbraxel,0,0,15,15,112,15d8 + 45,L E,aberration,"mind flayer, warlock",,M,11,14,17,19,15,19,8,8,6,-1,-1,-1,8,-1,6,6,-1,6,-1,-1,-1,-1,-1,-1,-1,-1,-1,-1,-1,-1,0,16,SD,30,,-1,,-1,,-1,,-1,True,"[""Magic Resistance""]",Cha,,P,"[""charmed"",""restrained""]","[""charisma"",""constitution"",""wisdom""]",True,"[""Multiattack"",""Tentacles""]",False,False,"[""stunned""]","O,P,Y","[""intelligence""]",-1,0,,,,False,,,,,"[""Deep Speech"",""telepathy 60 ft."",""Undercommon""]","DS,TP,U",,,"AOE, MW",PaBTSO,False,,,-1,,,,-1,0,0,0,0,0,0,0,0,1,0,0,0,0,0,0,0,0,0,0,1,1,1,0,1,0,0,1,0,1,1,1,1,1,1,1,1,1,1,1,1,0,0,0,0,1,1,1,1,0,0,0,1,0,1,0,0,1,0,0,1,1,1,1,1
1194,1194,Babau,0,0,10,16,82,11d8 + 33,C E,fiend,demon,,M,19,16,16,11,12,13,-1,-1,-1,-1,-1,-1,-1,-1,-1,5,-1,5,-1,-1,-1,-1,-1,-1,-1,-1,-1,-1,-1,-1,0,15,SD,40,,-1,,-1,,-1,,-1,False,,Wis,F,O,"[""frightened""]","[""constitution"",""wisdom""]",True,"[""Multiattack""]",False,False,,"A, S","[""constitution""]",-1,0,,,,False,"[""cold"",""fire"",""lightning"",{""cond"":true,""note"":""from nonmagical attacks"",""resist"":[""bludgeoning"",""piercing"",""slashing""]}]",,"[""poison""]","[""poisoned""]","[""Abyssal""]",AB,,"underdark, urban",MW,MPMM,False,,,-1,,,,-1,0,0,0,0,0,0,0,0,1,0,0,0,0,0,0,0,1,1,1,1,1,1,1,1,1,0,1,0,1,1,1,1,1,1,1,1,1,1,1,1,0,0,0,0,1,1,1,1,1,0,0,1,0,1,0,0,0,0,0,1,1,1,1,1
3100,3100,Indentured Spirit,0,0,7,11,13,3d8,A,undead,,,M,7,13,10,10,12,11,-1,-1,-1,-1,-1,-1,-1,-1,-1,-1,-1,-1,-1,-1,-1,-1,-1,-1,-1,-1,-1,-1,-1,-1,0,11,,0,,-1,,-1,hover,40,,-1,True,"[""Incorporeal Movement""]",,,,,,True,,False,False,,"N,O",,-1,0,,,,False,"[""acid"",""fire"",""lightning"",""thunder"",{""cond"":true,""note"":""from nonmagical attacks"",""resist"":[""bludgeoning"",""piercing"",""slashing""]}]",,"[""cold"",""necrotic"",""poison""]","[""charmed"",""exhaustion"",""frightened"",""grappled"",""paralyzed"",""petrified"",""poisoned"",""prone"",""restrained""]","[""the languages it knew in life""]",LF,,,MW,GGR,False,,,-1,,,,-1,0,0,0,0,0,0,0,0,1,0,0,0,0,0,0,0,1,1,1,1,1,1,1,1,1,1,1,1,1,1,1,1,1,1,1,1,1,1,1,1,0,0,1,0,1,1,0,1,1,0,1,1,0,1,0,0,1,0,0,1,1,1,1,1
1646,1646,Elder Dinosaur,0,0,36,25,676,33d20 + 330,U,monstrosity,titan,,G,30,11,30,3,11,11,9,5,9,-1,-1,-1,-1,-1,-1,-1,-1,-1,-1,-1,-1,-1,-1,-1,-1,-1,-1,-1,-1,-1,0,10,B,40,,-1,,-1,,-1,,-1,True,"[""Legendary Resistances"",""Magic Resistance"",""Siege Monster""]",,,,,,True,"[""Frightful Presence"",""Swallow""]",False,False,"[""blinded"",""frightened"",""restrained""]",A,"[""constitution"",""wisdom""]",-1,0,,,,False,,,"[""fire"",""poison"",{""cond"":true,""immune"":[""bludgeoning"",""piercing"",""slashing""],""note"":""from nonmagical attacks""}]","[""charmed"",""frightened"",""paralyzed"",""poisoned""]",,,,,,PSX,False,"[""Dinosaurs""]",,-1,,,,-1,0,0,0,0,0,0,0,0,1,0,0,0,0,0,0,0,0,0,0,1,1,1,1,1,1,1,1,1,1,1,1,1,1,1,1,1,1,1,1,1,0,0,0,0,1,1,1,1,0,0,0,1,0,1,1,1,1,1,0,1,1,1,1,1
2084,2084,Warforged Titan,0,1,14,20,125,10d12 + 60,L N,construct,,,H,23,8,22,3,11,1,-1,-1,-1,-1,-1,-1,-1,-1,-1,-1,-1,-1,-1,-1,-1,-1,-1,-1,-1,-1,-1,-1,-1,-1,0,10,D,40,,-1,,-1,,-1,,-1,True,"[""Siege Monster""]",,,,,,True,"[""Multiattack""]",False,False,"[""prone""]","B, S","[""dexterity"",""strength""]",-1,0,,,,False,,,"[""poison"",""psychic""]","[""charmed"",""exhaustion"",""frightened"",""paralyzed"",""petrified"",""poisoned""]","[""understands the languages of its creator but can't speak""]",CS,,,"MW, RCH",ERLW,False,,,-1,,,,-1,0,0,0,0,0,0,0,0,1,0,0,0,0,0,0,0,1,1,1,1,1,1,1,1,1,1,1,1,1,1,1,1,1,1,1,1,1,1,1,1,0,0,0,0,1,1,1,1,0,0,0,1,0,1,0,0,1,0,0,1,1,1,1,1
1404,1404,Walrus,0,1,4,9,22,3d10 + 6,U,beast,,,L,15,9,14,3,11,4,-1,-1,-1,-1,-1,-1,-1,-1,-1,-1,-1,-1,-1,-1,-1,-1,-1,-1,-1,-1,-1,-1,-1,-1,0,10,,20,,-1,,-1,,-1,,40,True,"[""Hold Breath""]",,,,,,True,,False,False,,P,,-1,0,,,,False,,,,,,,,,MW,IDRotF,False,,,-1,,,,-1,0,0,0,0,0,0,0,0,1,0,0,0,0,0,0,0,1,1,1,1,1,1,1,1,1,1,1,1,1,1,1,1,1,1,1,1,1,1,1,1,0,0,1,0,1,1,1,0,1,0,1,1,0,1,1,1,1,0,0,1,1,1,1,1
253,253,Ghostwalk Spider,0,0,15,15,119,14d10 + 42,N E,monstrosity,,,L,15,20,17,9,14,8,3,-1,-1,-1,9,-1,-1,-1,-1,6,-1,9,-1,-1,-1,-1,-1,-1,-1,-1,-1,-1,-1,-1,0,16,U,50,,-1,,50,,-1,,-1,True,"[""Incorporeal Movement"",""Spider Climb"",""Web Walker""]",,,,,,True,"[""Multiattack""]",True,False,"[""invisible"",""paralyzed"",""poisoned"",""restrained""]","I,O,P","[""constitution""]",-1,0,,,,False,,,"[""poison""]","[""poisoned""]","[""understands Undercommon but can't speak""]","CS,U",,underdark,"MW, RW",ToB1-2023,False,,,-1,,,,-1,0,0,0,0,0,0,0,0,1,0,0,0,0,0,0,0,0,1,1,1,0,1,1,1,1,0,1,0,1,1,1,1,1,1,1,1,1,1,1,1,0,0,0,0,1,0,1,1,0,0,0,1,0,1,0,0,0,0,0,1,1,1,1,1
1319,1319,Cultist,0,0,3,12,9,2d8,L NX C NY E,humanoid,any,,M,11,12,10,10,11,10,-1,-1,-1,-1,-1,-1,-1,-1,-1,-1,-1,-1,-1,-1,-1,-1,2,-1,-1,-1,-1,2,-1,-1,0,10,,30,,-1,,-1,,-1,,-1,True,,,,,,,True,,False,False,,S,,-1,0,,,,False,,,,,"[""any one language (usually Common)""]","C,X",scimitar,urban,"MLW,MW",MM,False,,,-1,,,True,-1,0,0,0,0,0,0,0,0,1,0,0,0,0,0,0,0,1,1,1,1,1,1,1,1,1,1,1,1,1,1,1,1,0,1,1,1,1,0,1,1,0,0,1,0,1,1,1,1,1,0,1,1,0,1,0,0,0,0,0,1,1,1,0,1
951,951,Mind Flayer Prophet,0,1,14,17,97,15d8 + 30,L E,aberration,,,M,15,14,14,20,17,17,6,8,6,-1,-1,-1,8,-1,6,6,-1,5,-1,-1,-1,-1,-1,-1,-1,-1,-1,-1,-1,-1,1,16,SD,30,,-1,,-1,,-1,,-1,True,"[""Magic Resistance""]",Int,,P,"[""charmed""]","[""charisma"",""constitution"",""wisdom""]",True,"[""Tentacles""]",False,False,"[""stunned""]","P,Y","[""intelligence""]",-1,0,,,,False,,,,,"[""Deep Speech"",""telepathy 120 ft."",""Undercommon""]","DS,TP,U",,,"MLW,MW",PaBTSO,False,,,-1,,,,-1,0,0,0,0,0,0,0,0,1,0,0,0,0,0,0,0,0,0,0,1,1,1,0,1,0,0,1,0,1,1,1,1,1,1,1,1,1,1,1,1,0,0,0,0,1,1,1,1,0,0,0,1,0,1,0,0,1,0,0,1,1,1,1,1
1610,1610,Baaz Draconian,0,1,5,14,22,4d8 + 4,L E,monstrosity,,,M,13,11,13,8,8,10,-1,-1,-1,-1,-1,-1,-1,-1,-1,-1,-1,-1,-1,-1,-1,-1,-1,-1,-1,-1,-1,-1,-1,-1,0,9,D,30,,-1,,-1,,-1,,-1,True,"[""Death Burst""]",,,,,,True,"[""Multiattack""]",False,False,"[""petrified"",""restrained""]",P,"[""constitution""]",-1,0,,,,False,,,,,"[""Common"",""Draconic""]","C,DR",shortsword,,"AOE, MLW,MW",DSotDQ,False,,,-1,,,,-1,0,0,0,0,0,0,0,0,1,0,0,0,0,0,0,0,1,1,1,1,1,1,1,1,1,1,1,1,1,1,1,1,1,1,1,1,1,1,1,1,0,0,0,0,1,1,1,1,0,0,0,1,0,1,0,0,1,0,0,1,1,1,1,1
3043,3043,Krenko,0,0,7,17,21,6d6,N E,humanoid,goblinoid,,S,10,14,10,10,8,14,-1,-1,-1,-1,-1,-1,-1,-1,-1,-1,-1,6,-1,-1,-1,-1,4,-1,-1,-1,4,-1,-1,-1,0,9,D,30,,-1,,-1,,-1,,-1,True,,,,,,,True,"[""Multiattack""]",False,True,,"I,P,S",,-1,0,,,,False,,,,,"[""Common"",""Goblin""]","C,GO","light crossbow, scimitar",,"MLW,MW, RNG, RW",KKW,False,,,-1,,,,-1,0,0,0,0,0,0,0,0,1,0,0,0,0,0,0,0,1,1,1,1,1,1,1,1,1,1,1,0,1,1,1,1,0,1,1,1,0,1,1,1,0,0,0,0,1,1,1,1,1,0,1,1,0,1,0,0,1,0,0,1,1,1,1,1
1720,1720,Zagum,0,0,26,19,255,30d8 + 120,L E,fiend,devil,,M,17,16,18,22,25,27,14,12,13,-1,-1,-1,12,-1,13,-1,14,-1,-1,-1,-1,-1,20,14,-1,-1,20,-1,-1,-1,0,17,SD,30,,-1,,-1,,-1,,-1,True,"[""Devil's Sight"",""Magic Resistance""]",,,,,,True,"[""Multiattack""]",False,False,,"S,Y","[""wisdom""]",-1,0,,,,False,"[""cold"",{""cond"":true,""note"":""from nonmagical attacks that aren't silvered"",""resist"":[""bludgeoning"",""piercing"",""slashing""]}]",,"[""fire"",""poison"",""psychic""]","[""charmed"",""poisoned""]","[""Celestial"",""Common"",""Draconic"",""Infernal"",""telepathy 120 ft.""]","C,CE,DR,I,TP",,,"AOE, MW, RCH",CoA,False,,,-1,,,,-1,0,0,0,0,0,0,0,0,1,0,0,0,0,0,0,0,0,0,0,1,1,1,0,1,0,1,0,1,1,1,1,1,0,0,1,1,0,1,1,1,0,0,0,0,1,1,1,1,1,0,0,1,0,1,0,0,1,0,0,1,1,1,1,1
1339,1339,Xvart,0,0,3,13,7,2d6,C E,humanoid,xvart,,S,8,14,10,8,7,7,-1,-1,-1,-1,-1,-1,-1,-1,-1,-1,-1,4,-1,-1,-1,-1,-1,-1,-1,-1,-1,-1,-1,-1,0,8,D,30,,-1,,-1,,-1,,-1,True,,,,,,,True,,False,False,,"B, P",,-1,0,,,,False,,,,,"[""Abyssal""]",AB,"shortsword, sling","underdark, hill","MLW,MW, RNG, RW",VGM,False,,,-1,,,True,-1,0,0,0,0,0,0,0,0,1,0,0,0,0,0,0,0,1,1,1,1,1,1,1,1,1,1,1,0,1,1,1,1,1,1,1,1,1,1,1,1,0,0,0,0,1,1,1,1,1,0,1,1,0,1,0,0,0,0,0,1,1,1,0,1
2977,2977,Zanskaran Viper,0,0,7,14,34,4d10 + 12,U,beast,,,L,15,11,17,2,13,2,-1,-1,-1,-1,-1,-1,-1,-1,-1,-1,-1,-1,-1,-1,-1,-1,-1,-1,-1,-1,-1,-1,-1,-1,0,11,D,30,,-1,,10,,-1,,30,False,,,,,,,True,,False,False,"[""blinded"",""poisoned""]","I,P","[""constitution""]",-1,0,,,,False,,,,,,,,"forest, grassland",MW,ToB1-2023,False,,,-1,,,,-1,0,0,0,0,0,0,0,0,1,0,0,0,0,0,0,0,1,1,1,1,1,1,1,1,1,1,1,1,1,1,1,1,1,1,1,1,1,1,1,1,0,0,0,0,1,0,1,0,0,0,0,1,0,1,1,1,0,0,0,1,1,1,1,1
2082,2082,Ushabti,0,0,14,17,119,14d8 + 56,U,construct,,,M,14,20,18,6,11,6,1,-1,3,-1,-1,-1,-1,-1,-1,-1,-1,-1,-1,-1,-1,-1,-1,-1,-1,-1,-1,-1,-1,-1,0,10,D,40,,-1,,-1,,-1,,-1,True,"[""False Appearance"",""Immutable Form"",""Magic Resistance""]",,,,,,True,"[""Multiattack""]",False,True,"[""restrained""]","B, N","[""constitution"",""strength""]",-1,0,,,,False,"[{""cond"":true,""note"":""from nonmagical attacks"",""resist"":[""bludgeoning"",""piercing"",""slashing""]}]",,"[""poison"",""psychic""]","[""charmed"",""exhaustion"",""frightened"",""paralyzed"",""petrified"",""poisoned""]","[""understands the languages of its creator but can't speak""]",CS,,"desert, underdark, urban","CUR, MW",ToB1-2023,False,,,-1,,,,-1,0,0,0,0,0,0,0,0,1,0,0,0,0,0,0,0,0,1,0,1,1,1,1,1,1,1,1,1,1,1,1,1,1,1,1,1,1,1,1,1,0,0,0,0,1,1,1,1,0,0,0,1,0,1,0,0,0,0,0,1,1,1,1,1
2234,2234,Young Wind Dragon,0,0,12,16,123,13d10 + 52,C N,dragon,,,L,20,16,18,14,13,16,6,-1,4,7,6,-1,-1,-1,-1,7,-1,6,-1,9,-1,-1,-1,6,-1,-1,-1,-1,-1,-1,0,17,"B, SD",30,,-1,,-1,hover,90,,-1,True,,,,,,,True,"[""Breath Weapon"",""Multiattack""]",False,False,"[""prone""]","B, P,S","[""strength""]",-1,0,,,,False,"[""cold""]",,"[""lightning""]",,"[""Common"",""Draconic"",""Primordial""]","C,DR,P",,"grassland, mountain","AOE, MW, RCH",ToB1-2023,False,,,-1,,,,-1,0,0,0,0,0,0,0,0,1,0,0,0,0,0,0,0,0,1,0,0,0,1,1,1,1,0,1,0,1,0,1,1,1,0,1,1,1,1,1,1,0,0,0,0,1,1,0,1,0,0,0,1,0,1,0,0,0,0,0,1,1,1,1,1
1516,1516,Giant Wasp,0,0,5,12,13,3d8,U,beast,,,M,10,14,10,1,10,3,-1,-1,-1,-1,-1,-1,-1,-1,-1,-1,-1,-1,-1,-1,-1,-1,-1,-1,-1,-1,-1,-1,-1,-1,0,10,,10,,-1,,-1,,50,,-1,False,,,,,,,True,,False,False,"[""paralyzed"",""poisoned""]","I,P","[""constitution""]",-1,0,,,,False,,,,,,,,"grassland, forest, urban",MW,MM,False,,,-1,,,True,-1,0,0,0,0,0,0,0,0,1,0,0,0,0,0,0,0,1,1,1,1,1,1,1,1,1,1,1,1,1,1,1,1,1,1,1,1,1,1,1,1,0,0,1,0,1,1,0,1,0,0,0,1,0,1,1,1,0,0,0,1,1,1,0,1
1889,1889,Doomguard Doom Lord,0,0,18,18,202,27d8 + 81,A,humanoid,,,S M,20,12,16,15,14,18,-1,-1,-1,7,-1,9,-1,-1,-1,6,-1,-1,-1,-1,-1,-1,-1,-1,-1,-1,-1,-1,-1,-1,0,16,,30,,-1,,-1,,-1,,-1,True,"[""Siege Monster""]",,,,,,True,"[""Multiattack""]",False,False,,"N,P,S","[""constitution""]",-1,0,,,,False,,,"[""necrotic""]",,"[""Common plus three more languages""]",C,,,"MLW,MW, RW, THW",MPP,False,,,-1,,,,-1,0,0,0,0,0,0,0,0,1,0,0,0,0,0,0,0,1,1,1,0,1,0,1,1,1,0,1,1,1,1,1,1,1,1,1,1,1,1,1,1,0,0,1,0,1,1,1,1,1,0,0,1,0,1,0,0,1,0,0,1,1,1,1,1
2094,2094,Canoloth,0,0,14,16,120,16d8 + 48,N E,fiend,yugoloth,,M,18,10,17,5,17,12,-1,-1,-1,-1,-1,-1,-1,-1,-1,9,-1,-1,3,-1,-1,-1,-1,-1,-1,-1,-1,-1,-1,-1,0,19,"D, U",50,,-1,,-1,,-1,,-1,True,"[""Magic Resistance"",""Magic Weapons""]",,,,,,True,"[""Multiattack""]",False,False,"[""grappled"",""restrained""]","P,S",,-1,0,,,,False,"[""cold"",""fire"",""lightning"",{""cond"":true,""note"":""from nonmagical attacks"",""resist"":[""bludgeoning"",""piercing"",""slashing""]}]",,"[""acid"",""poison""]","[""poisoned""]","[""Abyssal"",""Infernal"",""telepathy 60 ft.""]","AB,I,TP",,"coastal, underdark, urban","MW, RW",MTF,False,,,-1,,,True,-1,0,0,0,0,0,0,0,0,1,0,0,0,0,0,0,0,1,1,1,1,1,1,1,1,1,0,1,1,0,1,1,1,1,1,1,1,1,1,1,1,0,0,0,0,1,1,1,1,0,0,1,1,0,1,0,0,0,0,0,1,1,1,0,1
1428,1428,Blink Dog,0,0,4,13,22,4d8 + 4,L G,fey,,,M,12,17,12,10,13,11,-1,-1,-1,-1,-1,-1,-1,-1,-1,3,-1,5,-1,-1,-1,-1,-1,-1,-1,-1,-1,-1,-1,-1,0,13,,40,,-1,,-1,,-1,,-1,True,"[""Keen Senses""]",,,,,,True,"[""Teleport""]",False,False,,P,,-1,0,,,,False,,,,,"[""Blink Dog"",""understands Sylvan but can't speak it""]","CS,OTH,S",,forest,MW,MM,False,,,-1,,,True,-1,0,0,0,0,0,0,0,0,1,0,0,0,0,0,0,0,1,1,1,1,1,1,1,1,1,0,1,0,1,1,1,1,1,1,1,1,1,1,1,1,0,0,1,0,1,1,1,1,1,0,1,1,0,1,0,0,0,0,0,1,1,1,0,1
508,508,Rubezahl Demon,0,0,16,15,136,21d8 + 42,C E,fiend,demon,,M,20,15,14,11,12,18,-1,-1,5,6,6,-1,-1,-1,-1,5,-1,-1,-1,-1,-1,-1,8,-1,-1,-1,-1,-1,-1,5,0,15,"B, SD",50,,-1,,-1,,-1,,-1,True,"[""Magic Resistance""]",Cha,,O,"[""prone""]","[""constitution"",""dexterity"",""strength""]",True,"[""Multiattack""]",False,False,"[""prone"",""stunned""]","L,P,S","[""dexterity"",""strength""]",-1,0,,,,False,"[""cold"",""fire"",{""cond"":true,""note"":""from nonmagical attacks"",""resist"":[""bludgeoning"",""piercing"",""slashing""]}]",,"[""lightning"",""poison"",""thunder""]","[""poisoned"",""stunned""]","[""Abyssal"",""Common"",""telepathy 120 ft.""]","AB,C,TP",,"farmland, urban","AOE, MW",ToB1-2023,False,,,-1,,,,-1,0,0,0,0,0,0,0,0,1,0,0,0,0,0,0,0,1,1,0,0,0,1,1,1,1,0,1,1,1,1,1,1,0,1,1,1,1,1,1,0,0,0,0,0,1,1,1,1,0,0,0,1,0,1,0,0,0,0,0,1,1,1,1,1
747,747,Zariel,0,0,32,21,420,29d10 + 261,L E,fiend,devil,,L,27,24,28,26,27,30,18,16,16,-1,-1,-1,-1,-1,-1,16,-1,-1,-1,-1,-1,-1,-1,18,-1,-1,-1,-1,-1,-1,0,26,SD,50,,-1,,-1,,150,,-1,True,"[""Devil's Sight"",""Legendary Resistances"",""Magic Resistance"",""Regeneration""]",Cha,"B, F,N,P,S",O,"[""invisible""]","[""charisma"",""constitution"",""dexterity""]",True,"[""Multiattack"",""Teleport""]",False,False,"[""poisoned""]","F,N,O,R","[""constitution"",""wisdom""]",-1,0,,"[""wisdom""]",,False,"[""cold"",""fire"",""radiant"",{""cond"":true,""note"":""from nonmagical attacks that aren't silvered"",""resist"":[""bludgeoning"",""piercing"",""slashing""]}]",,"[""necrotic"",""poison""]","[""charmed"",""exhaustion"",""frightened"",""poisoned""]","[""all"",""telepathy 120 ft.""]","TP,XX","flail, longsword",,"MLW,MW, RCH",CoA,False,,,-1,,,,-1,0,0,0,0,0,0,0,0,1,0,0,0,0,0,0,0,0,0,0,1,1,1,1,1,1,0,1,1,1,1,1,1,1,0,1,1,1,1,1,1,0,0,0,0,1,1,0,1,0,0,0,1,0,1,0,0,1,0,0,1,1,1,1,1
2863,2863,Dragonwing,0,1,8,14,33,6d8 + 6,L E,humanoid,Human,,M,11,16,13,11,11,13,-1,-1,2,-1,-1,-1,-1,-1,-1,-1,-1,5,-1,-1,-1,-1,3,-1,-1,-1,-1,-1,-1,-1,0,10,,30,,-1,,-1,,-1,,-1,True,"[""Pack Tactics""]",,,,,,True,"[""Multiattack""]",False,False,,S,,-1,0,,,,False,"[{""preNote"":""one of the following:"",""resist"":[""acid"",""cold"",""fire"",""lightning"",""poison""]}]",,,,"[""Common"",""Draconic""]","C,DR",scimitar,,"MLW,MW",HotDQ,False,,,-1,,,,-1,0,0,0,0,0,0,0,0,1,0,0,0,0,0,0,0,1,1,0,1,1,1,1,1,1,1,1,0,1,1,1,1,0,1,1,1,1,1,1,1,0,0,1,0,1,1,1,1,1,0,1,1,0,1,0,0,1,0,0,1,1,1,1,1
1647,1647,Tarrasque,0,0,36,25,676,33d20 + 330,U,monstrosity,titan,,G,30,11,30,3,11,11,9,5,9,-1,-1,-1,-1,-1,-1,-1,-1,-1,-1,-1,-1,-1,-1,-1,-1,-1,-1,-1,-1,-1,0,10,B,40,,-1,,-1,,-1,,-1,True,"[""Legendary Resistances"",""Magic Resistance"",""Siege Monster""]",,,,,,True,"[""Frightful Presence"",""Multiattack"",""Swallow""]",False,False,"[""blinded"",""frightened"",""grappled"",""prone"",""restrained""]","A, B, P,S","[""constitution"",""strength"",""wisdom""]",-1,0,,,,False,,,"[""fire"",""poison"",{""cond"":true,""immune"":[""bludgeoning"",""piercing"",""slashing""],""note"":""from nonmagical attacks""}]","[""charmed"",""frightened"",""paralyzed"",""poisoned""]",,,,urban,"MW, RCH",MM,False,,,-1,,,True,-1,0,0,0,0,0,0,0,0,1,0,0,0,0,0,0,0,0,0,0,1,1,1,1,1,1,1,1,1,1,1,1,1,1,1,1,1,1,1,1,1,0,0,0,0,1,1,1,1,0,0,0,1,0,1,1,1,0,0,0,1,1,1,0,1
2415,2415,Gorgon,0,0,11,19,114,12d10 + 48,U,monstrosity,,,L,20,11,18,2,12,7,-1,-1,-1,-1,-1,-1,-1,-1,-1,4,-1,-1,-1,-1,-1,-1,-1,-1,-1,-1,-1,-1,-1,-1,0,14,D,40,,-1,,-1,,-1,,-1,True,,,,,,,True,"[""Breath Weapon""]",False,False,"[""petrified"",""prone"",""restrained""]","B, P","[""constitution"",""strength""]",-1,0,,,,False,,,,"[""petrified""]",,,,"grassland, forest, hill","AOE, MW",MM,False,,,-1,,,True,-1,0,0,0,0,0,0,0,0,1,0,0,0,0,0,0,0,1,1,1,1,1,1,1,1,1,0,1,1,1,1,1,1,1,1,1,1,1,1,1,1,0,0,0,0,1,1,1,1,0,0,0,1,0,1,1,1,0,0,0,1,1,1,0,1
2454,2454,Sarcophagus Slime,0,0,11,11,102,12d8 + 48,N E,undead,,,M,14,12,18,3,12,12,4,-1,4,-1,-1,-1,-1,-1,-1,-1,-1,-1,-1,-1,-1,-1,-1,-1,-1,-1,-1,-1,-1,-1,0,11,B,20,,-1,,-1,,-1,,-1,True,"[""Amorphous""]",,,,,,True,"[""Frightful Presence"",""Multiattack""]",False,False,"[""frightened""]","A, B, N","[""constitution"",""wisdom""]",-1,0,,,,False,"[""acid"",""necrotic""]",,"[""poison""]","[""blinded"",""charmed"",""deafened"",""exhaustion"",""frightened"",""poisoned"",""prone""]",,,,"underdark, urban",MW,ToB1-2023,False,,,-1,,,,-1,0,0,0,0,0,0,0,0,1,0,0,0,0,0,0,0,0,1,0,1,1,1,1,1,1,1,1,1,1,1,1,1,1,1,1,1,1,1,1,1,0,0,0,0,1,1,1,1,0,0,0,1,0,1,1,1,0,0,0,1,1,1,1,1
802,802,Garret Levistusson,0,0,8,14,44,8d8 + 8,C N,humanoid,,,M,11,14,12,11,12,17,-1,-1,-1,-1,-1,-1,-1,-1,-1,-1,5,-1,4,-1,-1,-1,7,-1,-1,-1,5,-1,-1,-1,0,11,,30,,-1,,-1,,-1,,-1,True,"[""Sneak Attack""]",Cha,Y,CB,"[""charmed"",""incapacitated"",""prone""]","[""wisdom""]",True,,False,False,"[""incapacitated""]",P,,-1,0,,,,False,,,,,"[""Abyssal"",""Common"",""Infernal"",""Thieves' cant""]","AB,C,I,TC",shortsword,,"MLW,MW",LLK,False,,,-1,,,,-1,0,0,0,0,0,0,0,0,1,0,0,0,0,0,0,0,1,1,1,1,1,1,1,1,1,1,0,1,0,1,1,1,0,1,1,1,0,1,1,1,0,0,1,0,1,1,1,1,0,0,1,1,0,1,0,0,1,0,0,1,1,1,1,1
2601,2601,J'ba Fofi Spider,0,0,9,18,75,10d10 + 20,U,beast,,,L,17,17,15,4,13,6,-1,-1,-1,-1,-1,-1,-1,-1,-1,-1,-1,5,-1,-1,-1,-1,-1,-1,-1,-1,-1,-1,-1,-1,0,11,"B, D",40,,-1,,40,,-1,,-1,True,"[""Camouflage"",""Spider Climb"",""Web Sense"",""Web Walker""]",,,,,,True,,False,False,"[""paralyzed"",""poisoned"",""restrained""]","I,P","[""constitution"",""dexterity""]",-1,0,,,,False,,,,,,,,forest,"AOE, MW",ToB1-2023,False,,,-1,,,,-1,0,0,0,0,0,0,0,0,1,0,0,0,0,0,0,0,1,1,1,1,1,1,1,1,1,1,1,0,1,1,1,1,1,1,1,1,1,1,1,1,0,0,0,0,1,0,1,1,0,0,0,1,0,1,1,1,0,0,0,1,1,1,1,1
5,5,Galsariad Ardyth (Tier 3),0,0,14,17,90,20d8,N,humanoid,"drow, wizard",,M,8,14,10,20,15,12,-1,8,5,-1,-1,-1,8,-1,-1,-1,-1,-1,8,-1,-1,-1,-1,-1,-1,8,-1,-1,-1,-1,0,12,SD,30,,-1,,-1,hover,30,with item ,40,True,"[""Fey Ancestry""]",Int,,O,"[""restrained""]","[""wisdom""]",True,"[""Multiattack""]",True,False,"[""exhaustion"",""restrained""]","N,O,P,Y","[""charisma"",""strength""]",-1,0,,,,False,,,,,"[""Common"",""Draconic"",""Undercommon""]","C,DR,U",ruidium dagger,,"AOE, MLW,MW, RW, THW",CRCotN,False,,,-1,,,,-1,0,0,0,0,0,0,0,0,1,0,0,0,0,0,0,0,1,0,0,1,1,1,0,1,1,1,1,1,0,1,1,1,1,1,1,0,1,1,1,1,0,0,0,0,1,1,0,0,0,0,0,1,0,1,0,0,1,0,0,1,1,1,1,1
1077,1077,Lawmage,0,0,12,15,84,13d8 + 26,L N,humanoid,any,,M,13,12,14,17,14,13,-1,6,5,-1,-1,-1,6,-1,-1,5,-1,-1,-1,-1,-1,-1,-1,-1,-1,-1,4,-1,-1,-1,0,15,,30,,-1,,-1,,-1,,-1,False,,Int,F,CW,,"[""dexterity"",""wisdom""]",True,,False,False,,B,,-1,0,,,,False,,,,,"[""Common plus any one language""]","C,X",quarterstaff,,"MLW,MW",GGR,False,,,-1,,,,-1,0,0,0,0,0,0,0,0,1,0,0,0,0,0,0,0,1,0,0,1,1,1,0,1,1,0,1,1,1,1,1,1,1,1,1,1,0,1,1,1,0,0,1,0,1,1,1,1,1,0,1,1,0,1,0,0,1,0,0,1,1,1,1,1
2220,2220,Mammoth,0,0,12,13,126,11d12 + 55,U,beast,,,H,24,9,21,3,11,6,-1,-1,-1,-1,-1,-1,-1,-1,-1,-1,-1,-1,-1,-1,-1,-1,-1,-1,-1,-1,-1,-1,-1,-1,0,10,,40,,-1,,-1,,-1,,-1,True,,,,,,,True,,False,False,"[""prone""]","B, P","[""strength""]",-1,0,,,,False,,,,,,,,arctic,"MW, RCH",MM,False,,,-1,,,True,-1,0,0,0,0,0,0,0,0,1,0,0,0,0,0,0,0,1,1,1,1,1,1,1,1,1,1,1,1,1,1,1,1,1,1,1,1,1,1,1,1,0,0,1,0,1,1,1,1,0,0,0,1,0,1,1,1,0,0,0,1,1,1,0,1
548,548,Baphomet,0,0,29,22,275,19d12 + 152,C E,fiend,demon,,H,30,14,26,18,24,16,-1,-1,14,15,9,-1,-1,-1,-1,14,-1,-1,-1,-1,-1,-1,-1,17,-1,-1,-1,-1,-1,-1,0,24,U,40,,-1,,-1,,-1,,-1,True,"[""Charge"",""Legendary Resistances"",""Magic Resistance"",""Magic Weapons"",""Reckless""]",Cha,,I,"[""charmed""]","[""dexterity"",""wisdom""]",True,"[""Frightful Presence"",""Multiattack""]",False,False,"[""frightened"",""prone""]","P,S","[""strength"",""wisdom""]",-1,0,,"[""wisdom""]",,False,"[""cold"",""fire"",""lightning""]",,"[""poison"",{""cond"":true,""immune"":[""bludgeoning"",""piercing"",""slashing""],""note"":""that is nonmagical""}]","[""charmed"",""exhaustion"",""frightened"",""poisoned""]","[""all"",""telepathy 120 ft.""]","TP,XX",,,"MW, RCH",MTF,False,,,-1,,,True,-1,0,0,0,0,0,0,0,0,1,0,0,0,0,0,0,0,1,1,0,0,0,1,1,1,1,0,1,1,1,1,1,1,1,0,1,1,1,1,1,1,0,0,0,0,1,1,1,1,0,0,0,1,0,1,0,0,1,0,0,1,1,1,0,1
2787,2787,Plesiosaurus,0,0,8,13,68,8d10 + 24,U,beast,,,L,18,15,16,2,12,5,-1,-1,-1,-1,-1,-1,-1,-1,-1,3,-1,4,-1,-1,-1,-1,-1,-1,-1,-1,-1,-1,-1,-1,0,13,,20,,-1,,-1,,-1,,40,True,"[""Hold Breath""]",,,,,,True,,False,False,,P,,-1,0,,,,False,,,,,,,,"underwater, coastal","MW, RCH",MM,False,"[""Dinosaurs""]",,-1,,,True,-1,0,0,0,0,0,0,0,0,1,0,0,0,0,0,0,0,1,1,1,1,1,1,1,1,1,0,1,0,1,1,1,1,1,1,1,1,1,1,1,1,0,0,1,0,1,1,1,0,1,0,1,1,0,1,1,1,0,0,0,1,1,1,0,1
2394,2394,Nevermind Gnome Mastermind,0,0,11,15,82,15d6 + 30,A,humanoid,,,S,9,18,14,20,11,15,-1,8,-1,5,7,-1,8,-1,-1,3,-1,-1,8,-1,-1,-1,-1,-1,-1,-1,-1,-1,-1,-1,1,13,D,30,,-1,,30,,-1,,-1,True,"[""Spider Climb""]",,,,,,True,"[""Multiattack""]",False,False,"[""frightened"",""grappled"",""incapacitated""]","P,T, Y","[""constitution"",""dexterity"",""wisdom""]",-1,0,,,,False,,,,,"[""Common"",""Gnomish""]",C G,,,"AOE, MW, RCH",MCV2DC,False,,,-1,,,,-1,0,0,0,0,0,0,0,0,1,0,0,0,0,0,0,0,1,0,1,0,0,1,0,1,1,0,1,1,0,1,1,1,1,1,1,1,1,1,1,1,0,0,0,0,1,0,1,1,0,0,0,1,0,1,0,0,1,0,0,1,1,1,1,1
2186,2186,Ghald,0,0,13,15,102,12d10 + 36,L E,humanoid,sahuagin,,L,19,17,16,14,13,17,-1,5,4,6,6,-1,-1,-1,4,7,-1,-1,-1,-1,-1,-1,-1,-1,-1,-1,-1,-1,-1,-1,0,17,SD,30,,-1,,-1,,-1,,50,True,"[""Sneak Attack""]",,,,,,True,"[""Multiattack""]",False,False,"[""grappled""]","B, P",,-1,0,,,,False,,,,,"[""Common"",""Sahuagin""]","C,OTH",shortsword,,"MLW,MW",PotA,False,,,-1,,,,-1,0,0,0,0,0,0,0,0,1,0,0,0,0,0,0,0,1,0,0,0,0,1,1,1,0,0,1,1,1,1,1,1,1,1,1,1,1,1,1,1,0,0,0,0,1,1,1,0,0,0,1,1,0,1,0,0,1,0,0,1,1,1,1,1
1413,1413,Metallic Warbler,0,0,4,14,14,4d4 + 4,N G,construct,,,T,4,15,12,9,10,12,-1,-1,-1,-1,4,-1,-1,-1,-1,-1,-1,-1,-1,-1,-1,-1,-1,-1,-1,-1,-1,-1,-1,-1,0,10,D,40,,-1,,-1,,60,,-1,True,"[""Immutable Form""]",,,,,,True,,False,False,"[""charmed"",""incapacitated""]",S,"[""charisma""]",-1,0,,,,False,,,"[""fire""]","[""charmed"",""exhaustion"",""frightened"",""paralyzed"",""petrified"",""poisoned""]","[""understands Common and Draconic but can't speak""]","C,CS,DR",,,"AOE, MW",FTD,False,,,-1,,,,-1,0,0,0,0,0,0,0,0,1,0,0,0,0,0,0,0,1,1,1,1,0,1,1,1,1,1,1,1,1,1,1,1,1,1,1,1,1,1,1,1,0,0,0,0,1,1,0,1,0,0,0,1,0,1,0,0,1,0,0,1,1,1,1,1
2808,2808,Duergar Hammerer,0,0,8,17,33,6d8 + 6,A,construct,dwarf,,M,17,7,12,5,5,5,-1,-1,-1,-1,-1,-1,-1,-1,-1,-1,-1,-1,-1,-1,-1,-1,-1,-1,-1,-1,-1,-1,-1,-1,0,7,D,20,,-1,,-1,,-1,,-1,True,"[""Siege Monster""]",,,,,,True,"[""Multiattack""]",False,True,,"B, P",,-1,0,,,,False,,,"[""poison""]","[""charmed"",""exhaustion"",""frightened"",""paralyzed"",""petrified"",""poisoned""]","[""understands Dwarvish but can't speak""]","CS,D",,"mountain, underdark",MW,MPMM,False,,,-1,,,,-1,0,0,0,0,0,0,0,0,1,0,0,0,0,0,0,0,1,1,1,1,1,1,1,1,1,1,1,1,1,1,1,1,1,1,1,1,1,1,1,1,0,0,0,0,1,1,1,1,1,0,1,1,0,1,0,0,0,0,0,1,1,1,1,1
1357,1357,Gibberling,0,0,4,12,7,2d6,C N,aberration,,,S,10,15,10,6,8,8,-1,-1,-1,-1,-1,-1,-1,-1,-1,-1,-1,4,-1,-1,-1,-1,-1,-1,-1,-1,-1,-1,-1,-1,0,9,,25,,5,,-1,,-1,,-1,True,"[""Light Sensitivity"",""Reckless""]",,,,,,True,,False,False,,P,,-1,0,,,,False,"[""psychic""]",,,"[""charmed"",""frightened""]",,,dagger,,"MLW,MW",MaBJoV,False,,,-1,,,,-1,0,0,0,0,0,0,0,0,1,0,0,0,0,0,0,0,1,1,1,1,1,1,1,1,1,1,1,0,1,1,1,1,1,1,1,1,1,1,1,1,0,0,1,0,0,1,1,1,1,0,1,1,0,1,1,1,1,0,0,1,1,1,1,1
2853,2853,Ogre Howdah,0,0,8,15,59,7d10 + 21,C E,giant,,,L,19,8,16,5,7,7,-1,-1,-1,-1,-1,-1,-1,-1,-1,-1,-1,-1,-1,-1,-1,-1,-1,-1,-1,-1,-1,-1,-1,-1,0,8,D,40,,-1,,-1,,-1,,-1,True,,,,,,,True,,False,False,,B,,-1,0,,,,False,,,,,"[""Common"",""Giant""]","C,GI",mace,"grassland, hill, mountain","MLW,MW",MPMM,False,,,-1,,,,-1,0,0,0,0,0,0,0,0,1,0,0,0,0,0,0,0,1,1,1,1,1,1,1,1,1,1,1,1,1,1,1,1,1,1,1,1,1,1,1,1,0,0,0,0,1,1,1,1,1,0,1,1,0,1,0,0,0,0,0,1,1,1,1,1
2248,2248,Vrock,0,0,12,15,104,11d10 + 44,C E,fiend,demon,,L,17,15,18,8,13,8,2,-1,4,-1,5,-1,-1,-1,-1,-1,-1,-1,-1,-1,-1,-1,-1,-1,-1,-1,-1,-1,-1,-1,0,11,SD,40,,-1,,-1,,60,,-1,True,"[""Magic Resistance""]",,,,,,True,"[""Multiattack""]",False,False,"[""poisoned"",""stunned""]","I,P,S","[""constitution""]",-1,0,,,,False,"[""cold"",""fire"",""lightning"",{""cond"":true,""note"":""from nonmagical attacks"",""resist"":[""bludgeoning"",""piercing"",""slashing""]}]",,"[""poison""]","[""poisoned""]","[""Abyssal"",""telepathy 120 ft.""]","AB,TP",,,"AOE, MW",MM,False,,,-1,,True,True,-1,0,0,0,0,0,0,0,0,1,0,0,0,0,0,0,0,0,1,0,1,0,1,1,1,1,1,1,1,1,1,1,1,1,1,1,1,1,1,1,1,0,0,0,0,1,1,0,1,0,0,0,1,0,1,0,0,1,0,0,1,1,0,0,1
1622,1622,Worg,0,0,5,13,26,4d10 + 4,N E,monstrosity,,,L,16,13,13,7,11,8,-1,-1,-1,-1,-1,-1,-1,-1,-1,4,-1,-1,-1,-1,-1,-1,-1,-1,-1,-1,-1,-1,-1,-1,0,14,D,50,,-1,,-1,,-1,,-1,True,"[""Keen Senses""]",,,,,,True,,False,False,"[""prone""]",P,"[""strength""]",-1,0,,,,False,,,,,"[""Goblin"",""Worg""]","GO,OTH",,"grassland, forest, hill",MW,MM,False,,,-1,,,True,-1,0,0,0,0,0,0,0,0,1,0,0,0,0,0,0,0,1,1,1,1,1,1,1,1,1,0,1,1,1,1,1,1,1,1,1,1,1,1,1,1,0,0,0,0,1,1,1,1,0,0,0,1,0,1,0,0,0,0,0,1,1,1,0,1
2310,2310,Ngobou Dinosaur,0,0,11,15,102,12d10 + 36,U,beast,,,L,20,9,16,2,12,6,-1,-1,-1,-1,-1,-1,-1,-1,-1,4,-1,-1,-1,-1,-1,-1,-1,-1,-1,-1,-1,-1,-1,-1,0,14,,40,,-1,,-1,,-1,,-1,True,"[""Reckless""]",,,,,,True,,False,False,"[""prone""]","B, P","[""strength""]",-1,0,,,,False,,,,,,,,"farmland, forest, grassland",MW,ToB1-2023,False,,,-1,,,,-1,0,0,0,0,0,0,0,0,1,0,0,0,0,0,0,0,1,1,1,1,1,1,1,1,1,0,1,1,1,1,1,1,1,1,1,1,1,1,1,1,0,0,1,0,1,1,1,1,0,0,0,1,0,1,1,1,0,0,0,1,1,1,1,1
92,92,Lowarnizel,0,0,15,18,168,16d10 + 80,N,dragon,gem,,L,21,12,21,18,15,19,8,-1,6,9,5,-1,12,-1,-1,10,-1,5,-1,-1,-1,-1,-1,-1,-1,-1,8,-1,-1,-1,0,20,"B, SD",40,,-1,,-1,hover,80,,40,True,"[""Amphibious""]",Int,,P,,,True,"[""Breath Weapon"",""Multiattack"",""Shapechanger""]",True,False,,"O,P,S","[""strength""]",-1,0,,,,False,"[""force"",""psychic""]",,,"[""frightened"",""prone""]","[""Common"",""Draconic"",""telepathy 120 ft.""]","C,DR,TP",,,"AOE, MW, RCH",PaBTSO,False,,,-1,,,,-1,0,0,0,0,0,0,0,0,1,0,0,0,0,0,0,0,0,1,0,0,0,1,0,1,1,0,1,0,1,1,1,1,1,1,1,1,0,1,1,1,0,0,0,0,1,1,0,0,1,0,0,1,0,1,0,0,1,0,0,1,1,1,1,1
2208,2208,Vladimir Horngaard,0,0,13,17,192,16d8 + 64,L E,undead,,,M,18,14,18,13,16,18,7,-1,6,7,-1,7,-1,-1,-1,-1,-1,-1,-1,-1,-1,-1,-1,-1,-1,-1,-1,-1,-1,-1,0,13,D,30,,-1,,-1,,-1,,-1,True,"[""Regeneration"",""Rejuvenation"",""Turn Immunity""]",,,,,,True,"[""Multiattack""]",False,False,,"B, S","[""wisdom""]",-1,0,,,,False,"[""necrotic"",""psychic""]",,"[""poison""]","[""charmed"",""exhaustion"",""frightened"",""paralyzed"",""poisoned"",""stunned""]","[""Common"",""Draconic""]","C,DR",+2 greatsword,,"MLW,MW",CoS,False,,,-1,,,,-1,0,0,0,0,0,0,0,0,1,0,0,0,0,0,0,0,0,1,0,0,1,0,1,1,1,1,1,1,1,1,1,1,1,1,1,1,1,1,1,1,0,0,0,0,1,1,1,1,1,0,0,1,0,1,0,0,1,0,0,1,1,1,1,1
1275,1275,Valetta,0,0,8,13,27,5d8 + 5,N,humanoid,dragonborn,,M,10,10,12,13,16,13,-1,-1,-1,-1,-1,-1,-1,-1,-1,-1,-1,-1,-1,-1,-1,-1,-1,-1,7,-1,3,5,-1,-1,0,13,,25,,-1,,-1,,-1,,-1,True,,Wis,"N,O,R",CC,,"[""dexterity"",""wisdom""]",True,,False,False,,"B, R","[""dexterity""]",-1,0,,,,False,"[""lightning""]",,,,"[""Common"",""Draconic""]","C,DR",mace,,"AOE, MLW,MW",WDH,False,,,-1,,,,-1,0,0,0,0,0,0,0,0,1,0,0,0,0,0,0,0,1,1,1,1,1,1,1,1,1,1,1,1,1,1,1,1,1,1,0,1,0,0,1,1,0,0,1,0,1,1,1,1,1,0,0,1,0,1,0,0,1,0,0,1,1,1,1,1
256,256,Death Giant Reaper,0,0,18,18,172,15d12 + 75,A,giant,,,H,27,14,20,18,16,16,7,8,7,9,-1,-1,8,8,-1,7,-1,6,-1,-1,-1,-1,-1,-1,-1,-1,-1,-1,-1,-1,0,17,SD,40,,-1,,-1,,-1,,-1,False,,,,,,,True,"[""Multiattack""]",True,False,,"N,S","[""wisdom""]",-1,0,,,,False,,,"[""necrotic""]","[""frightened""]","[""Giant""]",GI,,,"AOE, MW, RCH",BGG,False,,,-1,,,,-1,0,0,0,0,0,0,0,0,1,0,0,0,0,0,0,0,0,0,0,0,1,1,0,0,1,0,1,0,1,1,1,1,1,1,1,1,1,1,1,1,0,0,0,0,1,1,1,1,1,0,0,1,0,1,0,0,1,0,0,1,1,1,1,1
3116,3116,Bat,0,0,6,12,1,1d4 - 1,U,beast,,,T,2,15,8,2,12,4,-1,-1,-1,-1,-1,-1,-1,-1,-1,-1,-1,-1,-1,-1,-1,-1,-1,-1,-1,-1,-1,-1,-1,-1,0,11,B,5,,-1,,-1,,30,,-1,True,"[""Keen Senses""]",,,,,,True,,False,False,,P,,-1,0,,,,False,,,,,,,,,MW,MM,True,,True,1,"wizard, warlock",,True,-1,0,0,0,0,0,0,0,0,1,0,0,0,0,0,0,0,1,1,1,1,1,1,1,1,1,1,1,1,1,1,1,1,1,1,1,1,1,1,1,1,0,0,0,0,1,1,0,1,1,0,1,1,0,1,1,1,1,0,0,0,0,1,0,1
199,199,Adult Amethyst Dragon,0,0,22,19,229,17d12 + 119,N,dragon,gem,,H,25,14,25,20,17,21,10,-1,8,12,7,-1,15,-1,-1,13,-1,7,-1,-1,-1,-1,-1,-1,-1,-1,10,-1,-1,-1,0,23,"B, SD",40,,-1,,-1,hover,80,,40,True,"[""Amphibious"",""Legendary Resistances""]",Int,B,P,,"[""strength""]",True,"[""Breath Weapon"",""Multiattack"",""Shapechanger""]",True,False,"[""prone""]","O,P,S","[""dexterity"",""strength""]",-1,0,,"[""charisma"",""wisdom""]","[""charmed""]",False,"[""force"",""psychic""]",,,"[""frightened"",""prone""]","[""Common"",""Draconic"",""telepathy 120 ft.""]","C,DR,TP",,,"AOE, MW, RCH",FTD,False,"[""Gem Dragon""]",,-1,,True,,-1,0,0,0,0,0,0,0,0,1,0,0,0,0,0,0,0,0,1,0,0,0,1,0,1,1,0,1,0,1,1,1,1,1,1,1,1,0,1,1,1,0,0,0,0,1,1,0,0,0,0,0,1,0,1,0,0,1,0,0,1,1,0,1,1
2424,2424,Owl Harpy,0,0,11,14,112,15d8 + 45,N E,monstrosity,,,M,12,17,16,11,14,18,-1,-1,-1,-1,-1,-1,-1,-1,-1,-1,7,9,-1,-1,-1,-1,-1,-1,-1,-1,-1,-1,-1,-1,0,12,"B, SD",20,,-1,,-1,hover,80,,-1,True,,,,,,,True,"[""Multiattack""]",False,False,"[""unconscious""]",S,"[""wisdom""]",-1,0,,,,False,,"[""thunder""]",,,"[""Abyssal"",""Common"",""Giant""]","AB,C,GI",,"desert, forest, hill","AOE, MW",ToB1-2023,False,,,-1,,,,-1,0,0,0,0,0,0,0,0,1,0,0,0,0,0,0,0,1,1,1,1,1,1,1,1,1,1,0,0,1,1,1,1,1,1,1,1,1,1,1,1,0,0,0,0,1,1,0,1,0,0,0,1,0,0,0,0,0,0,0,1,1,1,1,1
239,239,Ashari Firetamer,0,1,13,17,92,16d8 + 20,,humanoid,any,,M,8,15,14,12,18,11,-1,-1,-1,-1,-1,-1,4,-1,-1,-1,-1,-1,-1,-1,-1,-1,-1,-1,-1,7,-1,-1,-1,-1,0,14,,30,,-1,,-1,,-1,,-1,False,,Wis,F,CD,,"[""constitution"",""dexterity""]",True,,True,False,,"F,S",,-1,0,,,,False,"[""fire""]",,,,"[""Common"",""Druidic"",""Ignan""]","C,DU,IG",scimitar,,"MLW,MW",TDCSR,False,"[""Ashari""]",,-1,,,,-1,0,0,0,0,0,0,1,0,1,0,0,0,0,0,0,0,1,1,1,1,1,1,0,1,1,1,1,1,1,1,1,1,1,1,1,0,1,1,1,1,0,0,1,0,1,1,1,1,1,0,1,1,0,1,0,0,1,0,0,1,1,1,1,1
1126,1126,Uthgardt Shaman,0,1,8,13,38,7d8 + 7,A,humanoid,Human,,M,14,12,13,10,15,12,-1,-1,-1,-1,-1,-1,-1,-1,-1,4,-1,-1,-1,-1,-1,-1,-1,-1,4,4,-1,-1,-1,6,0,14,,30,,-1,,-1,,-1,,-1,False,,Wis,"N,P,R",O,,"[""dexterity"",""wisdom""]",True,,False,False,,P,,-1,0,,,,False,,,,,"[""Bothii"",""Common""]","C,OTH","shortbow, spear",,"MLW,MW, RNG, RW, THW",SKT,False,,,-1,,,,-1,0,0,0,0,0,0,0,0,1,0,0,0,0,0,0,0,1,1,1,1,1,1,1,1,1,0,1,1,1,1,1,1,1,1,0,0,1,1,1,0,0,0,1,0,1,1,1,1,1,0,1,1,0,1,0,0,1,0,0,1,1,1,1,1
1820,1820,Adult Solar Dragon,0,0,20,17,200,16d12 + 96,N,dragon,,,H,24,15,22,15,16,14,7,-1,8,11,7,-1,-1,-1,-1,13,-1,7,-1,-1,-1,-1,-1,-1,-1,-1,-1,-1,-1,-1,0,23,SD,30,,-1,,-1,hover,90,,-1,True,"[""Flyby"",""Legendary Resistances"",""Siege Monster"",""Unusual Nature""]",,,,,,True,"[""Breath Weapon"",""Multiattack""]",False,False,"[""blinded""]","B, P,R","[""constitution"",""wisdom""]",-1,0,,,,False,,,"[""radiant""]","[""blinded""]","[""Draconic""]",DR,,,"AOE, MW, RCH",BAM,False,,,-1,,,,-1,0,0,0,0,0,0,0,0,1,0,0,0,0,0,0,0,0,1,0,0,0,1,1,1,1,0,1,0,1,1,1,1,1,1,1,1,1,1,1,1,0,0,0,0,1,1,0,1,0,0,0,1,0,1,0,0,1,0,0,1,1,1,1,1
533,533,Vos'skyriss Serpentfolk,0,1,9,14,60,8d10 + 16,N E,monstrosity,,,L,16,15,15,12,10,14,-1,-1,-1,-1,-1,-1,-1,-1,-1,2,-1,4,-1,-1,-1,-1,-1,-1,-1,-1,-1,-1,-1,-1,0,12,D,40,,-1,,-1,,-1,,40,True,"[""Hold Breath""]",Cha,,I,"[""charmed"",""unconscious""]","[""wisdom""]",True,"[""Multiattack""]",False,False,"[""grappled"",""restrained""]","B, I,P,S",,-1,0,,,,False,,,"[""poison""]","[""poisoned""]","[""Common"",""Draconic""]","C,DR",scimitar,"coastal, desert, forest, swamp","MLW,MW",TDCSR,False,"[""Serpentfolk""]",,-1,,,,-1,0,0,0,0,0,0,0,0,1,0,0,0,0,0,0,0,1,1,1,1,1,1,1,1,1,0,1,0,1,1,1,1,1,1,1,1,1,1,1,1,0,0,0,0,1,1,1,0,0,0,1,1,0,1,0,0,0,0,0,1,1,1,1,1
874,874,Halaster Blackcloak,0,0,29,17,246,29d8 + 116,C E,humanoid,Human,,M,10,18,18,24,18,18,-1,14,11,-1,-1,-1,21,21,-1,11,-1,-1,-1,-1,-1,-1,-1,-1,-1,-1,-1,-1,-1,-1,0,21,SD,30,,-1,,-1,,-1,,-1,True,"[""Legendary Resistances"",""Rejuvenation""]",Int,"B, F,L,N,O,S,Y",CW,"[""charmed"",""frightened"",""incapacitated"",""invisible"",""stunned"",""unconscious""]","[""charisma"",""constitution"",""dexterity"",""intelligence"",""wisdom""]",True,,False,False,,T,"[""constitution""]",-1,0,,,,False,"[""fire"",{""note"":""(granted by the blast scepter, see \""Special Equipment\"" below)"",""resist"":[""lightning""]}]",,,,"[""Abyssal"",""Celestial"",""Common"",""Draconic"",""Dwarvish"",""Elvish"",""Infernal"",""Undercommon""]","AB,C,CE,D,DR,E,I,U",,,AOE,WDMM,False,,,-1,,,,-1,0,0,0,0,0,0,0,0,1,0,0,0,0,0,0,0,1,0,0,1,1,1,0,0,1,0,1,1,1,1,1,1,1,1,1,1,1,1,1,1,0,0,0,0,1,1,1,1,1,0,0,1,0,1,0,0,1,0,0,1,1,1,1,1
1712,1712,Kolyarut,0,0,26,18,297,35d8 + 140,L N,construct,inevitable,,M,25,12,19,25,22,18,10,13,12,-1,-1,-1,-1,13,12,12,-1,-1,-1,-1,-1,-1,-1,-1,-1,-1,-1,-1,-1,-1,0,22,D,50,,-1,,-1,hover,35,,-1,True,"[""Immutable Form"",""Legendary Resistances"",""Magic Resistance""]",,,,,,True,"[""Multiattack"",""Parry""]",False,True,,O,"[""charisma""]",-1,0,,,,False,"[""thunder"",{""cond"":true,""note"":""from nonmagical attacks"",""resist"":[""bludgeoning"",""piercing"",""slashing""]}]",,"[""poison""]","[""charmed"",""exhaustion"",""frightened"",""paralyzed"",""poisoned"",""unconscious""]","[""all""]",XX,,,MW,MPP,False,,,-1,,,,-1,0,0,0,0,0,0,0,0,1,0,0,0,0,0,0,0,0,0,0,1,1,1,1,0,0,0,1,1,1,1,1,1,1,1,1,1,1,1,1,1,0,0,0,0,1,1,0,1,1,0,0,1,0,1,0,0,1,0,0,1,1,1,1,1
2768,2768,Gingwatzim,0,1,8,12,39,6d6 + 18,,aberration,shapechanger,,S,3,15,16,4,11,6,-1,-1,-1,-1,-1,-1,-1,-1,-1,-1,-1,-1,-1,-1,-1,-1,-1,-1,-1,-1,-1,-1,-1,-1,0,10,B,30,,-1,,-1,special form; hover,30,,-1,True,,,,,,,True,shapechanger,False,False,"[""exhaustion""]",N,"[""constitution""]",-1,0,,,,False,,,"[""poison""]","[""poisoned""]","[""telepathy 60 ft.""]",TP,,,MW,CM,False,,,-1,,,,-1,0,0,0,0,0,0,1,0,1,0,0,0,0,0,0,0,1,1,1,1,1,1,1,1,1,1,1,1,1,1,1,1,1,1,1,1,1,1,1,1,0,0,0,0,1,1,0,1,0,0,0,1,0,1,0,0,1,0,0,1,1,1,1,1
1906,1906,Balhannoth,0,0,17,17,114,12d10 + 48,C E,aberration,,,L,17,8,18,6,15,8,-1,-1,-1,8,-1,-1,-1,-1,-1,6,-1,-1,-1,-1,-1,-1,-1,-1,-1,-1,-1,-1,-1,-1,0,16,B,25,,-1,,25,,-1,,-1,True,"[""Legendary Resistances""]",,,,,,True,"[""Multiattack"",""Tentacles""]",False,False,"[""grappled"",""invisible"",""restrained""]","B, P",,-1,0,,"[""wisdom""]","[""invisible""]",False,,,,"[""blinded""]","[""understands Deep Speech"",""telepathy 1 mile""]","DS,TP",,"coastal, mountain, underdark","MW, RCH",MTF,False,,,-1,,,True,-1,0,0,0,0,0,0,0,0,1,0,0,0,0,0,0,0,1,1,1,0,1,1,1,1,1,0,1,1,1,1,1,1,1,1,1,1,1,1,1,1,0,0,0,0,1,0,1,1,0,0,1,1,0,1,0,0,0,0,0,1,1,1,0,1
1999,1999,Ancient Corpse Walker,0,0,16,16,123,13d10 + 52,C E,undead,shapechanger,,L,19,15,19,10,12,9,-1,-1,5,8,-1,-1,-1,-1,-1,5,-1,-1,-1,-1,-1,-1,-1,-1,-1,-1,-1,-1,-1,-1,0,15,SD,40,,-1,,-1,,-1,,-1,True,"[""Sunlight Sensitivity""]",,,,,,True,"[""Multiattack""]",False,False,"[""poisoned""]","B, N,R","[""charisma"",""constitution""]",-1,0,,,,False,"[{""cond"":true,""note"":""from nonmagical attacks that aren't silvered"",""resist"":[""bludgeoning"",""piercing"",""slashing""]}]",,"[""necrotic"",""poison""]","[""exhaustion"",""poisoned""]","[""languages it knew in life""]",LF,,,"CUR, HPR, MW",GHLoE,False,,,-1,,,,-1,0,0,0,0,0,0,0,0,1,0,0,0,0,0,0,0,1,1,0,0,1,1,1,1,1,0,1,1,1,1,1,1,1,1,1,1,1,1,1,1,0,0,0,0,1,1,1,1,0,0,0,1,0,1,0,0,1,0,0,1,1,1,1,1
2821,2821,Flame Dragon Wyrmling,0,0,8,17,52,8d8 + 16,C E,dragon,,,M,12,14,15,13,12,16,5,-1,3,4,4,-1,-1,-1,-1,5,-1,4,-1,-1,-1,-1,5,-1,-1,-1,5,-1,-1,-1,0,15,"B, D",30,,-1,,30,,60,,-1,True,,,,,,,True,"[""Breath Weapon""]",False,False,,"F,P","[""dexterity""]",-1,0,,,,False,,,"[""fire""]",,"[""Common"",""Draconic"",""Ignan""]","C,DR,IG",,"mountain, underdark","AOE, MW",ToB1-2023,False,,,-1,,,,-1,0,0,0,0,0,0,0,0,1,0,0,0,0,0,0,0,0,1,0,0,0,1,1,1,1,0,1,0,1,1,1,1,0,1,1,1,0,1,1,1,0,0,0,0,1,0,0,1,1,0,0,1,0,1,0,0,0,0,0,1,1,1,1,1
1807,1807,Typhon,0,0,21,17,195,17d12 + 85,C E,monstrosity,,,H,24,10,20,7,12,13,-1,-1,-1,10,-1,-1,-1,-1,-1,-1,-1,-1,-1,-1,-1,-1,-1,-1,-1,-1,-1,-1,-1,-1,0,11,D,40,,-1,,-1,,-1,,-1,True,"[""Keen Senses"",""Regeneration""]",,,,,,True,"[""Multiattack""]",False,False,"[""grappled"",""restrained""]","A, B, P",,-1,0,,,,False,,,"[""acid"",""necrotic""]",,"[""Common""]",C,,,"MW, RCH",MOT,False,,,-1,,,,-1,0,0,0,0,0,0,0,0,1,0,0,0,0,0,0,0,1,1,1,0,1,1,1,1,1,1,1,1,1,1,1,1,1,1,1,1,1,1,1,1,0,0,0,0,1,1,1,1,0,0,1,1,0,1,0,0,1,0,0,1,1,1,1,1
1894,1894,Gray Render,0,0,18,19,189,18d10 + 90,C N,monstrosity,,,L,19,13,20,3,6,8,-1,-1,-1,9,-1,8,-1,-1,-1,2,-1,-1,-1,-1,-1,-1,-1,-1,-1,-1,-1,-1,-1,-1,0,12,D,30,,-1,,-1,,-1,,-1,False,,,,,,,True,"[""Multiattack""]",False,True,"[""prone""]","B, P,S","[""strength""]",-1,0,,,,False,,,,,,,,"forest, hill","MW, RCH",MTF,False,,,-1,,,True,-1,0,0,0,0,0,0,0,0,1,0,0,0,0,0,0,0,1,1,1,0,1,0,1,1,1,0,1,1,1,1,1,1,1,1,1,1,1,1,1,1,0,0,0,0,1,1,1,1,0,0,0,1,0,1,1,1,0,0,0,1,1,1,0,1
3139,3139,Pollenella the Honeybee,0,0,6,13,1,1d4 - 1,U,beast,,,T,1,16,8,1,10,1,-1,-1,-1,-1,-1,-1,-1,-1,-1,-1,-1,-1,-1,-1,-1,-1,-1,-1,-1,-1,-1,-1,-1,-1,0,10,,5,,-1,,-1,,30,,-1,False,,,,,,,True,,False,False,,P,,-1,0,,,,False,,,,,,,,,MW,WBtW,False,,,-1,,,,-1,0,0,0,0,0,0,0,0,1,0,0,0,0,0,0,0,1,1,1,1,1,1,1,1,1,1,1,1,1,1,1,1,1,1,1,1,1,1,1,1,0,0,1,0,1,1,0,1,1,0,1,1,0,1,1,1,1,0,0,1,1,1,1,1
1065,1065,Biomancer,0,0,16,17,110,17d8 + 34,N G,humanoid,any,,M,10,15,14,20,14,15,-1,9,6,-1,-1,-1,9,-1,-1,-1,-1,-1,-1,-1,-1,-1,-1,-1,-1,9,-1,-1,-1,-1,0,12,,30,,-1,,-1,,-1,,-1,True,"[""Magic Resistance""]",Int,"A, B, C, F, I, L, P, S",CW,,"[""constitution"",""dexterity"",""wisdom""]",True,,False,False,,S,,-1,0,,,,False,,,,,"[""Common plus any one language""]","C,X",scimitar,,"MLW,MW",GGR,False,,,-1,,,,-1,0,0,0,0,0,0,0,0,1,0,0,0,0,0,0,0,1,0,0,1,1,1,0,1,1,1,1,1,1,1,1,1,1,1,1,0,1,1,1,1,0,0,1,0,1,1,1,1,1,0,1,1,0,1,0,0,1,0,0,1,1,1,1,1
1844,1844,Barachiel,0,0,19,18,136,16d8 + 64,L G,celestial,,,M,18,12,18,11,14,20,-1,-1,7,9,-1,-1,-1,-1,-1,-1,-1,-1,-1,-1,-1,-1,-1,-1,-1,-1,-1,-1,-1,-1,0,12,,30,,-1,,-1,,50,,-1,False,,,,,,,True,"[""Multiattack"",""Parry""]",False,True,"[""stunned""]","F,R,S","[""charisma""]",-1,0,,,,False,"[""necrotic"",""poison""]",,,"[""exhaustion"",""frightened"",""poisoned""]","[""Celestial"",""Common"",""Infernal""]","C,CE,I",greatsword,,"MLW,MW",CoA,False,,,-1,,,,-1,0,0,0,0,0,0,0,0,1,0,0,0,0,0,0,0,1,1,0,0,1,1,1,1,1,1,1,1,1,1,1,1,1,1,1,1,1,1,1,1,0,0,1,0,1,1,0,1,0,0,0,1,0,1,0,0,1,0,0,1,1,1,1,1
1896,1896,Ironscale Hydra,0,0,18,17,181,11d20 + 66,U,monstrosity,,,G,22,10,22,2,10,7,-1,-1,-1,-1,-1,-1,-1,-1,-1,8,-1,-1,-1,-1,-1,-1,-1,-1,-1,-1,-1,-1,-1,-1,0,18,D,40,,-1,,-1,,-1,,40,True,"[""Hold Breath""]",,,,,,True,"[""Multiattack""]",False,False,,"A, P",,-1,0,,,,False,,,"[""acid""]",,,,,,"MW, RCH",MOT,False,,,-1,,,,-1,0,0,0,0,0,0,0,0,1,0,0,0,0,0,0,0,1,1,1,1,1,1,1,1,1,0,1,1,1,1,1,1,1,1,1,1,1,1,1,1,0,0,0,0,1,1,1,0,1,0,1,1,0,1,1,1,1,0,0,1,1,1,1,1
1613,1613,Cockatrice,0,0,5,11,27,6d6 + 6,U,monstrosity,,,S,6,12,12,2,13,5,-1,-1,-1,-1,-1,-1,-1,-1,-1,-1,-1,-1,-1,-1,-1,-1,-1,-1,-1,-1,-1,-1,-1,-1,0,11,D,20,,-1,,-1,,40,,-1,False,,,,,,,True,,False,False,"[""petrified"",""restrained""]",P,"[""constitution""]",-1,0,,,,False,,,,,,,,grassland,MW,MM,False,,,-1,,,True,-1,0,0,0,0,0,0,0,0,1,0,0,0,0,0,0,0,1,1,1,1,1,1,1,1,1,1,1,1,1,1,1,1,1,1,1,1,1,1,1,1,0,0,0,0,1,1,0,1,0,0,0,1,0,1,1,1,0,0,0,1,1,1,0,1
1122,1122,Witherbloom Professor of Decay,0,0,13,14,105,14d8 + 42,A,humanoid,druid,,S M,11,14,16,16,19,13,4,6,7,6,-1,-1,6,-1,-1,-1,-1,-1,-1,-1,-1,-1,-1,-1,7,6,-1,-1,-1,7,0,14,,30,,-1,,-1,,-1,,-1,True,,Wis,,O,"[""blinded"",""incapacitated""]","[""charisma""]",True,"[""Multiattack""]",False,False,,N,"[""constitution""]",-1,0,,,,False,"[""necrotic""]",,,,"[""Common plus any four languages""]","C,X",,,"AOE, HPR",SCC,False,,,-1,,,,-1,0,0,0,0,0,0,0,0,1,0,0,0,0,0,0,0,0,0,0,0,1,1,0,1,1,1,1,1,1,1,1,1,1,1,0,0,1,1,1,0,0,0,1,0,1,1,1,1,1,0,0,1,0,1,0,0,1,0,0,1,1,1,1,1
1341,1341,Yalah Gralhund,0,0,3,15,9,2d8,L E,humanoid,Human,,M,11,12,11,12,16,16,-1,-1,-1,-1,-1,-1,-1,-1,5,-1,-1,-1,-1,-1,-1,-1,5,-1,-1,-1,5,-1,-1,-1,0,13,,30,,-1,,-1,,-1,,-1,False,,,,,,,True,"[""Parry""]",False,True,,P,,-1,0,,,,False,,,,,"[""Common"",""Infernal""]","C,I",rapier,,"MLW,MW",WDH,False,,,-1,,,,-1,0,0,0,0,0,0,0,0,1,0,0,0,0,0,0,0,1,1,1,1,1,1,1,1,0,1,1,1,1,1,1,1,0,1,1,1,0,1,1,1,0,0,1,0,1,1,1,1,1,0,1,1,0,1,0,0,1,0,0,1,1,1,1,1
212,212,Drow Arachnomancer,0,0,19,15,162,25d8 + 50,C E,humanoid,Elf,,M,11,17,14,19,14,16,8,9,-1,7,-1,-1,9,-1,-1,7,-1,8,-1,-1,-1,-1,-1,-1,-1,9,-1,-1,-1,-1,0,17,"B, SD",30,,-1,,30,,-1,,-1,True,"[""Fey Ancestry"",""Spider Climb"",""Sunlight Sensitivity"",""Web Walker""]",Int,"O,P",O,"[""invisible""]","[""constitution"",""dexterity""]",True,"[""Multiattack"",""Shapechanger""]",True,False,"[""paralyzed"",""poisoned"",""restrained""]","I,P","[""constitution""]",-1,0,,,,False,"[""poison""]",,,,"[""Elvish"",""Undercommon"",""can speak with spiders""]","E,U",,underdark,"MW, RW",MPMM,False,,,-1,,,,-1,0,0,0,0,0,0,0,0,1,0,0,0,0,0,0,0,0,0,1,0,1,1,0,1,1,0,1,0,1,1,1,1,1,1,1,0,1,1,1,1,0,0,0,0,1,0,1,1,0,0,0,1,0,1,0,0,0,0,0,1,1,1,1,1
3061,3061,Tabaxi Hunter,0,1,7,14,40,9d8,C G,humanoid,tabaxi,,M,10,17,11,13,14,15,-1,-1,-1,-1,-1,-1,-1,-1,-1,4,-1,5,-1,-1,-1,2,-1,-1,-1,-1,-1,-1,-1,6,0,14,D,30,,-1,,20,,-1,,-1,True,,,,,,,True,"[""Multiattack""]",False,False,,"P,S",,-1,0,,,,False,,,,,"[""Common plus any one language""]","C,X","shortbow, shortsword",,"MLW,MW, RNG, RW",ToA,False,,,-1,,,,-1,0,0,0,0,0,0,0,0,1,0,0,0,0,0,0,0,1,1,1,1,1,1,1,1,1,0,1,0,1,1,1,0,1,1,1,1,1,1,1,0,0,0,0,0,1,0,1,1,1,0,1,1,0,1,0,0,1,0,0,1,1,1,1,1
2142,2142,Woe Strider,0,0,13,17,110,13d10 + 39,C E,aberration,,,L,18,15,16,8,14,14,-1,-1,-1,-1,-1,-1,-1,-1,-1,5,-1,-1,-1,-1,-1,-1,-1,5,-1,-1,-1,-1,-1,-1,0,15,SD,40,,-1,,40,,-1,,-1,True,,,,,,,True,"[""Multiattack""]",False,False,"[""grappled""]","P,S,Y",,-1,0,,,,False,,,,"[""frightened""]","[""telepathy 120 ft.""]",TP,,,"AOE, MW, RCH",MOT,False,,,-1,,,,-1,0,0,0,0,0,0,0,0,1,0,0,0,0,0,0,0,1,1,1,1,1,1,1,1,1,0,1,1,1,1,1,1,1,0,1,1,1,1,1,1,0,0,0,0,1,0,1,1,0,0,1,1,0,1,0,0,1,0,0,1,1,1,1,1
1699,1699,Master Adranach,0,1,27,19,290,20d20 + 80,,construct,,,G,25,16,19,10,14,11,-1,-1,9,-1,10,14,-1,-1,-1,16,-1,-1,-1,-1,-1,14,-1,-1,-1,-1,-1,-1,-1,-1,0,26,SD,60,,-1,,-1,,120,,-1,True,"[""Immutable Form"",""Legendary Resistances"",""Magic Resistance"",""Magic Weapons""]",,,,,,True,"[""Multiattack""]",False,False,"[""blinded""]","B, O,R,S",,-1,0,,,,False,"[{""special"":""damage from spells""}]",,"[""poison"",{""cond"":true,""immune"":[""bludgeoning"",""piercing"",""slashing""],""note"":""from non-magical attacks""}]","[""charmed"",""exhaustion"",""frightened"",""paralyzed"",""petrified"",""poisoned""]","[""the languages spoken by its creator""]",,,,"AOE, MW, RCH",TDCSR,False,"[""Adranachs""]",,-1,,True,,-1,0,0,0,0,0,0,1,0,1,0,0,0,0,0,0,0,1,1,0,1,0,0,1,1,1,0,1,1,1,1,1,0,1,1,1,1,1,1,1,1,0,0,0,0,1,1,0,1,0,0,1,1,0,1,0,1,1,0,0,1,1,0,1,1
184,184,Degloth,0,1,17,18,133,14d10 + 56,C E,fiend,demon,,L,23,17,18,6,11,9,-1,-1,-1,8,-1,10,-1,-1,-1,4,-1,-1,-1,-1,-1,10,-1,-1,-1,-1,-1,-1,-1,-1,0,14,SD,40,,-1,,40,,-1,,-1,True,"[""Magic Resistance""]",,,,,,True,"[""Multiattack""]",True,False,,"B, S","[""strength""]",-1,0,,,,False,"[""cold"",""fire"",""lightning"",{""cond"":true,""note"":""from nonmagical attacks"",""resist"":[""bludgeoning"",""piercing"",""slashing""]}]",,"[""poison""]","[""charmed"",""exhaustion"",""frightened"",""poisoned""]","[""Abyssal"",""telepathy 120 ft.""]","AB,TP",,,"MW, RCH",VEoR,False,,,-1,,,,-1,0,0,0,0,0,0,0,0,1,0,0,0,0,0,0,0,1,1,1,0,1,0,1,1,1,0,1,1,1,1,1,0,1,1,1,1,1,1,1,1,0,0,0,0,1,0,1,1,1,0,0,1,0,1,0,0,1,0,0,1,1,1,1,1
3119,3119,Crab,0,0,6,11,2,1d4,U,beast,,,T,2,11,10,1,8,2,-1,-1,-1,-1,-1,-1,-1,-1,-1,-1,-1,2,-1,-1,-1,-1,-1,-1,-1,-1,-1,-1,-1,-1,0,9,B,20,,-1,,-1,,-1,,20,True,"[""Amphibious""]",,,,,,True,,False,False,,B,,-1,0,,,,False,,,,,,,,coastal,MW,MM,True,,True,1,"wizard, warlock",,True,-1,0,0,0,0,0,0,0,0,1,0,0,0,0,0,0,0,1,1,1,1,1,1,1,1,1,1,1,0,1,1,1,1,1,1,1,1,1,1,1,1,0,0,0,0,1,1,1,0,1,0,1,1,0,1,1,1,0,0,0,0,0,1,0,1
2517,2517,Ogre Battering Ram,0,0,10,11,76,9d10 + 27,C E,giant,,,L,19,8,16,5,7,7,-1,-1,-1,-1,-1,-1,-1,-1,-1,-1,-1,-1,-1,-1,-1,-1,-1,-1,-1,-1,-1,-1,-1,-1,0,8,D,40,,-1,,-1,,-1,,-1,True,"[""Siege Monster""]",,,,,,True,"[""Multiattack""]",False,True,,B,,-1,0,,,,False,,,,,"[""Common"",""Giant""]","C,GI",,"grassland, hill, mountain",MW,MPMM,False,,,-1,,,,-1,0,0,0,0,0,0,0,0,1,0,0,0,0,0,0,0,1,1,1,1,1,1,1,1,1,1,1,1,1,1,1,1,1,1,1,1,1,1,1,1,0,0,0,0,1,1,1,1,1,0,1,1,0,1,0,0,0,0,0,1,1,1,1,1
612,612,Pari,0,1,19,16,180,19d8 + 95,L G,celestial,,,M,20,20,20,20,22,22,11,-1,11,10,-1,-1,-1,-1,16,11,-1,-1,-1,-1,-1,-1,-1,-1,-1,-1,-1,-1,-1,-1,0,21,U,30,,-1,,-1,,90,,-1,True,"[""Magic Resistance"",""Unusual Nature""]",Cha,,O,,"[""charisma""]",True,"[""Multiattack""]",False,False,,"B, R,Y","[""wisdom""]",-1,0,,,,False,"[""fire"",""radiant"",{""cond"":true,""note"":""from nonmagical attacks"",""resist"":[""bludgeoning"",""piercing"",""slashing""]}]",,,"[""charmed"",""exhaustion"",""frightened""]","[""all"",""telepathy 120 ft.""]","TP,XX",mace,,"MLW,MW",JttRC,False,,,-1,,,,-1,0,0,0,0,0,0,0,0,1,0,0,0,0,0,0,0,0,1,0,0,1,1,1,1,0,0,1,1,1,1,1,1,1,1,1,1,1,1,1,1,0,0,0,0,1,1,0,1,1,0,0,1,0,1,0,0,1,0,0,1,1,1,1,1
734,734,Inquisitor of the Mind Fire,0,0,14,16,77,14d8 + 14,,humanoid,,,M,10,14,12,17,16,19,7,6,6,-1,-1,-1,-1,-1,6,6,-1,-1,-1,-1,-1,-1,-1,-1,-1,-1,-1,-1,-1,-1,0,16,U,30,,-1,,-1,,-1,,-1,False,,Cha,,"I,P","[""charmed"",""incapacitated""]","[""charisma"",""wisdom""]",True,"[""Multiattack""]",False,False,"[""charmed"",""stunned""]","O,S,Y","[""intelligence"",""wisdom""]",-1,0,,,,False,,,,"[""charmed"",""frightened""]","[""any three languages"",""telepathy 120 ft.""]","TP,X",,,"MLW,MW",VRGR,False,,,-1,,,,-1,0,0,0,0,0,0,1,0,1,0,0,0,0,0,0,0,0,0,0,1,1,1,1,1,0,0,1,1,1,1,1,1,1,1,1,1,1,1,1,1,0,0,0,0,1,1,1,1,0,0,0,1,0,1,0,0,1,0,0,1,1,1,1,1
2893,2893,Selenelion Twin,0,0,8,14,33,6d8 + 6,C G,humanoid,Elf,,M,7,18,13,12,10,17,5,-1,-1,-1,6,-1,-1,-1,-1,-1,-1,6,-1,8,-1,-1,-1,-1,-1,-1,-1,-1,6,-1,0,10,D,30,,-1,,-1,,-1,,-1,True,"[""Fey Ancestry"",""Regeneration""]",,,,,,True,,False,False,"[""blinded""]","P,R","[""wisdom""]",-1,0,,,,False,,,,,"[""Common"",""Elvish""]",C E,dagger,,"MLW,MW, RW, THW",WBtW,False,,,-1,,,,-1,0,0,0,0,0,0,0,0,1,0,0,0,0,0,0,0,0,1,1,1,0,1,1,1,1,1,1,0,1,0,1,1,1,1,1,1,1,1,0,1,0,0,0,0,1,1,1,1,0,0,0,1,0,1,0,0,1,0,0,1,1,1,1,1
171,171,Otherworldly Corrupter,0,0,23,19,217,29d8 + 87,C E,aberration,,,S M,12,22,16,22,18,20,-1,12,-1,-1,12,-1,-1,-1,-1,10,-1,18,-1,-1,-1,-1,-1,-1,-1,-1,-1,-1,-1,-1,0,20,B,40,,-1,,40,,-1,,-1,True,"[""Legendary Resistances"",""Spider Climb""]",,,,,,True,"[""Multiattack"",""Shapechanger""]",True,True,"[""paralyzed"",""stunned""]","P,Y","[""constitution"",""intelligence"",""wisdom""]",-1,0,,"[""constitution"",""dexterity"",""strength""]",,False,"[""psychic""]",,,"[""charmed"",""frightened""]","[""Common"",""telepathy 120 ft."",""Thieves' cant""]","C,TC,TP",,,"MW, RW",BMT,False,,,-1,,,,-1,0,0,0,0,0,0,0,0,1,0,0,0,0,0,0,0,1,0,1,1,0,1,1,1,1,0,1,0,1,1,1,1,1,1,1,1,1,1,1,1,0,0,0,0,1,0,1,1,0,0,0,1,0,1,0,0,1,0,0,1,1,1,1,1
1102,1102,Barovian Witch,0,1,5,10,16,3d8 + 3,C E,humanoid,Human,,M,7,11,13,14,11,12,-1,-1,-1,-1,-1,-1,4,-1,-1,2,-1,-1,-1,-1,-1,-1,-1,-1,-1,-1,-1,-1,-1,-1,0,12,D,30,,-1,,-1,,-1,,-1,False,,Int,"B, C,I,P,S",CW,,"[""constitution"",""wisdom""]",True,,False,False,,"P,S",,-1,0,,,,False,,,,,"[""Common""]",C,dagger,,"MLW,MW, RW, THW",CoS,False,,,-1,,,,-1,0,0,0,0,0,0,0,0,1,0,0,0,0,0,0,0,1,1,1,1,1,1,0,1,1,0,1,1,1,1,1,1,1,1,1,1,1,1,1,1,0,0,0,0,1,1,1,1,1,0,1,1,0,1,0,0,1,0,0,1,1,1,1,1
2661,2661,Astral Elf Warrior,0,0,9,16,58,13d8,A,humanoid,,,M,12,15,10,16,16,15,-1,-1,5,-1,4,-1,-1,-1,-1,-1,-1,-1,-1,-1,-1,-1,-1,4,-1,-1,-1,-1,-1,5,0,13,D,30,,-1,,-1,,-1,,-1,True,"[""Fey Ancestry"",""Unusual Nature""]",,,,,,True,"[""Multiattack""]",False,False,,"P,R,S",,-1,0,,,,False,,,,,"[""Celestial"",""Common"",""Elvish""]","C,CE,E","longbow, longsword",,"MLW,MW, RNG, RW",BAM,False,,,-1,,,,-1,0,0,0,0,0,0,0,0,1,0,0,0,0,0,0,0,1,1,0,1,0,1,1,1,1,1,1,1,1,1,1,1,1,0,1,1,1,1,1,0,0,0,0,0,1,1,1,1,1,0,1,1,0,1,0,0,1,0,0,1,1,1,1,1
736,736,Arrant Quill,0,0,17,14,135,18d8 + 54,N E,humanoid,Human,,M,10,18,16,16,15,20,9,7,6,-1,-1,-1,11,7,-1,-1,13,-1,-1,-1,-1,-1,9,-1,-1,-1,-1,-1,-1,-1,0,12,,30,,-1,,-1,,-1,,-1,False,,Cha,,O,,"[""dexterity"",""wisdom""]",True,"[""Multiattack""]",False,False,,"P,Y","[""wisdom""]",-1,0,,,,False,,,,,"[""Common"",""Draconic"",""Elvish"",""Undercommon""]","C,DR,E,U",dagger,,"MLW,MW, RW, THW",CM,False,,,-1,,,,-1,0,0,0,0,0,0,0,0,1,0,0,0,0,0,0,0,0,0,0,1,1,1,0,0,1,1,0,1,1,1,1,1,0,1,1,1,1,1,1,1,0,0,1,0,1,1,1,1,1,0,0,1,0,1,0,0,1,0,0,1,1,1,1,1
1993,1993,Aerosaur,0,0,16,14,155,10d20 + 50,U,monstrosity,dinosaur,,G,26,10,21,3,10,5,-1,-1,-1,-1,-1,-1,-1,-1,-1,4,-1,-1,-1,-1,-1,-1,-1,-1,-1,-1,-1,-1,-1,-1,0,14,,20,,-1,,-1,,120,,-1,True,"[""Magic Resistance""]",,,,,,True,"[""Multiattack""]",False,False,"[""prone""]","P,S,T","[""strength""]",-1,0,,,,False,,,,,,,,,"AOE, MW, RCH",BGG,False,"[""Dinosaurs""]",,-1,,,,-1,0,0,0,0,0,0,0,0,1,0,0,0,0,0,0,0,1,1,1,1,1,1,1,1,1,0,1,1,1,1,1,1,1,1,1,1,1,1,1,1,0,0,1,0,1,1,0,1,0,0,0,1,0,1,1,1,1,0,0,1,1,1,1,1
2241,2241,Malphas,0,0,12,16,135,18d8 + 54,N E,fey,,,M,19,19,16,14,13,18,-1,-1,4,6,7,-1,-1,-1,-1,4,-1,-1,-1,-1,-1,-1,-1,-1,-1,-1,-1,-1,-1,-1,0,14,D,40,,-1,,-1,,30,,-1,True,"[""Sunlight Sensitivity""]",,,,,,True,"[""Multiattack""]",False,True,"[""blinded""]","N,S","[""constitution""]",-1,0,,,,False,,,,,"[""Common"",""Ravenfolk"",""Sylvan""]","C,S",longsword,"planar, urban","MLW,MW",ToB1-2023,False,,,-1,,,,-1,0,0,0,0,0,0,0,0,1,0,0,0,0,0,0,0,1,1,0,0,0,1,1,1,1,0,1,1,1,1,1,1,1,1,1,1,1,1,1,1,0,0,0,0,1,1,0,1,0,0,0,1,0,1,0,0,0,0,0,1,1,1,1,1
204,204,Ancient Sapphire Dragon,0,0,28,20,370,20d20 + 160,L N,dragon,gem,,G,27,14,27,21,19,20,12,-1,11,15,9,-1,-1,12,-1,18,-1,9,-1,-1,-1,-1,-1,-1,-1,-1,19,-1,-1,-1,0,28,"B, SD",40,,40,,40,,80,,-1,True,"[""Legendary Resistances"",""Spider Climb"",""Tunneler""]",Int,"B, Y",P,"[""paralyzed"",""prone"",""restrained""]","[""wisdom""]",True,"[""Breath Weapon"",""Multiattack"",""Shapechanger""]",True,False,"[""incapacitated""]","B, P,S,T","[""constitution"",""dexterity""]",-1,0,T,"[""constitution"",""wisdom""]","[""charmed"",""stunned""]",False,"[""lightning"",""thunder""]",,,"[""frightened""]","[""Common"",""Draconic"",""telepathy 120 ft.""]","C,DR,TP",,,"AOE, MW, RCH",FTD,False,"[""Gem Dragon""]",,-1,,True,,-1,0,0,0,0,0,0,0,0,1,0,0,0,0,0,0,0,0,1,0,0,0,1,1,0,1,0,1,0,1,1,1,1,1,1,1,1,0,1,1,1,0,0,0,0,0,0,0,1,0,0,0,1,0,1,0,0,1,0,0,1,1,0,1,1
